X1,X2,Y1,Y2,ProbabilityWeight,ProbabilityWeight-X2,prefix,PointProbability,ProbabilityWeight-X1
1156.64997727,0.775275684737,900.222603129,812.368448985,1.0,1.0,1,0.000163273424555,1.0
949.121133823,2.04977923095,1948.98878776,671.559020984,1.0,1.0,2,0.000116780345432,1.0
2564.95763481,2.48514897737,6377.80184317,1804.16836579,1.0,1.0,3,1.55133394152e-05,1.0
1178.60193827,1.27730892198,1508.93877121,829.491938013,1.0,1.0,4,0.00017339895924,1.0
615.137177409,-0.0726916045279,-41.2153084306,430.341603571,1.0,1.0,5,8.15962048701e-06,1.0
11.3111201909,1.36052168778,18.8890243328,12.6796100409,1.0,1.0,6,0.000455606051751,1.0
1577.43036964,1.26609803985,2000.681499,1108.63260189,1.0,1.0,7,0.000123359272895,1.0
1370.68873311,1.80817591558,2481.94635496,965.810728879,1.0,1.0,8,0.000101501835283,1.0
636.801537124,1.29711127623,829.502454527,450.300965454,1.0,1.0,9,0.000274623157382,1.0
1418.34512836,1.65061572559,2344.64277319,998.618744893,1.0,1.0,10,0.000110253166374,1.0
711.924567917,0.702423176658,503.572316537,500.80567866,1.0,1.0,11,0.000220397904219,1.0
3124.65421611,2.47280898198,7730.17301119,2195.91278272,1.0,1.0,12,9.76153437925e-06,1.0
4161.58881777,1.37322719147,5718.30692428,2917.91846761,1.0,1.0,13,1.22204039408e-05,1.0
2896.63182934,0.79762138146,2313.9154813,2030.43395537,1.0,1.0,14,3.68498476975e-05,1.0
2111.1227392,1.27261516138,2690.14680544,1482.24007051,1.0,1.0,15,7.72481469573e-05,1.0
856.73842285,1.12541372473,967.685179581,603.655844031,1.0,1.0,16,0.000249664159854,1.0
623.138390069,0.594215992336,373.778796817,438.276629021,1.0,1.0,17,0.000205989575431,1.0
673.981321629,1.8561705075,1254.52425182,478.283521916,1.0,1.0,18,0.000178592948784,1.0
1293.64995497,1.30515473944,1691.9133699,910.123010065,1.0,1.0,19,0.000154347581872,1.0
1006.06913362,1.68857615087,1702.32434516,710.158410064,1.0,1.0,20,0.000153380905905,1.0
101.642530348,1.11875491806,117.21308071,75.0654134565,1.0,1.0,21,0.00048327987347,1.0
2786.31236855,2.40990199539,6718.23973677,1958.85331497,1.0,1.0,22,1.46660117837e-05,1.0
412.194448071,1.58179750868,655.508151051,294.07240493,1.0,1.0,23,0.000278069796548,1.0
921.357970742,0.582778987106,540.448064951,646.990305974,1.0,1.0,24,0.000156297712693,1.0
478.635182683,1.39346202313,670.459950004,339.921744959,1.0,1.0,25,0.000297305440646,1.0
486.479555355,1.67791764036,819.772627607,346.40840049,1.0,1.0,26,0.000243000117228,1.0
2174.32049436,0.966895505501,2105.84071351,1525.40848032,1.0,1.0,27,8.21069204104e-05,1.0
4138.62534201,0.335798824841,1393.2455263,2898.21303529,1.0,1.0,28,6.07237319807e-06,1.0
630.208973624,0.647817637782,411.760488602,443.413643269,1.0,1.0,29,0.000220533621864,1.0
707.55060127,1.68311857675,1194.39156099,501.176335908,1.0,1.0,30,0.000199694452379,1.0
494.471908937,0.928445086346,462.590014188,349.379894058,1.0,1.0,31,0.000341308096049,1.0
99.8673265941,2.6226418267,265.416227846,79.0863750093,1.0,1.0,32,9.70907438959e-05,1.0
1654.40710892,2.18887069784,3624.783243,1165.74602368,1.0,1.0,33,5.39700419163e-05,1.0
1513.35813586,0.93020062497,1411.22668378,1062.60639729,1.0,1.0,34,0.000140901362313,1.0
5843.71704105,1.32359361485,7738.20656252,4095.23450639,1.0,1.0,35,2.91453334746e-06,1.0
1459.65423692,0.140121780982,208.029351296,1022.24839208,1.0,1.0,36,3.44124993374e-05,1.0
288.411188645,1.62429712761,471.965465288,207.572871998,1.0,1.0,37,0.000300406977344,1.0
2037.47007165,1.48956613721,3038.44642431,1431.44253164,1.0,1.0,38,7.20160545289e-05,1.0
692.241661352,2.05349534322,1425.01502797,491.756396648,1.0,1.0,39,0.000145454229964,1.0
4523.03318896,1.08351673347,4904.28214628,3169.91554084,1.0,1.0,40,1.05122800283e-05,1.0
2951.48396886,1.2099018239,3574.50583713,2070.27343459,1.0,1.0,41,3.853513847e-05,1.0
4352.567212,1.33190386151,5800.70107715,3051.45871192,1.0,1.0,42,1.06125850419e-05,1.0
1296.58214429,2.08773877697,2710.42482016,914.914586722,1.0,1.0,43,8.28669022615e-05,1.0
109.946799006,0.811550422537,92.7273711896,79.8031857828,1.0,1.0,44,0.000422701399143,1.0
939.196010916,1.23881957422,1166.99440235,661.773076151,1.0,1.0,45,0.000218322832711,1.0
957.533999598,0.817278834033,786.072270738,673.134275638,1.0,1.0,46,0.000203472272052,1.0
230.524544062,1.17853813461,275.181966141,165.492064315,1.0,1.0,47,0.000418289655483,1.0
152.835423609,0.607974878899,96.4200981598,109.112708602,1.0,1.0,48,0.00031627579903,1.0
1296.40382316,1.46946749562,1908.52327933,912.625812445,1.0,1.0,49,0.000139050265622,1.0
1247.66513607,1.3372474164,1671.93697974,878.045961208,1.0,1.0,50,0.000157605778722,1.0
177.582793616,0.136776956313,27.7892340044,124.786674878,1.0,1.0,51,0.000103523058662,1.0
272.309340584,0.935953712984,258.3689384,193.892376404,1.0,1.0,52,0.000417106439095,1.0
944.43422591,2.05682021908,1946.03141144,668.302828904,1.0,1.0,53,0.000116388642434,1.0
867.274845763,1.32097565203,1149.14895487,611.715806816,1.0,1.0,54,0.000221578042507,1.0
1406.81939304,1.12719032359,1589.25320687,988.718741259,1.0,1.0,55,0.000154562420699,1.0
154.533622672,0.702357324009,112.037821689,110.631786504,1.0,1.0,56,0.000357910380051,1.0
222.102648483,1.04084072519,234.673481715,159.114796477,1.0,1.0,57,0.000453219808273,1.0
667.00217016,0.941529967772,631.502531775,470.196873999,1.0,1.0,58,0.000297474042133,1.0
1018.42481849,1.38351820637,1412.50927819,717.739686663,1.0,1.0,59,0.000187038328925,1.0
213.79637972,0.406228997837,90.3502890747,151.079267296,1.0,1.0,60,0.000214467691229,1.0
7195.99226035,1.00164674787,7211.34224528,5040.70034586,1.0,1.0,61,1.07133046482e-06,1.0
1093.80355702,2.23239700371,2445.30378334,773.47587943,1.0,1.0,62,8.31793728113e-05,1.0
378.882597801,2.12087506552,807.062654435,272.64088119,1.0,1.0,63,0.000177440436075,1.0
2269.19041091,1.5923076276,3616.74919977,1594.00636433,1.0,1.0,64,5.4863440132e-05,1.0
3775.21729858,1.17657709965,4445.33421973,2646.77012885,1.0,1.0,65,1.91704014733e-05,1.0
6.35747306027,0.584934634028,7.21870617785,6.49750236129,1.0,1.0,66,0.000347569703082,1.0
795.499754979,1.46863157628,1171.79605909,561.990039002,1.0,1.0,67,0.000215113983527,1.0
528.331260746,0.247624743516,134.327892934,370.698569124,1.0,1.0,68,0.000112016726043,1.0
788.806744885,1.50571487281,1191.21804754,557.434723474,1.0,1.0,69,0.000211130652667,1.0
3148.52695064,0.744498403668,2347.57328866,2206.57460986,1.0,1.0,70,2.78462197438e-05,1.0
485.991883478,1.78551503985,871.245817197,346.443621074,1.0,1.0,71,0.000223318331113,1.0
867.640272169,0.498865408343,436.33571867,609.094219448,1.0,1.0,72,0.000143647540542,1.0
179.975054798,0.606546572443,112.663252613,128.105451362,1.0,1.0,73,0.000308272349586,1.0
561.015437861,0.434887611475,247.478663772,394.232913143,1.0,1.0,74,0.000167527253218,1.0
529.144694909,1.06338524456,566.184660802,374.123134792,1.0,1.0,75,0.000342981562818,1.0
659.548592241,0.766316113841,508.922714096,464.366120967,1.0,1.0,76,0.000249040470695,1.0
2502.84871468,2.31708478266,5802.81267008,1760.10389701,1.0,1.0,77,2.17198840908e-05,1.0
2175.30436072,0.0547282816867,122.550669808,1522.90460149,1.0,1.0,79,1.18975034656e-05,1.0
329.580521886,1.57177994497,521.528054552,236.207595128,1.0,1.0,80,0.000300902110728,1.0
4487.35130207,1.06751210345,4793.80182741,3144.88220381,1.0,1.0,81,1.09342898121e-05,1.0
561.032837699,0.76858399148,434.70085775,395.413030359,1.0,1.0,78,0.000272037124145,1.0
957.671582633,2.0149114392,1933.12342684,677.422297881,1.0,1.0,82,0.000120168279651,1.0
178.545797402,2.01917970703,364.016050889,132.049187156,1.0,1.0,83,0.000235660034015,1.0
2049.82350285,1.69078869895,3469.31841347,1440.79421244,1.0,1.0,84,6.17546667969e-05,1.0
271.168254749,0.214149445814,61.5705314769,190.567301385,1.0,1.0,85,0.000126611742107,1.0
750.87968125,-0.0725530714761,-50.9786271836,525.361841125,1.0,1.0,86,7.28750886001e-06,1.0
1690.2771827,1.89525817666,3207.01165133,1189.82743151,1.0,1.0,87,7.12476342325e-05,1.0
1058.13308274,0.281378167111,301.235547382,741.677981505,1.0,1.0,88,7.75085681793e-05,1.0
53.5595340334,0.929011673558,53.2574323474,40.7432146808,1.0,1.0,89,0.000501162353593,1.0
674.13815987,0.99237170707,672.495636511,475.370012884,1.0,1.0,90,0.00031006411923,1.0
4048.67341689,2.04644157693,8288.87361171,2841.23393734,1.0,1.0,91,7.90259071152e-06,1.0
564.20712519,1.49849238123,848.960078531,400.189710967,1.0,1.0,92,0.000257933186358,1.0
622.660117527,1.47297930198,920.665465288,441.017509826,1.0,1.0,93,0.000249309570366,1.0
28.0018340439,0.756721013015,24.689576224,22.2498073763,1.0,1.0,94,0.000426632741442,1.0
2687.74312986,1.69903112395,4570.05923082,1887.36679984,1.0,1.0,95,3.52287973025e-05,1.0
1612.42226945,1.21826034043,1967.8501029,1132.9594998,1.0,1.0,96,0.000122961826015,1.0
1106.61375542,0.502586575501,559.669217738,776.388681808,1.0,1.0,97,0.000117407431202,1.0
2447.288077,1.3922513834,3410.74021078,1717.97453374,1.0,1.0,98,5.3666302938e-05,1.0
784.56630507,1.16916934161,920.790870348,553.288506245,1.0,1.0,99,0.000259637957715,1.0
1343.36293045,1.07669338949,1449.8899869,944.12247818,1.0,1.0,100,0.000167739343609,1.0
2348.47026866,1.12463101027,2644.66249084,1647.8653966,1.0,1.0,102,6.82192921539e-05,1.0
2057.89429822,1.51460311281,3120.39310993,1445.82711965,1.0,1.0,103,6.95749828802e-05,1.0
2113.02478829,1.57628046785,3334.21970185,1484.63433344,1.0,1.0,104,6.35630527656e-05,1.0
58.8361931922,0.823247594319,51.9367545044,44.0667018147,1.0,1.0,101,0.000447592303799,1.0
8.02521307227,0.823260772624,10.1068431144,8.49906185478,1.0,1.0,105,0.00046782888952,1.0
1030.15804826,1.78453727091,1841.85543205,727.356514232,1.0,1.0,106,0.000139209285165,1.0
1224.28215666,0.900680009872,1106.18646495,860.149889696,1.0,1.0,107,0.00017599971987,1.0
420.088825373,1.18154983101,499.855880629,298.19760217,1.0,1.0,108,0.000354106744173,1.0
1058.83814866,2.03804755731,2161.46250247,748.319870513,1.0,1.0,109,0.000107459243496,1.0
1292.72176394,1.61318875133,2088.90420819,910.551395386,1.0,1.0,110,0.000126397311482,1.0
2586.64831212,1.26055339793,3264.10831908,1815.06575538,1.0,1.0,111,5.14326963749e-05,1.0
428.42878376,1.4063801126,606.033721145,304.822479026,1.0,1.0,112,0.000308082050616,1.0
288.405681359,2.22848685786,646.208270641,209.683680954,1.0,1.0,113,0.000168473182796,1.0
2149.1490597,1.1564405147,2488.86304476,1508.45188359,1.0,1.0,114,7.97605980686e-05,1.0
1056.13867918,0.442889272138,471.2524909,740.847187879,1.0,1.0,115,0.000110524537096,1.0
581.935734507,1.41567025761,827.32911118,412.309860056,1.0,1.0,116,0.000267995034825,1.0
144.238571854,0.520001162359,78.5042250211,102.787004366,1.0,1.0,117,0.000279054364375,1.0
89.7566729832,0.973015950081,90.8346744389,66.2352269135,1.0,1.0,118,0.000506393038601,1.0
309.794022844,2.12969247808,663.266000206,224.309739664,1.0,1.0,119,0.00018654297546,1.0
2411.47056383,1.06351501013,2568.13514113,1691.75169722,1.0,1.0,120,6.66854093357e-05,1.0
385.611881693,1.10533863956,429.731712708,273.797002424,1.0,1.0,121,0.000380181543252,1.0
536.388995488,0.66501547684,360.206983606,377.799851011,1.0,1.0,122,0.000244792389287,1.0
2754.40507662,0.727329622653,2006.86040501,1930.62920731,1.0,1.0,123,3.84378863634e-05,1.0
324.151770197,1.73636722868,566.34651089,232.983524438,1.0,1.0,124,0.000267486683711,1.0
825.051076824,0.609684048788,506.520480975,579.669647948,1.0,1.0,125,0.000176654925172,1.0
1821.13273752,1.4007221973,2554.40104967,1279.69544395,1.0,1.0,126,9.20431761145e-05,1.0
601.075234564,1.43322854422,864.978183404,425.7689641,1.0,1.0,127,0.000260648498491,1.0
1225.12764632,1.02235523254,1256.01565974,861.167595737,1.0,1.0,128,0.000191164951002,1.0
799.327768294,1.08132250939,867.831108234,563.314066589,1.0,1.0,129,0.000268623852574,1.0
3844.89321729,2.23656553559,8602.85565782,2699.25323148,1.0,1.0,130,7.55421743045e-06,1.0
15.460986698,1.1700524325,21.5901650948,14.9178742024,1.0,1.0,131,0.000506704177279,1.0
2078.1770494,0.954393700018,1986.89908347,1458.06431253,1.0,1.0,132,8.82240831862e-05,1.0
4549.88683759,1.47575841063,6718.033768,3190.08594075,1.0,1.0,133,8.16769320343e-06,1.0
865.569226152,1.0264461996,891.960242675,609.491020005,1.0,1.0,134,0.000260833363804,1.0
80.625262248,1.74523158673,144.209754364,62.5459941272,1.0,1.0,135,0.000328290256788,1.0
1858.07735064,1.09117628034,2030.98993206,1304.47326243,1.0,1.0,136,0.000106383554699,1.0
147.245508652,0.982376268653,148.150493365,106.510172996,1.0,1.0,137,0.00048589054441,1.0
224.576394613,0.698221458733,160.304057843,159.647251334,1.0,1.0,138,0.000335015712857,1.0
182.476080345,0.627624459511,118.0264513,129.92994185,1.0,1.0,139,0.000316778786157,1.0
83.7345539327,0.554576489304,49.9372149535,60.5552054654,1.0,1.0,140,0.000310539840927,1.0
978.907171025,1.232646404,1210.14640421,689.549282132,1.0,1.0,141,0.000211648132968,1.0
3201.74752411,1.6157250283,5176.64360901,2246.87830448,1.0,1.0,142,2.39686630427e-05,1.0
380.663555401,0.398718074749,155.277439937,267.860002042,1.0,1.0,143,0.000182734902866,1.0
441.561212211,2.26654635323,1004.31895526,317.025760784,1.0,1.0,144,0.000140182054561,1.0
730.544629386,1.87035714649,1369.8793684,517.927490583,1.0,1.0,145,0.000167908434238,1.0
488.002135127,1.40177392795,687.568669804,346.507703336,1.0,1.0,146,0.000293366755585,1.0
3093.05643457,1.47334707549,4560.64565218,2170.29621896,1.0,1.0,147,2.90555556695e-05,1.0
251.832428948,1.62285566793,412.187684685,181.962695101,1.0,1.0,148,0.000310445672275,1.0
2746.42879034,0.316768326088,873.481650637,1923.60884238,1.0,1.0,149,1.94979682691e-05,1.0
83.8042223286,2.25735187887,192.675618731,66.563687206,1.0,1.0,150,0.000193765465749,1.0
16.0123313474,1.83375312349,32.8626626226,17.6267678754,1.0,1.0,151,0.000322773605863,1.0
242.94770832,1.88375318944,461.153520415,176.656531987,1.0,1.0,152,0.000253584877593,1.0
243.673746754,2.09796298932,514.718502159,177.914493191,1.0,1.0,153,0.000204792078357,1.0
610.178511672,0.685573023035,421.821926838,429.524463751,1.0,1.0,154,0.000235740337371,1.0
594.467440987,1.60360211244,956.789244142,421.739816084,1.0,1.0,155,0.00023364442537,1.0
1497.61403697,0.87008184572,1306.54678546,1051.37511234,1.0,1.0,156,0.000134508723374,1.0
135.023261257,1.29741580433,178.681313108,99.0572381952,1.0,1.0,157,0.000424863556912,1.0
407.743233181,0.822278706877,338.778578518,288.298238701,1.0,1.0,158,0.000330063041828,1.0
252.536161488,0.365935322545,95.9119017084,178.05608667,1.0,1.0,159,0.000190854850308,1.0
208.010107874,0.365483750639,79.5243143966,146.886268639,1.0,1.0,160,0.000198200910724,1.0
1041.79940396,0.113564997042,121.81194623,729.657060265,1.0,1.0,161,4.40245997367e-05,1.0
400.981448516,2.08108060806,837.974716699,287.970796089,1.0,1.0,162,0.000181940619376,1.0
688.577652384,1.30859345379,904.568208336,486.584433757,1.0,1.0,163,0.000260757016186,1.0
1366.90600806,1.08159828946,1481.94320018,960.619799657,1.0,1.0,164,0.000163919469908,1.0
890.772838803,1.27653641696,1140.60396797,628.008864621,1.0,1.0,165,0.000222840152054,1.0
330.150251599,1.23878026183,412.483615119,235.440907036,1.0,1.0,166,0.000370875706414,1.0
902.204770736,0.98779235197,894.690972444,635.000612747,1.0,1.0,167,0.000253195072106,1.0
3158.48668911,2.31616500778,7319.07634684,2219.0472599,1.0,1.0,168,1.22947095348e-05,1.0
1099.5324729,1.58014588239,1740.92170961,775.203241621,1.0,1.0,169,0.00015309397997,1.0
143.820108868,2.41923320727,351.434383246,109.141392433,1.0,1.0,170,0.000143819869931,1.0
1159.54976077,0.260257138151,305.281102281,812.595732519,1.0,1.0,171,6.70328353497e-05,1.0
2896.28359902,2.02336906723,5863.7506442,2034.48031105,1.0,1.0,172,2.20580566275e-05,1.0
2020.44363514,2.65503642335,5367.85144262,1423.60317208,1.0,1.0,173,1.66929870674e-05,1.0
3385.50875679,0.601324399714,2039.2890209,2371.96076515,1.0,1.0,174,1.8816812471e-05,1.0
128.407779672,0.894512743001,118.362395217,93.016240371,1.0,1.0,175,0.000453824684195,1.0
1457.8786285,1.63397472968,2385.6368379,1026.2339515,1.0,1.0,176,0.000107839278195,1.0
1300.57203907,0.217750420068,286.700107836,911.162553819,1.0,1.0,177,5.22971240469e-05,1.0
2088.61642681,1.40977438432,2947.97793719,1466.96570912,1.0,1.0,178,7.25206037869e-05,1.0
1176.52632535,0.783760247024,925.614563387,826.311588609,1.0,1.0,179,0.000162029874862,1.0
224.821332851,1.14237821627,260.330993203,161.373256753,1.0,1.0,180,0.00042871553023,1.0
675.271465631,2.48365825657,1680.64355104,481.38282984,1.0,1.0,181,8.05290900156e-05,1.0
3321.48660687,0.458781249298,1527.33577503,2326.64635918,1.0,1.0,182,1.58510785523e-05,1.0
507.086698357,1.03648324869,529.086868479,358.58838022,1.0,1.0,183,0.000354483853945,1.0
149.861920579,1.42229249852,216.647485453,109.88136815,1.0,1.0,184,0.00038865189605,1.0
244.294816311,0.885468738728,219.815422876,174.105512003,1.0,1.0,185,0.000406569032655,1.0
1662.5326237,0.275432443256,461.415422538,1164.73685014,1.0,1.0,186,4.50984547376e-05,1.0
744.463909714,1.00027364865,748.167631258,524.62569457,1.0,1.0,187,0.000293658593385,1.0
343.7271899,-0.0022360054853,2.73142411794,240.601206911,1.0,1.0,188,3.69914395265e-05,1.0
912.591793432,1.22593510675,1122.2783177,643.105028276,1.0,1.0,189,0.000225069603505,1.0
1824.10881101,1.59817306668,2918.74157245,1282.46977344,1.0,1.0,190,8.04706702136e-05,1.0
1033.27055973,2.22101348942,2298.40785137,731.062939022,1.0,1.0,191,8.8977556485e-05,1.0
2778.7751494,1.91977014366,5338.10956776,1951.86180008,1.0,1.0,192,2.70241407562e-05,1.0
330.956774005,1.94959513972,648.731718058,238.493324792,1.0,1.0,193,0.000221037943725,1.0
1264.57323581,1.32293054862,1676.44256462,889.831521984,1.0,1.0,194,0.000156641582427,1.0
2500.65437582,1.00688078956,2521.36085235,1753.98214584,1.0,1.0,195,6.35116051334e-05,1.0
52.3121991779,1.86455313783,101.038875124,43.1444754069,1.0,1.0,196,0.000304480112029,1.0
85.1064850474,1.88201217832,163.671441313,66.1615821573,1.0,1.0,197,0.000291365630268,1.0
456.304901217,1.98849623101,910.860576261,326.373167661,1.0,1.0,198,0.000190860718565,1.0
681.854945522,0.805355934554,552.635926881,480.117207636,1.0,1.0,199,0.000255261161436,1.0
1709.85570823,1.13633723027,1946.47269966,1200.87617607,1.0,1.0,200,0.00011816245517,1.0
1956.97524214,2.59423910979,5080.36171005,1378.96250638,1.0,1.0,201,2.07496920636e-05,1.0
6.53465598159,1.8799672009,15.7849389146,11.1541443903,1.0,1.0,202,0.000312549832117,1.0
344.380383741,1.50032321588,520.181884818,246.317399874,1.0,1.0,203,0.000311914706534,1.0
19.7381502595,0.839475268815,20.069688995,16.7548686225,1.0,1.0,204,0.000471218609753,1.0
82.5715730149,1.77815445503,150.325010415,64.023641703,1.0,1.0,206,0.000319135663279,1.0
237.868680535,1.40061409883,336.662227628,171.41022572,1.0,1.0,205,0.000364951727675,1.0
804.784265674,2.67906368493,2159.56830037,572.725708869,1.0,1.0,207,4.47197938058e-05,1.0
998.527692799,0.882261607866,884.462647747,702.057300587,1.0,1.0,208,0.000210252965879,1.0
456.563605781,0.994779781155,457.680243842,323.076253281,1.0,1.0,209,0.000375504702274,1.0
177.942878632,1.45069154664,261.640229816,129.637435455,1.0,1.0,210,0.000372445034297,1.0
1268.32211505,0.632277251705,805.431221182,890.038450918,1.0,1.0,211,0.000123951676406,1.0
1482.07955525,0.93319381624,1386.56747613,1040.72186703,1.0,1.0,213,0.000145208942072,1.0
489.057181504,1.0670095981,525.328706684,346.074560646,1.0,1.0,214,0.000354489805117,1.0
250.218210034,1.7561560261,442.922217392,181.299293115,1.0,1.0,215,0.000280790213958,1.0
3216.33685699,1.60767401857,5174.32119996,2257.06265896,1.0,1.0,212,2.38040027934e-05,1.0
723.35101298,0.590695708721,430.780339266,508.413144067,1.0,1.0,216,0.000187833663725,1.0
2417.60364765,1.92310828835,4652.81361274,1699.05343236,1.0,1.0,217,3.68868372581e-05,1.0
114.715152443,1.9206589997,223.828689943,87.0229132093,1.0,1.0,218,0.000274140181677,1.0
3149.16597818,1.38235382315,4356.76162967,2209.2544231,1.0,1.0,219,2.93205552534e-05,1.0
451.875526795,0.1957451381,91.9524373965,316.99797674,1.0,1.0,220,0.000101853873882,1.0
1597.47370488,1.68224970994,2690.84967668,1124.1194674,1.0,1.0,221,9.21313184502e-05,1.0
1625.20541306,1.08744173763,1770.81619839,1141.44983522,1.0,1.0,222,0.000130530137792,1.0
1538.46271908,1.4586971005,2247.65110755,1082.02934321,1.0,1.0,223,0.000113438022661,1.0
444.86815511,1.35904718656,608.096814594,316.16437373,1.0,1.0,224,0.000312727705722,1.0
2385.33570776,0.726054277341,1735.38319351,1672.2761854,1.0,1.0,225,5.29099408304e-05,1.0
1034.44772665,1.96550478268,2036.71195416,730.992675394,1.0,1.0,226,0.000118041371976,1.0
31.356775658,1.17380409183,40.306711574,26.058057282,1.0,1.0,227,0.000498720475723,1.0
956.6246004,1.99970412575,1916.46616022,676.63618472,1.0,1.0,228,0.000122134577165,1.0
1525.29158836,2.5383351185,3875.20120469,1076.58828477,1.0,1.0,229,3.43695639022e-05,1.0
3510.09819759,1.2326450808,4330.2052764,2461.38299609,1.0,1.0,230,2.34012561181e-05,1.0
354.362443346,2.23652212639,796.039445306,255.881537785,1.0,1.0,231,0.000157421140792,1.0
1630.72519418,0.75871858637,1240.76151409,1144.16315098,1.0,1.0,232,0.00010604708199,1.0
1423.14206389,2.05671271348,2930.49437588,1003.39793922,1.0,1.0,233,7.67515140646e-05,1.0
811.227095084,1.60993877651,1309.52595693,573.493752277,1.0,1.0,234,0.000192610751217,1.0
104.332488023,2.03467507843,215.782713252,80.1541043908,1.0,1.0,235,0.00024740614737,1.0
45.7837859884,1.41519539944,68.2930032998,37.0018340899,1.0,1.0,236,0.000427399992643,1.0
1150.9510612,0.943926969177,1089.91374687,808.969487229,1.0,1.0,237,0.000195701435932,1.0
27.6358295354,2.01703920566,59.2425516539,26.4047178946,1.0,1.0,238,0.000269309664092,1.0
762.411575482,1.60623429893,1228.11162244,539.309922883,1.0,1.0,239,0.000201502593242,1.0
165.03312191,2.04296056849,340.656160557,122.673547327,1.0,1.0,240,0.000232665453283,1.0
437.665470732,0.156413949703,71.9569849258,306.913278336,1.0,1.0,241,8.94068223564e-05,1.0
52.6946286507,0.283703094613,18.4496292177,37.8792008867,1.0,1.0,242,0.000187016632624,1.0
839.921089703,0.425048431899,360.507142097,589.432432304,1.0,1.0,243,0.000129015426626,1.0
1108.11263697,0.816778828949,908.582941964,778.537571777,1.0,1.0,244,0.000178391590598,1.0
988.36441794,1.05960397175,1050.77486279,695.563706459,1.0,1.0,245,0.00023046664552,1.0
362.112849619,1.25734296078,458.800042477,257.879695096,1.0,1.0,246,0.000356902952654,1.0
1004.44490566,1.59337002436,1603.9524038,708.688229047,1.0,1.0,247,0.000164748618449,1.0
40.2312297268,1.17352984798,50.7125489053,32.2692152767,1.0,1.0,248,0.000494959111333,1.0
776.986926477,0.471966657473,370.21192259,545.542731835,1.0,1.0,249,0.000148453962664,1.0
270.091315842,0.868650767453,238.115028788,192.104198775,1.0,1.0,250,0.000390761546705,1.0
46.0926463423,1.80623466988,86.75413585,38.5866737842,1.0,1.0,251,0.000321855585452,1.0
542.398749903,0.634259163997,347.521377666,381.899032006,1.0,1.0,252,0.000233725642674,1.0
1342.12644808,1.33698009527,1797.89634643,944.167943991,1.0,1.0,253,0.000145194795725,1.0
358.729459072,0.867118706999,314.561024713,254.145536825,1.0,1.0,254,0.000361188303424,1.0
654.561411123,1.90340349436,1249.3944772,464.854900016,1.0,1.0,255,0.000174135541468,1.0
361.593708088,1.13376047635,413.460654727,257.083757329,1.0,1.0,256,0.000382385793804,1.0
2709.86744673,1.57733213549,4277.86100665,1902.42787519,1.0,1.0,257,3.77898409378e-05,1.0
1042.20284071,1.57187444461,1641.71201141,735.043549055,1.0,1.0,258,0.000161860914296,1.0
207.392355388,0.100809823512,24.4071867444,145.527483154,1.0,1.0,259,8.5549895706e-05,1.0
927.12938434,0.75920372114,707.380078569,651.647782062,1.0,1.0,260,0.000195698715788,1.0
202.97126823,1.58890258923,326.00157363,147.641046823,1.0,1.0,261,0.000331913304562,1.0
2504.33042351,2.64440037721,6625.95231658,1762.28669778,1.0,1.0,262,1.1295154129e-05,1.0
4592.1298292,2.11516864873,9716.62904562,3221.89397071,1.0,1.0,263,4.57030495794e-06,1.0
288.533734644,0.67115783562,197.151676847,204.322666675,1.0,1.0,264,0.000306139702187,1.0
451.052037434,1.66310236934,753.645712155,321.557284497,1.0,1.0,265,0.000253414770721,1.0
3546.51542319,1.40608280409,4990.19435097,2487.48208605,1.0,1.0,266,2.04466143975e-05,1.0
125.494155555,0.265852480595,36.8629325545,88.7763925706,1.0,1.0,267,0.000167372706351,1.0
1878.12003346,0.693481197139,1305.94092918,1317.11120762,1.0,1.0,268,7.90150417621e-05,1.0
247.858911962,1.52517802148,381.528964952,178.839361448,1.0,1.0,269,0.000333616168731,1.0
11.3794675962,0.918543213,13.952532728,11.1805285628,1.0,1.0,270,0.000514605891237,1.0
1183.99042804,1.24318797391,1475.42266137,833.14445754,1.0,1.0,271,0.000176006380201,1.0
141.662259505,2.50160239077,357.88264706,107.919190021,1.0,1.0,272,0.000123654059745,1.0
2067.18359077,0.78033337301,1616.59234402,1449.75968035,1.0,1.0,273,7.43678531137e-05,1.0
103.856928148,0.597832091751,65.5890045976,74.7922620248,1.0,1.0,274,0.000325315607799,1.0
1717.22131967,0.967770966523,1665.37693627,1205.44212215,1.0,1.0,275,0.000122305109412,1.0
1264.31688107,1.09808811738,1391.8313437,888.865125156,1.0,1.0,276,0.000177681931089,1.0
97.4039518456,1.9596969278,194.382225187,75.0417055392,1.0,1.0,277,0.000268234540345,1.0
848.970372157,1.77150495169,1507.45521811,600.479527841,1.0,1.0,278,0.00016472489159,1.0
1034.10017193,2.82435955201,2924.17069833,733.755378783,1.0,1.0,279,2.00475643565e-05,1.0
1262.62288067,1.11714306905,1414.03039997,887.746017214,1.0,1.0,280,0.000176161195861,1.0
1811.3503761,1.63604383419,2966.94861437,1273.67141669,1.0,1.0,281,7.91706536439e-05,1.0
1772.33643598,1.70134892513,3018.86269032,1246.59022642,1.0,1.0,282,7.79825038484e-05,1.0
1560.85529757,0.59234838612,928.070116483,1094.67192765,1.0,1.0,283,9.08598300731e-05,1.0
1463.38524322,0.523027999147,768.891455744,1026.20026825,1.0,1.0,284,8.89984648364e-05,1.0
1221.31777379,1.75566634427,2147.72651111,861.067273861,1.0,1.0,285,0.00012068028879,1.0
1227.07793143,1.11764611173,1374.93887885,862.866313395,1.0,1.0,286,0.000181645386699,1.0
12102.2050849,1.24501930819,15070.9790023,8475.901127,1.0,1.0,287,1.31758526596e-08,1.0
161.942717614,1.86075944437,304.836441247,119.872560385,1.0,1.0,288,0.000277705943582,1.0
352.430676587,0.952967683743,339.355045547,250.036860504,1.0,1.0,289,0.00039541108896,1.0
1392.50490783,0.833579994923,1164.264234,977.670965465,1.0,1.0,290,0.000141842913878,1.0
778.753866425,0.992593986373,776.486404678,548.60178545,1.0,1.0,291,0.000283147201803,1.0
1550.09872425,2.08580851532,3236.70911862,1092.36943678,1.0,1.0,292,6.66056882081e-05,1.0
959.977191186,0.194254402314,189.979795509,672.663924239,1.0,1.0,293,6.51333933748e-05,1.0
2793.67025724,0.989538570857,2767.9444738,1959.03256507,1.0,1.0,294,4.89201439921e-05,1.0
1455.19070384,0.818096998274,1193.98714673,1021.49683218,1.0,1.0,295,0.000132086889159,1.0
2156.74580917,1.98611580335,4287.04693541,1516.67347173,1.0,1.0,296,4.35761917459e-05,1.0
7037.65805973,1.49969424112,10557.8352632,4931.60957165,1.0,1.0,297,9.23114052244e-07,1.0
2602.04935574,0.627631663839,1636.62856653,1823.63125984,1.0,1.0,298,3.85973972844e-05,1.0
80.2059084484,1.40760386757,116.398146934,61.0707494504,1.0,1.0,299,0.000416777223645,1.0
439.190739031,0.608340185096,270.677375475,309.562707969,1.0,1.0,300,0.000246657650465,1.0
754.542890151,2.00958328229,1519.81677781,535.213564594,1.0,1.0,301,0.000144172325404,1.0
555.461795208,0.682096965414,382.378804915,391.210596025,1.0,1.0,302,0.00024613983014,1.0
1187.62898659,2.24546727058,2670.28201899,839.199426063,1.0,1.0,303,7.53540188231e-05,1.0
1266.78419401,0.886388569055,1126.36302903,889.851295796,1.0,1.0,304,0.000167188335821,1.0
1394.90664418,1.42226460371,1987.4263455,981.412577036,1.0,1.0,305,0.000131566554983,1.0
1269.44260245,1.04377182756,1328.50842515,892.263023112,1.0,1.0,306,0.000181943145955,1.0
29.6147964592,1.13819141794,37.207307174,24.7140274842,1.0,1.0,307,0.000509217176518,1.0
1875.6475363,1.6257266781,3052.79023847,1318.64331879,1.0,1.0,308,7.54298316377e-05,1.0
760.252986821,1.97720004335,1506.6722385,539.097290926,1.0,1.0,309,0.000148148466605,1.0
116.222878352,2.31430687191,272.475406043,89.4560888981,1.0,1.0,310,0.000173929859131,1.0
39.6727500212,0.97114660772,42.0280566021,31.1699381419,1.0,1.0,311,0.000528024391742,1.0
1588.86109353,1.86668983653,2969.41085495,1118.7361799,1.0,1.0,312,7.9832017639e-05,1.0
943.498852129,1.35077482548,1277.95449733,665.17690838,1.0,1.0,313,0.000203680519469,1.0
302.811183889,0.133656480666,43.9726771449,212.435626405,1.0,1.0,314,9.16135418321e-05,1.0
636.278099998,1.34998784455,862.467700752,450.119627455,1.0,1.0,315,0.000266217011262,1.0
977.718182995,1.5470858914,1516.11400668,689.817528716,1.0,1.0,316,0.000174172737435,1.0
1257.10137067,0.435177735163,550.562527356,881.494081539,1.0,1.0,317,9.14775453757e-05,1.0
1157.80788517,0.66830587401,777.269810634,812.804590178,1.0,1.0,318,0.000143175033054,1.0
935.627595218,0.411942285795,388.924570227,656.381114653,1.0,1.0,319,0.000115744909051,1.0
1333.366104,0.968818766266,1295.29010385,936.747138479,1.0,1.0,320,0.000170964113574,1.0
584.213413693,0.35677801614,211.93450274,410.198112642,1.0,1.0,321,0.00014020486626,1.0
2300.74773878,0.642680724338,1482.14622328,1612.77279968,1.0,1.0,322,5.12025087583e-05,1.0
31.6056065908,2.10851904835,70.1410235314,29.5037412828,1.0,1.0,323,0.000243404097267,1.0
887.923272748,1.07091333651,954.388874585,625.294487601,1.0,1.0,324,0.000250045902853,1.0
533.630975687,1.57465867737,843.786646376,379.052988351,1.0,1.0,325,0.000251449823579,1.0
206.415443252,0.475134464613,101.575091117,146.153780902,1.0,1.0,327,0.00024522968257,1.0
449.855536904,2.15574366153,973.273222284,322.443978648,1.0,1.0,326,0.000160199140768,1.0
1120.8113449,0.403074402278,455.270362913,785.978701839,1.0,1.0,328,9.68152988806e-05,1.0
637.590585474,1.0060628445,644.956198048,449.834629787,1.0,1.0,329,0.000321339579823,1.0
601.832811045,0.66956799959,406.467991379,423.62645573,1.0,1.0,330,0.000232620319463,1.0
11.3840121616,1.83888941463,24.43393946,14.4049214643,1.0,1.0,331,0.000322648649223,1.0
868.683889931,0.602494507499,526.877272436,610.187453728,1.0,1.0,332,0.000168351729764,1.0
1402.13393438,0.966794424456,1359.0752701,984.877534551,1.0,1.0,333,0.000160730631078,1.0
4011.96928602,2.14017493333,8589.81609921,2815.86911248,1.0,1.0,334,7.35699454921e-06,1.0
351.696254851,0.388496713587,140.132839191,247.547116893,1.0,1.0,335,0.000183557840353,1.0
122.907335176,0.783778809156,99.8321648008,88.7783604552,1.0,1.0,336,0.00040522815565,1.0
1613.63263969,1.9757415769,3191.62109607,1136.4579433,1.0,1.0,337,7.06119620809e-05,1.0
23.944121408,1.50431258871,39.5194432596,22.0259790461,1.0,1.0,338,0.000411103752816,1.0
156.640695742,1.35311208923,215.452419074,114.384379332,1.0,1.0,339,0.000403308221458,1.0
34.2373430782,1.05453233713,39.6043854134,27.6570033347,1.0,1.0,340,0.000529962899675,1.0
3363.97488759,0.996969137529,3357.27914235,2358.2718133,1.0,1.0,341,2.99887105574e-05,1.0
700.781704043,1.15825671215,815.18511246,494.601091322,1.0,1.0,342,0.000280935071336,1.0
167.927715992,2.25688921015,382.494250308,125.44851343,1.0,1.0,343,0.000180202974802,1.0
2195.3380584,0.868634254687,1910.44583815,1539.77686077,1.0,1.0,344,7.31941723884e-05,1.0
341.149076216,1.28551725829,442.053025127,243.303663755,1.0,1.0,345,0.00035759563278,1.0
692.05388748,1.85745573064,1288.95945921,490.938816293,1.0,1.0,346,0.000175609329468,1.0
661.094998597,1.56021730083,1034.95185431,468.227259571,1.0,1.0,347,0.000227336352578,1.0
21.2691609643,0.666955913281,17.6855926757,17.2227583715,1.0,1.0,348,0.000384174920953,1.0
208.444357998,0.887162346418,188.423985739,149.016118811,1.0,1.0,349,0.000420170567151,1.0
2234.66664037,2.20228073876,4924.86329965,1571.97463085,1.0,1.0,350,3.20383164846e-05,1.0
660.286361597,1.23809171596,820.995074458,466.533774124,1.0,1.0,351,0.000278394574336,1.0
1279.44757809,1.56484052409,2005.63141865,901.090246497,1.0,1.0,352,0.000132323235531,1.0
2037.74760678,0.474279236558,969.961379241,1428.08330207,1.0,1.0,353,4.97717800075e-05,1.0
128.092122853,0.448771453576,60.9840881644,91.2351860847,1.0,1.0,354,0.000250488931527,1.0
2205.93289185,1.22654357885,2709.17282387,1548.44592682,1.0,1.0,355,7.30292398576e-05,1.0
296.172273338,2.3850175381,709.876066211,215.66815272,1.0,1.0,356,0.00013338766908,1.0
1499.07606057,0.249448153478,377.441755234,1050.22631094,1.0,1.0,357,4.83918714834e-05,1.0
2112.45853122,1.05932970231,2241.29006702,1482.42862581,1.0,1.0,358,8.66854115149e-05,1.0
177.082737395,0.965227858603,174.425191411,127.336213681,1.0,1.0,359,0.00046593905737,1.0
2352.71558961,1.59731810585,3761.53520921,1652.4915261,1.0,1.0,360,5.08364989567e-05,1.0
2.09689006255,0.899288969631,5.38571010378,4.61533443749,1.0,1.0,361,0.000508971754713,1.0
1846.30200356,1.51827814963,2806.69998963,1297.72537602,1.0,1.0,362,8.34304358471e-05,1.0
175.134647676,1.1831760527,210.715121129,126.735369558,1.0,1.0,363,0.000437822619234,1.0
2260.90957103,1.1343527548,2568.16900026,1586.60693437,1.0,1.0,364,7.32375168256e-05,1.0
393.951803786,1.75817113694,696.134690761,281.919861629,1.0,1.0,365,0.000247383116394,1.0
1439.06396295,1.75774005277,2533.00036618,1013.49686425,1.0,1.0,366,9.96872426381e-05,1.0
1464.18374529,0.414400869096,610.259016563,1026.37902474,1.0,1.0,367,7.343023898e-05,1.0
469.98220162,1.11839754382,529.126939932,332.901932537,1.0,1.0,368,0.000350840031489,1.0
17.4230807768,1.20522749558,24.4987760098,16.4144527783,1.0,1.0,369,0.000496116756557,1.0
4301.8511958,0.552171801362,2378.86092398,3013.22843836,1.0,1.0,370,7.88427530254e-06,1.0
466.066355447,1.52612862726,714.777207252,331.587899008,1.0,1.0,371,0.000275753099077,1.0
195.9478012,0.952214813123,190.084398902,140.496212686,1.0,1.0,372,0.000452754846968,1.0
835.683657783,1.28940259492,1081.03267688,589.491469531,1.0,1.0,373,0.000232035177444,1.0
2070.3210075,1.50598000915,3121.36204981,1454.49563528,1.0,1.0,374,6.9226399879e-05,1.0
1433.349937,0.511403990059,736.52087693,1005.13486986,1.0,1.0,375,8.96502790121e-05,1.0
1149.19153364,2.28855629793,2633.48952185,812.444020592,1.0,1.0,376,7.34669375388e-05,1.0
595.925046192,1.40965979592,843.551578997,422.08134162,1.0,1.0,377,0.00026575750779,1.0
6988.45567711,1.00275678627,7011.22135573,4895.42862273,1.0,1.0,378,1.2826169688e-06,1.0
701.376772877,0.493937291529,349.936143536,492.692521534,1.0,1.0,379,0.000164637942246,1.0
1476.48814434,1.34448972203,1988.62313475,1038.24741506,1.0,1.0,380,0.000128593427313,1.0
271.620917866,1.37977659475,378.276185117,194.963860588,1.0,1.0,381,0.000359008098175,1.0
554.147619514,1.21982987444,679.465821133,392.17273822,1.0,1.0,382,0.000308490672251,1.0
22.8393604931,-0.0179682942858,3.08961564936,15.9246633152,1.0,1.0,383,4.10343042494e-05,1.0
464.381457129,0.532236002824,250.660530528,326.929846,1.0,1.0,384,0.000215384262619,1.0
146.031942963,1.39929327484,207.8415157,107.119886536,1.0,1.0,385,0.000395633605661,1.0
2880.44441844,0.900894565407,2598.47672253,2019.46422389,1.0,1.0,386,4.16722576149e-05,1.0
15.6271417539,1.1437465323,21.3734891908,14.9421120908,1.0,1.0,387,0.000513913867534,1.0
472.96597633,0.642193374225,307.235616233,333.32386024,1.0,1.0,388,0.000250962178347,1.0
818.842937094,1.80505458772,1481.55620023,579.507747023,1.0,1.0,389,0.00016448152422,1.0
1472.57926895,1.57217153157,2318.64720463,1036.30808863,1.0,1.0,390,0.00011128582289,1.0
3113.28410265,0.462371436307,1442.99364217,2180.91717188,1.0,1.0,391,1.91208278237e-05,1.0
81.4305852038,1.78481757548,148.838739654,63.2482711569,1.0,1.0,392,0.000317710534761,1.0
844.728059958,0.546341652454,465.010124152,593.221837754,1.0,1.0,393,0.000158156910952,1.0
930.62869543,1.8273673324,1704.10047662,657.835872464,1.0,1.0,394,0.000146451673367,1.0
789.148401274,2.25618974246,1783.96852823,560.30054499,1.0,1.0,395,0.000105063264124,1.0
1704.95010279,1.73524532089,2962.00668822,1199.53843058,1.0,1.0,396,8.0532649379e-05,1.0
465.208942897,0.270051011793,129.130145725,326.591438569,1.0,1.0,397,0.000125974802584,1.0
899.127745196,2.10497958204,1896.14554528,636.756850174,1.0,1.0,398,0.000114886101317,1.0
363.535495506,1.9368062109,707.597805578,261.253668592,1.0,1.0,399,0.000217476892991,1.0
952.46967426,2.15726426076,2058.22878774,674.279196895,1.0,1.0,400,0.00010326935138,1.0
657.306853017,0.595340038608,394.821087252,462.198487247,1.0,1.0,401,0.000200280092618,1.0
2177.89388674,1.55825464352,3397.21326211,1529.97961197,1.0,1.0,404,6.08357647134e-05,1.0
548.455670483,1.15657905121,637.832338996,387.966996017,1.0,1.0,405,0.000321037430922,1.0
217.599085733,2.86666550502,627.283792995,162.352689281,1.0,1.0,402,3.09658686714e-05,1.0
1080.67542631,1.1316125412,1226.40586538,760.433442314,1.0,1.0,403,0.00020478880255,1.0
4023.91753874,0.774510978513,3120.06831038,2819.45306554,1.0,1.0,406,1.34641340316e-05,1.0
1780.17869166,0.994931255374,1774.65542049,1249.60734356,1.0,1.0,407,0.000118731449976,1.0
1610.09080501,1.87056659795,3015.28207951,1133.6105466,1.0,1.0,408,7.81029784639e-05,1.0
327.854268629,2.56468897735,844.344228931,238.474399461,1.0,1.0,409,9.18506030893e-05,1.0
2469.5635184,1.81889181101,4495.3688604,1735.06058422,1.0,1.0,410,3.86684483778e-05,1.0
309.320996288,1.0668330919,333.49387486,220.258613223,1.0,1.0,411,0.000414528353587,1.0
523.490607534,1.00848323514,531.431501451,369.973116597,1.0,1.0,412,0.000354444159107,1.0
346.171257869,2.2482399454,781.776049889,250.188720317,1.0,1.0,413,0.000156113611892,1.0
1016.68979045,2.17634157442,2216.16425924,719.300048822,1.0,1.0,414,9.54470473208e-05,1.0
215.298469251,0.256058566001,58.6290172985,151.605133456,1.0,1.0,415,0.000150649866926,1.0
45.8717477222,1.3164042181,63.8857621932,36.7176381689,1.0,1.0,416,0.000454007869751,1.0
121.55914385,1.42563077454,176.798456399,90.081108406,1.0,1.0,417,0.000397497778459,1.0
4773.34194686,0.730248491798,3489.22575753,3343.89523252,1.0,1.0,418,6.65980611227e-06,1.0
1425.26289548,1.68664092664,2407.40673074,1003.58727008,1.0,1.0,419,0.000106665782128,1.0
3094.77500036,1.03020433655,3191.75062603,2169.94821543,1.0,1.0,420,3.74335238694e-05,1.0
3420.70886807,1.95768329726,6700.16461582,2401.34809919,1.0,1.0,421,1.49172792084e-05,1.0
1454.49691147,0.710242235493,1036.54513792,1020.63368585,1.0,1.0,422,0.000116640174939,1.0
599.651815217,0.162735024578,101.084352888,420.325843238,1.0,1.0,423,7.95687761026e-05,1.0
1553.76837986,0.132166126216,208.855547803,1088.10044734,1.0,1.0,424,3.065658573e-05,1.0
2010.33244652,2.36235593802,4752.62079242,1415.50095835,1.0,1.0,425,3.11285941803e-05,1.0
2688.79403689,0.774684411656,2086.46682653,1884.86722126,1.0,1.0,426,4.30251642115e-05,1.0
776.420157482,1.69481258382,1319.38665324,549.425954281,1.0,1.0,427,0.000186410682012,1.0
1326.68159863,0.770644289354,1025.89959778,931.374374056,1.0,1.0,428,0.000140077148446,1.0
1154.18929199,2.002679852,2314.97164045,814.941883873,1.0,1.0,429,0.000102541025461,1.0
35.2817666181,1.47503058939,55.5416850093,29.8598436955,1.0,1.0,430,0.000415038096347,1.0
1263.13220078,1.13026521208,1431.1743848,888.14846879,1.0,1.0,431,0.000174855983143,1.0
1588.06923352,1.73180403468,2753.72470595,1117.70977758,1.0,1.0,432,8.93951345979e-05,1.0
5650.91560879,1.33859307525,7567.77650272,3960.32600192,1.0,1.0,433,3.41596253701e-06,1.0
483.376463623,0.675316615685,329.932157516,340.727132691,1.0,1.0,434,0.000259798616994,1.0
1970.56534503,1.51499806415,2988.90268299,1384.69823475,1.0,1.0,435,7.50470556782e-05,1.0
3316.52818795,0.477226980438,1586.23673268,2323.240026,1.0,1.0,436,1.64451214999e-05,1.0
536.469210768,0.358219444799,195.673702833,376.782215595,1.0,1.0,437,0.000146612465281,1.0
91.9458855711,1.19563680276,113.433884651,68.5468487095,1.0,1.0,438,0.000467456319404,1.0
136.702950181,1.14505895347,160.032937071,99.6997714638,1.0,1.0,439,0.00046220681767,1.0
165.025966536,1.60905532216,269.035909749,121.149870203,1.0,1.0,440,0.000338154080109,1.0
837.761185408,0.936304377511,787.899465207,589.709895107,1.0,1.0,441,0.000255120701142,1.0
1479.51013695,1.53039024711,2267.7278841,1041.01346173,1.0,1.0,442,0.000113853686502,1.0
199.889792344,0.863929160654,176.190620523,142.946606703,1.0,1.0,443,0.000413346617986,1.0
100.957373567,1.08317976335,112.854984009,74.461290669,1.0,1.0,444,0.000492712515727,1.0
437.736699282,-0.0624862479693,-23.8525239366,306.196987629,1.0,1.0,445,1.30795439619e-05,1.0
274.960446097,1.83745088779,508.726315789,198.903390375,1.0,1.0,446,0.000256849578712,1.0
1593.5273077,1.88959890822,3014.62746086,1122.08271157,1.0,1.0,447,7.7901377563e-05,1.0
220.016106383,1.3844292373,308.096730353,158.856776799,1.0,1.0,448,0.000374415219923,1.0
529.60808673,1.38529069156,737.161152723,375.574178131,1.0,1.0,449,0.000285855663514,1.0
2315.39377548,2.10513665612,4877.72031011,1628.14362113,1.0,1.0,450,3.35023054117e-05,1.0
0.0813413267755,1.84642278526,3.65019047914,6.51941867714,1.0,1.0,451,0.000323722953795,1.0
3288.94341028,0.993893202742,3272.35849968,2305.73901341,1.0,1.0,452,3.19218399131e-05,1.0
2531.6470764,0.900366255909,2282.90959946,1775.30423538,1.0,1.0,453,5.64164810659e-05,1.0
3017.36591807,0.880188556789,2659.35095273,2115.2368026,1.0,1.0,454,3.6227171502e-05,1.0
28.0084628116,1.12608921847,35.0400279981,23.5472362328,1.0,1.0,455,0.000513243972283,1.0
2858.46868443,2.39139497619,6839.22765155,2009.29796152,1.0,1.0,456,1.42056185352e-05,1.0
738.92244653,1.54740203673,1146.91009874,522.6616197,1.0,1.0,457,0.000214344004864,1.0
584.403262211,2.05676392922,1205.47954983,416.2809573,1.0,1.0,458,0.000159209600228,1.0
311.02775294,0.855040074127,269.44119293,220.712067318,1.0,1.0,459,0.000371791041075,1.0
2475.4762538,0.924326933061,2291.64937354,1736.06852192,1.0,1.0,460,6.06609101542e-05,1.0
743.874563929,0.76952750375,575.931936283,523.405541013,1.0,1.0,461,0.000232281945536,1.0
298.481458709,1.60999988769,484.055115001,214.572020703,1.0,1.0,462,0.000300881367459,1.0
2777.40426725,1.12594857685,3130.71438203,1948.12380709,1.0,1.0,463,4.69391466849e-05,1.0
1683.90274863,0.883722375243,1491.6025367,1181.82495235,1.0,1.0,464,0.000115991991379,1.0
436.654195941,0.234850739503,106.048560824,306.479914747,1.0,1.0,465,0.000116859054975,1.0
305.697350942,1.31908251944,406.740031868,218.604934478,1.0,1.0,466,0.000361576692032,1.0
981.149597499,1.30253738763,1281.4840336,691.363599106,1.0,1.0,467,0.00020288219805,1.0
1236.12326865,1.40922910937,1745.48089296,870.21858994,1.0,1.0,468,0.000152304619655,1.0
99.8035364781,2.23055832196,226.117608853,77.6694296615,1.0,1.0,469,0.000197981165577,1.0
124.303781719,0.970307421032,124.112881865,90.4087231771,1.0,1.0,470,0.000490158950561,1.0
4052.78823009,0.932504007739,3782.74126708,2840.21552509,1.0,1.0,471,1.55023134583e-05,1.0
593.27249113,0.927430963671,553.719278169,418.536752164,1.0,1.0,472,0.000312887127385,1.0
912.946605943,0.616647340429,566.466096508,641.220889851,1.0,1.0,473,0.000165255562619,1.0
574.665148947,1.2495710492,721.584933109,406.639102935,1.0,1.0,474,0.000297970143895,1.0
3390.43689372,2.48784987889,8438.39801543,2382.01330018,1.0,1.0,475,7.52532132707e-06,1.0
1330.27521089,1.96397926642,2616.13293282,938.066575055,1.0,1.0,476,9.139025225e-05,1.0
68.8227428908,0.396515128721,30.7892587563,49.5637229741,1.0,1.0,477,0.000238629225449,1.0
1721.22756174,0.633266409031,1093.49559715,1207.07572565,1.0,1.0,478,8.36979034941e-05,1.0
1521.64991979,2.50594668311,3816.67356933,1073.92575724,1.0,1.0,479,3.68975012246e-05,1.0
2244.39119714,1.74457911798,3919.01801512,1577.17986491,1.0,1.0,480,4.99959318522e-05,1.0
254.877105416,2.03123642353,521.215660045,185.523301273,1.0,1.0,481,0.000217807867939,1.0
1573.00031613,1.55211672788,2444.98010362,1106.53262984,1.0,1.0,482,0.000103408121416,1.0
169.173046167,0.866659851729,150.115487107,121.454441798,1.0,1.0,483,0.000425744307577,1.0
804.068546838,0.425129481471,345.333244385,564.335935972,1.0,1.0,484,0.000133123603962,1.0
798.622320787,1.19281195561,956.106252249,563.210466395,1.0,1.0,485,0.00025317013971,1.0
1362.53509521,0.759202566069,1037.94014064,956.431775627,1.0,1.0,486,0.000133990915038,1.0
821.308288777,1.51238676954,1245.63578966,580.209155837,1.0,1.0,487,0.000204327861055,1.0
139.016928251,2.96230949126,415.311166002,107.679932995,1.0,1.0,488,9.37268303975e-06,1.0
5263.79649267,2.12643891163,11196.6416849,3692.10008106,1.0,1.0,489,2.51534742419e-06,1.0
343.408282855,2.5010135493,862.368768363,249.139345421,1.0,1.0,490,0.000103870980572,1.0
4550.91978299,0.457113326222,2083.78607937,3187.24374473,1.0,1.0,491,5.42295726863e-06,1.0
786.558931414,1.07157058105,846.353411169,554.341749024,1.0,1.0,492,0.000273005168949,1.0
1827.25157925,1.02554592274,1877.43040693,1282.6655162,1.0,1.0,493,0.000113032362303,1.0
1156.13045695,0.356196350037,415.309448931,810.538007088,1.0,1.0,494,8.51370774502e-05,1.0
1064.50081746,0.427117088508,458.166489868,746.645482031,1.0,1.0,495,0.000106535665236,1.0
590.098636919,1.37817766663,816.760762509,417.892667676,1.0,1.0,496,0.000272395675937,1.0
2440.02921713,1.84744227503,4511.31312805,1714.48649995,1.0,1.0,497,3.871585719e-05,1.0
2297.52668454,2.31696633421,5326.79198003,1616.37806135,1.0,1.0,498,2.59723303759e-05,1.0
319.558645564,1.50315898542,483.847449449,228.952108344,1.0,1.0,499,0.000318121051559,1.0
3343.00907266,0.872303135477,2919.61729601,2343.15941184,1.0,1.0,500,2.70699038667e-05,1.0
769.655160208,0.45784154258,355.880105804,540.361057544,1.0,1.0,501,0.00014571428914,1.0
563.264313544,1.76652998098,998.523297093,400.467874414,1.0,1.0,502,0.000212062808742,1.0
1215.84793352,2.54807307873,3101.56938723,860.011809237,1.0,1.0,503,4.40386918248e-05,1.0
710.381862995,0.35436688005,255.235804434,498.507588177,1.0,1.0,504,0.000124966484664,1.0
2509.38763459,1.05473162473,2650.23049691,1760.2629049,1.0,1.0,505,6.1517630453e-05,1.0
231.949062864,2.02948826172,474.237900401,169.467552921,1.0,1.0,506,0.000222597149683,1.0
127.252093237,0.151022166149,22.7178867676,89.6050428473,1.0,1.0,507,0.000114663843458,1.0
1922.7010888,2.17713701141,4189.4837023,1353.5107417,1.0,1.0,508,4.33529860288e-05,1.0
1602.70048828,1.0582672925,1699.58550642,1125.59427732,1.0,1.0,509,0.000135141502749,1.0
13.0620489963,0.725046557817,12.9705936628,11.6810972498,1.0,1.0,510,0.000416234439397,1.0
540.366794381,1.0888321344,591.868730087,382.067668537,1.0,1.0,511,0.000335186298509,1.0
867.624393158,0.736781019661,642.749185074,609.91580878,1.0,1.0,512,0.000200718215372,1.0
661.539686984,0.833975177725,555.207678025,465.996694011,1.0,1.0,513,0.000268025776222,1.0
1906.22024798,0.548360241984,1048.79539646,1336.27343443,1.0,1.0,514,6.30045960598e-05,1.0
138.32614704,0.881625953481,125.451921275,99.9139937651,1.0,1.0,515,0.000444095401249,1.0
1027.51141161,0.935339045256,964.571542729,722.531674789,1.0,1.0,516,0.000216095864389,1.0
13.5831097304,1.02070599876,17.3643615837,13.080647807,1.0,1.0,517,0.000548953649488,1.0
329.171945532,0.457116222768,153.969836383,232.020268652,1.0,1.0,518,0.000213485113865,1.0
187.891881592,1.90340126044,361.13364425,138.186221526,1.0,1.0,519,0.000261344248427,1.0
935.136978259,1.21893371397,1143.36998998,658.862152781,1.0,1.0,520,0.000221569021654,1.0
76.7001525364,0.637628902309,52.4062340687,55.9218079336,1.0,1.0,521,0.000352089197314,1.0
1423.45071222,0.35489762566,508.679278011,997.657640243,1.0,1.0,522,6.72786599116e-05,1.0
1812.02485072,2.49651609929,4527.24921214,1277.15520185,1.0,1.0,523,2.92075120431e-05,1.0
361.379472025,0.439767218696,162.422845306,254.504815683,1.0,1.0,524,0.000201121791295,1.0
7.30261592065,1.29781315918,12.9774310383,9.65417720158,1.0,1.0,525,0.000474685094697,1.0
951.099635273,1.15247083779,1099.61459348,669.803392623,1.0,1.0,526,0.000226667361712,1.0
938.081605332,0.796109506293,750.315683683,659.443507004,1.0,1.0,527,0.000202169094284,1.0
364.49735919,0.610601281063,226.062554465,257.285255917,1.0,1.0,528,0.000264058747239,1.0
90.5491553304,1.2147701313,113.49640931,67.6361041908,1.0,1.0,529,0.000463061798815,1.0
30.7576886019,2.59683530471,83.3726516526,30.6193055878,1.0,1.0,530,0.000110158670302,1.0
1190.99368153,0.904587309247,1080.85776971,836.861632655,1.0,1.0,531,0.000181878779341,1.0
1619.78041509,1.3572038521,2201.87221892,1138.59650405,1.0,1.0,532,0.000112649575356,1.0
298.943156344,0.733127765296,222.663528161,211.826156619,1.0,1.0,533,0.000327759230678,1.0
3952.08970801,0.652833754783,2583.55756332,2768.74771375,1.0,1.0,534,1.23381884202e-05,1.0
167.990032222,1.24471842329,212.600288036,121.949537037,1.0,1.0,535,0.000425629418793,1.0
121.593071066,1.18398964407,147.464936933,89.2591135004,1.0,1.0,536,0.000458493956736,1.0
18.5771655667,0.845369099271,19.2045617221,15.9628077441,1.0,1.0,537,0.000474654001333,1.0
1074.66424474,0.927576632359,1000.33344105,755.511489533,1.0,1.0,538,0.000205855291597,1.0
4635.41630087,1.73341387708,8038.59494198,3250.85835918,1.0,1.0,539,6.30034319477e-06,1.0
939.449907912,1.08623029216,1023.95894794,661.416741561,1.0,1.0,540,0.000237186000658,1.0
1584.16514884,1.62420719717,2576.51243625,1114.60032938,1.0,1.0,541,9.73095923371e-05,1.0
586.572249094,0.375847371013,223.961637731,411.916040164,1.0,1.0,542,0.000145758642308,1.0
2865.60299416,2.18912415308,6276.66072766,2013.58403045,1.0,1.0,543,1.88097654205e-05,1.0
262.052091567,0.630951208077,168.842083753,185.644793325,1.0,1.0,544,0.000296941221846,1.0
1910.69707542,1.37715234915,2634.82096592,1342.30798601,1.0,1.0,545,8.63982187968e-05,1.0
1472.47287747,1.33263358758,1965.76681331,1035.39523178,1.0,1.0,546,0.000129967585866,1.0
204.188376116,1.61776806622,333.829434374,148.594051513,1.0,1.0,547,0.000324779583923,1.0
226.903484465,1.13970265348,262.102503329,162.821398412,1.0,1.0,548,0.000428555995455,1.0
1649.79104824,0.0442593486102,76.5186771383,1155.00864149,1.0,1.0,549,1.75221767522e-05,1.0
231.606758887,0.682444436924,161.558744157,164.51328675,1.0,1.0,550,0.00032639158923,1.0
230.139352978,0.710735423931,167.068190602,163.585121068,1.0,1.0,551,0.000338625017256,1.0
952.732980938,0.919128228635,879.183777132,670.130035457,1.0,1.0,552,0.000227010890372,1.0
585.956115457,0.503318023585,298.42227394,411.930893903,1.0,1.0,553,0.000184903757777,1.0
61.8163359322,1.55391949198,99.5576093279,48.7101533745,1.0,1.0,554,0.000384586098227,1.0
181.72599426,0.98554492885,182.599132083,130.657603233,1.0,1.0,555,0.000472911650386,1.0
281.967965077,0.960889962739,274.440187457,200.740690424,1.0,1.0,556,0.000423572255501,1.0
295.827633187,1.25430009166,374.556627422,211.469393552,1.0,1.0,557,0.000378750102756,1.0
2498.40670546,1.72923622498,4323.8353798,1754.93702061,1.0,1.0,558,4.05726982605e-05,1.0
308.994356789,0.718579955773,225.537151236,218.811079597,1.0,1.0,560,0.000319232222863,1.0
2261.49427473,0.514360390273,1166.72307775,1584.84625368,1.0,1.0,559,4.38271949384e-05,1.0
3242.06974834,1.15865456736,3759.93892163,2273.50411482,1.0,1.0,561,3.07837494938e-05,1.0
847.757087835,1.69439584174,1439.93608443,599.36034693,1.0,1.0,562,0.000175249088351,1.0
836.904936542,1.06529667622,895.052047211,589.561993946,1.0,1.0,563,0.000262155489486,1.0
2377.26897286,0.995737463001,2370.6357759,1667.57336212,1.0,1.0,564,7.06778136081e-05,1.0
1010.24169256,2.37261112255,2400.41067622,715.473323717,1.0,1.0,565,7.31119710679e-05,1.0
745.704041436,1.80678145789,1350.82423514,528.316564108,1.0,1.0,566,0.000175034465012,1.0
1559.67268679,1.11268824222,1738.9294603,1095.6652896,1.0,1.0,567,0.000136364211076,1.0
123.76825964,1.626412491,204.798243469,92.3302254667,1.0,1.0,568,0.000346138384813,1.0
183.42891149,1.4357775851,266.863119576,133.425459591,1.0,1.0,569,0.0003742398074,1.0
409.168352867,2.35552515255,967.306346803,294.66218504,1.0,1.0,570,0.000126696587004,1.0
719.927024349,2.45530424167,1771.13987658,512.54248189,1.0,1.0,571,8.17141112427e-05,1.0
680.490241124,1.19051742928,813.635492513,480.509979789,1.0,1.0,572,0.000280929998392,1.0
478.922872049,1.04830949125,505.559392348,338.915093654,1.0,1.0,573,0.000361088877484,1.0
665.713933618,0.567145306322,381.056532805,467.984762105,1.0,1.0,574,0.000190758756058,1.0
54.5821300106,0.932762906214,54.412186216,41.4721611792,1.0,1.0,575,0.000502542036901,1.0
1670.60553586,1.51312828142,2531.3404834,1174.71982409,1.0,1.0,576,9.75474258885e-05,1.0
1438.04285649,1.62803163952,2344.67926936,1012.32811028,1.0,1.0,577,0.000110193761363,1.0
1240.35015526,0.69607301424,866.874271286,870.681364233,1.0,1.0,578,0.000138069764176,1.0
506.19475617,0.653669627569,334.384137743,356.624173016,1.0,1.0,579,0.000247580924521,1.0
992.263408047,0.186056997684,188.117550613,695.235585125,1.0,1.0,580,6.15650746939e-05,1.0
340.656899284,0.695078196987,240.283183345,240.892603188,1.0,1.0,581,0.000301642273477,1.0
4098.66226501,0.719827397151,2953.82939002,2871.5829814,1.0,1.0,582,1.18275372528e-05,1.0
3056.26094713,0.954338728115,2920.20818507,2142.72284854,1.0,1.0,583,3.76711612942e-05,1.0
459.207704186,1.25747086656,580.940309713,325.846540963,1.0,1.0,584,0.000327968635509,1.0
97.2805406174,1.85141874406,183.607016332,74.5763440364,1.0,1.0,585,0.000296185077302,1.0
770.043589899,0.778570741205,603.033408548,541.755510524,1.0,1.0,586,0.00022941471038,1.0
2902.8393935,0.42399632322,1234.29322974,2033.47156258,1.0,1.0,587,2.13956411591e-05,1.0
512.502353399,1.01072385732,521.498355512,362.28918088,1.0,1.0,588,0.000357446205923,1.0
41.479297043,0.317739379535,16.679606106,30.1475957585,1.0,1.0,589,0.000205602270671,1.0
910.150948743,0.409115850655,375.857179619,638.537569597,1.0,1.0,590,0.000117685650578,1.0
2778.87021567,1.14653638322,3189.57580652,1949.22202831,1.0,1.0,591,4.63643166877e-05,1.0
4052.82425664,1.21822901061,4940.76808435,2841.24078119,1.0,1.0,592,1.47131522466e-05,1.0
193.796848248,1.63707658338,320.760282201,141.387561816,1.0,1.0,593,0.00032315103222,1.0
802.682633083,1.46536387784,1179.72213589,567.006616731,1.0,1.0,594,0.00021423006515,1.0
1058.59288272,2.11048618643,2237.64565605,748.401719559,1.0,1.0,595,9.93883645308e-05,1.0
1761.27512784,1.61965296151,2856.15447684,1238.56137485,1.0,1.0,596,8.36897646314e-05,1.0
2211.32575807,0.659373317479,1461.58920113,1550.23583726,1.0,1.0,597,5.65889039819e-05,1.0
51.6432706228,0.912413028438,50.6199929473,39.3437350355,1.0,1.0,598,0.000493900990959,1.0
1352.74695095,0.517922798634,704.11848668,948.735595461,1.0,1.0,599,9.71879276824e-05,1.0
1681.45812236,1.52479580073,2567.38028407,1182.35747095,1.0,1.0,600,9.58724779849e-05,1.0
709.685929059,0.693069422424,495.361616956,499.20589332,1.0,1.0,601,0.000218253411443,1.0
896.350843411,0.295023219546,267.944311666,628.478171656,1.0,1.0,602,9.24152617071e-05,1.0
986.490872403,1.13779606256,1125.92543037,694.525896901,1.0,1.0,603,0.000221540350022,1.0
196.943245269,0.291646610016,60.9378298484,138.881034824,1.0,1.0,604,0.000168374746082,1.0
2329.11242611,0.63406137564,1480.30022892,1632.5979131,1.0,1.0,605,4.93746756639e-05,1.0
218.785154261,1.50114557972,331.928367226,158.403617511,1.0,1.0,606,0.000347737926907,1.0
171.28730053,0.711193397492,125.318397211,122.390287262,1.0,1.0,607,0.000356615925633,1.0
1340.78334403,0.389233718446,525.378086625,939.910658833,1.0,1.0,608,7.77525726884e-05,1.0
1973.20182478,1.96201776668,3874.95703745,1388.10833953,1.0,1.0,609,5.23359848301e-05,1.0
652.997182383,1.80897603798,1184.7562558,463.429443801,1.0,1.0,610,0.000189387837151,1.0
459.29140416,0.911212443072,422.012042467,324.693226463,1.0,1.0,611,0.000346019325963,1.0
693.23129596,1.04687204381,729.224463637,488.925959325,1.0,1.0,612,0.000299888890238,1.0
715.040629423,2.59913632119,1861.98807106,509.62541772,1.0,1.0,613,6.03929206327e-05,1.0
334.491027563,0.640428254971,217.717505086,236.385218186,1.0,1.0,614,0.000282419730302,1.0
1867.52189533,0.961923895474,1799.91393644,1310.63206036,1.0,1.0,615,0.000106726160969,1.0
603.064288366,1.96441169472,1188.16654073,429.020442788,1.0,1.0,616,0.000171982864252,1.0
1295.58662826,2.39019619268,3100.20622616,915.276326459,1.0,1.0,617,5.54406307886e-05,1.0
455.34155707,1.13632838462,520.917535998,322.716239295,1.0,1.0,618,0.000351951180508,1.0
362.460269309,1.18977459828,434.746021311,257.88639961,1.0,1.0,619,0.000370629175101,1.0
1146.98061379,0.783595927487,902.26933787,805.629015398,1.0,1.0,620,0.000166217895393,1.0
408.798057669,2.51356661328,1031.04114933,294.956123515,1.0,1.0,621,9.56582055792e-05,1.0
1201.88091624,1.20551314861,1452.38324759,845.53593739,1.0,1.0,622,0.000177004261301,1.0
1186.67666555,1.82143923708,2164.95944035,837.048703213,1.0,1.0,623,0.000117798601902,1.0
1091.86709997,0.452370731153,497.428718334,765.890267536,1.0,1.0,624,0.000109013080565,1.0
506.838530829,1.18062325639,601.885356731,358.919152978,1.0,1.0,625,0.000328532435814,1.0
2849.89093571,2.65999807446,7584.20440143,2004.23364826,1.0,1.0,626,7.99552482308e-06,1.0
415.990583006,2.42054819902,1010.42525651,299.665326801,1.0,1.0,627,0.000113239664762,1.0
769.268057468,1.9005672706,1465.54569234,545.139625674,1.0,1.0,628,0.000158004298192,1.0
652.802772087,2.37604901081,1554.59138087,465.278111999,1.0,1.0,629,9.92328622171e-05,1.0
540.268359921,2.35062928495,1273.47062856,386.415054442,1.0,1.0,630,0.000113898318946,1.0
925.729961148,2.36372430564,2191.67040962,656.284007873,1.0,1.0,631,7.98047244303e-05,1.0
1010.75913053,0.489792512458,498.562254035,709.245665168,1.0,1.0,632,0.000124908713638,1.0
465.85167122,1.50029235511,702.413700945,331.347193097,1.0,1.0,633,0.000280639332841,1.0
252.24258413,2.21834340546,563.060673081,184.33401081,1.0,1.0,634,0.000176143724746,1.0
133.847372058,1.90812171848,258.897077585,100.371586455,1.0,1.0,635,0.000272746636756,1.0
188.664688701,1.17845706292,225.833234924,136.189881811,1.0,1.0,636,0.000433823049342,1.0
4.35207030414,1.06402106626,8.13069448543,6.77052294479,1.0,1.0,637,0.000541269824803,1.0
600.407006332,0.595654283548,361.135005194,422.369694425,1.0,1.0,638,0.000210539133732,1.0
262.327950873,2.32489136175,613.383986932,191.766685378,1.0,1.0,639,0.000150804474576,1.0
2341.40679616,0.866042734112,2031.25834341,1642.01590688,1.0,1.0,640,6.42869708916e-05,1.0
1482.99076998,0.61576920386,916.680045761,1040.2487312,1.0,1.0,641,0.000100517176774,1.0
95.8972903499,1.3042778091,128.576707756,71.6930755768,1.0,1.0,642,0.000437803061933,1.0
4780.3747462,1.53658619741,7348.95785345,3351.64037403,1.0,1.0,643,6.41691195605e-06,1.0
328.332144313,0.48671181535,163.303133996,231.535992373,1.0,1.0,644,0.000224990372132,1.0
491.160868111,1.0205626816,504.760452657,347.384577063,1.0,1.0,645,0.000362343902077,1.0
3732.77790016,1.97817200321,7387.57673629,2619.86813212,1.0,1.0,646,1.11469676808e-05,1.0
446.288860951,2.1567717377,966.043202149,319.950903748,1.0,1.0,647,0.000160501326492,1.0
716.075394047,1.38740181266,996.9842997,506.108682177,1.0,1.0,648,0.000242730595189,1.0
266.175504531,1.56676459235,420.53435585,191.806529245,1.0,1.0,649,0.000319083499569,1.0
1818.69728971,1.86783984322,3400.53526049,1279.62554225,1.0,1.0,650,6.52973797496e-05,1.0
468.050790758,1.57853685951,742.335425333,333.160432539,1.0,1.0,651,0.000265489059841,1.0
547.511850152,0.94475739565,520.765869637,386.564945991,1.0,1.0,652,0.000331085778872,1.0
33.2887406693,1.34163912224,48.161476812,27.9978553964,1.0,1.0,653,0.000452125405562,1.0
348.272008274,1.23680929561,434.246057235,248.119238327,1.0,1.0,654,0.000365482910248,1.0
448.477670271,1.08919295137,491.978717308,317.74654452,1.0,1.0,655,0.000363013933703,1.0
1305.75797762,1.07784198648,1410.90077246,917.803031287,1.0,1.0,656,0.000173214408023,1.0
519.343283979,1.66815331378,869.84422016,369.378835383,1.0,1.0,657,0.000237894883026,1.0
1362.21805249,0.610062690202,834.538409741,955.687856155,1.0,1.0,658,0.000110763398187,1.0
2694.49733532,1.52103975055,4101.93755476,1891.47177385,1.0,1.0,659,3.98139648016e-05,1.0
2196.78242108,0.877148499132,1930.40440357,1540.8177145,1.0,1.0,660,7.3744819678e-05,1.0
563.261265137,0.480791567103,274.311266353,395.965656081,1.0,1.0,661,0.000181549340494,1.0
1734.03791011,1.95889043877,3400.29028258,1220.68265361,1.0,1.0,662,6.46355874609e-05,1.0
4262.27122419,0.124254264697,533.105376902,2984.02474686,1.0,1.0,663,2.80604880676e-06,1.0
428.344913995,0.620998069852,269.501364822,302.014933041,1.0,1.0,664,0.000253445600672,1.0
1090.84557399,1.39499440966,1525.22347751,768.474382224,1.0,1.0,665,0.000174370560097,1.0
1584.78648524,1.10753919668,1758.71315077,1113.22692685,1.0,1.0,666,0.000133781096042,1.0
937.498395491,0.874307502992,823.161881221,659.308953104,1.0,1.0,667,0.000219922713677,1.0
407.270275863,1.19412795708,489.832822494,289.268640954,1.0,1.0,668,0.000355601087394,1.0
4631.56160314,0.534371451048,2478.47429449,3243.96342228,1.0,1.0,669,5.75661077844e-06,1.0
2037.21830734,2.28988758233,4668.50090446,1434.06742167,1.0,1.0,670,3.38649035992e-05,1.0
31.9190563539,1.39696960352,48.0899514995,27.23273306,1.0,1.0,671,0.00043756153915,1.0
2198.57333619,2.6010678383,5722.1383949,1548.10507277,1.0,1.0,672,1.65331656079e-05,1.0
1394.22064423,0.32972083042,463.203588604,977.108473869,1.0,1.0,673,6.51919912444e-05,1.0
1912.74152239,0.86748420818,1662.77306501,1341.9552604,1.0,1.0,674,9.34836729252e-05,1.0
1645.738013,1.27305724697,2098.61870406,1156.47230946,1.0,1.0,675,0.000115775350438,1.0
462.935452206,0.880509165439,411.118908675,327.136598624,1.0,1.0,676,0.00033445119742,1.0
2273.10463317,1.74323329029,3966.05166886,1597.27455974,1.0,1.0,677,4.88147435311e-05,1.0
4082.11879523,2.62621825032,10724.03488,2866.67492054,1.0,1.0,678,3.00886983872e-06,1.0
56.6696524224,2.12744378559,124.061499877,47.1148099452,1.0,1.0,679,0.000233098312048,1.0
972.256498887,0.830596926168,811.053259422,683.486638462,1.0,1.0,680,0.000203799344468,1.0
1685.78873145,1.14446090546,1932.81929802,1184.05772519,1.0,1.0,681,0.000120136689613,1.0
4283.33935448,1.01636711339,4356.9452554,3001.89483303,1.0,1.0,682,1.34034993248e-05,1.0
1468.10020178,2.24165251699,3294.47051251,1035.51592506,1.0,1.0,683,5.93368391744e-05,1.0
932.164834133,2.19912103135,2053.44329143,660.212307503,1.0,1.0,685,9.98892678365e-05,1.0
704.133937717,0.845267970368,598.681864402,495.852194298,1.0,1.0,684,0.00026139815681,1.0
663.48871844,0.568202080654,380.495670308,466.43081019,1.0,1.0,686,0.000191431162764,1.0
21.5595711006,0.801101775527,20.7714106883,17.8955559847,1.0,1.0,687,0.000451255728684,1.0
1385.96213269,1.90612744543,2645.32045944,976.844938939,1.0,1.0,688,9.19300762236e-05,1.0
295.540676369,0.856421332219,256.607339781,209.875948121,1.0,1.0,689,0.000377379372104,1.0
2399.88768293,1.51582744013,3641.31560302,1685.22677409,1.0,1.0,690,5.16270744863e-05,1.0
1569.44767324,1.3185709565,2072.92811967,1103.22836961,1.0,1.0,691,0.000120459750624,1.0
456.925096054,0.704177029651,325.256156912,322.312186841,1.0,1.0,692,0.000275742489032,1.0
3757.49552848,1.31759188269,4954.34560755,2634.85844152,1.0,1.0,693,1.79626779951e-05,1.0
520.66283086,1.00815511192,528.408894516,367.992524494,1.0,1.0,694,0.000355375766204,1.0
51.8346455913,0.167953582744,12.2058144373,36.8720894535,1.0,1.0,695,0.000130698147528,1.0
784.699497155,1.36869408393,1077.51355942,554.080077302,1.0,1.0,696,0.000231315691449,1.0
639.91275352,1.65019632249,1059.48167258,453.714614593,1.0,1.0,697,0.000217093071476,1.0
981.488143931,2.03154902964,1997.44128641,694.152122356,1.0,1.0,698,0.000115716009245,1.0
1030.44460586,1.90392579229,1965.39006262,727.974964373,1.0,1.0,699,0.000125504195345,1.0
1384.87518439,1.84882881319,2563.89714356,975.883529918,1.0,1.0,700,9.68370372372e-05,1.0
2763.05067508,2.37198803234,6557.42313402,1942.43743067,1.0,1.0,701,1.59274009619e-05,1.0
959.171003103,1.52469426527,1465.94252785,676.756132101,1.0,1.0,702,0.000179733926926,1.0
497.034679263,1.28152315696,640.461451287,352.409606533,1.0,1.0,703,0.000312970604663,1.0
139.195040429,0.172956163933,27.5746402311,98.0418748739,1.0,1.0,704,0.000123394229446,1.0
162.966494001,2.66924336528,438.497232874,123.418897579,1.0,1.0,705,8.05548109282e-05,1.0
2071.87795241,1.42435248757,2954.58451545,1455.29980039,1.0,1.0,706,7.29098384709e-05,1.0
134.049726923,1.47735582183,201.539144484,99.0055542222,1.0,1.0,707,0.000380283205267,1.0
406.644381318,0.740415210462,304.585685177,287.242520159,1.0,1.0,708,0.000301053586778,1.0
354.763685993,2.53767262193,903.774093199,257.216434372,1.0,1.0,709,9.52937918245e-05,1.0
487.193300427,1.24121134719,608.209852763,345.379550014,1.0,1.0,710,0.00032306651649,1.0
1028.10156832,1.58233878094,1630.3049823,725.209283561,1.0,1.0,711,0.000162658225051,1.0
437.177479221,1.90131423001,834.711762283,312.67883526,1.0,1.0,712,0.000210789794898,1.0
2634.30340991,2.69850860898,7112.19043031,1853.45716707,1.0,1.0,713,8.55258277664e-06,1.0
260.389631189,1.97036004793,516.561326191,189.169002,1.0,1.0,714,0.000230387183719,1.0
2336.74573167,0.590850799232,1384.16808316,1637.78998997,1.0,1.0,715,4.61606597955e-05,1.0
572.569474575,1.41276372213,812.405382076,405.74330523,1.0,1.0,716,0.000270683426756,1.0
3723.37837675,1.50359207999,5601.9422381,2611.627436,1.0,1.0,717,1.6458127507e-05,1.0
1622.76808536,1.18786650872,1931.13186002,1140.09519253,1.0,1.0,718,0.000123938780926,1.0
257.114742547,2.40750900644,622.50605837,188.406601305,1.0,1.0,719,0.000132951136677,1.0
484.573278474,0.697536405616,341.507502924,341.642672352,1.0,1.0,720,0.000266966065002,1.0
1211.50038306,0.726574192927,883.744913053,850.593277818,1.0,1.0,721,0.000147003613705,1.0
1041.22225511,1.31182368151,1369.40001198,733.446961464,1.0,1.0,722,0.000191497850307,1.0
786.950562337,1.31154463898,1035.62079118,555.455799873,1.0,1.0,723,0.000238950934136,1.0
3280.0179614,0.975926443295,3204.55626301,2299.42831553,1.0,1.0,724,3.16422917603e-05,1.0
329.560373203,0.153459016068,54.0740106065,231.229367798,1.0,1.0,725,9.70918497284e-05,1.0
3630.24256817,1.49956966397,5447.30162809,2546.41829154,1.0,1.0,726,1.78951911068e-05,1.0
198.410674187,0.701743826502,142.733465723,141.343575324,1.0,1.0,727,0.000344241922714,1.0
333.691022652,0.26637072474,92.385519543,234.516013393,1.0,1.0,728,0.000139841181681,1.0
785.00081953,1.14968697297,906.005215982,553.524478076,1.0,1.0,729,0.000262301660068,1.0
368.31487982,1.42481334695,528.279956646,262.807262588,1.0,1.0,730,0.000320868354958,1.0
293.585878458,1.71451413126,506.857137354,211.51091438,1.0,1.0,731,0.000279445739827,1.0
1127.41362582,1.44038888206,1627.41405212,794.230899164,1.0,1.0,732,0.000164133111239,1.0
1684.92404177,1.8118279878,3056.29253621,1185.7882272,1.0,1.0,733,7.69859690934e-05,1.0
557.017223905,1.56214177904,873.639877106,395.37955296,1.0,1.0,734,0.000248549190388,1.0
512.72728128,1.02524038737,529.168716477,362.497438252,1.0,1.0,735,0.000354768349997,1.0
871.078619384,0.579690686738,508.456163073,611.783950972,1.0,1.0,736,0.00016254782161,1.0
192.182294622,1.80638726348,350.655649271,140.849961658,1.0,1.0,737,0.000283405043905,1.0
9.23953385467,1.53060237033,17.6420524187,11.8247819944,1.0,1.0,738,0.0004090777545,1.0
1594.96266692,1.10535813754,1766.50496295,1120.34262032,1.0,1.0,739,0.000132754745858,1.0
1119.48639891,1.61785159522,1814.66285631,789.302959819,1.0,1.0,740,0.000146463615134,1.0
50.2964075466,1.65624185363,86.8030152658,41.0043317703,1.0,1.0,741,0.000360973121861,1.0
2409.1133147,1.11344397094,2685.91269556,1690.27637419,1.0,1.0,742,6.50994093595e-05,1.0
1401.40267594,1.10977347167,1558.73951288,984.866080308,1.0,1.0,743,0.000156736719249,1.0
717.942088147,0.880178500185,635.417190365,505.640086454,1.0,1.0,744,0.000267815390938,1.0
78.6670708549,2.21976023103,178.122035375,62.836110407,1.0,1.0,745,0.000204485432472,1.0
394.237103085,0.860884070591,342.892442082,278.979066407,1.0,1.0,746,0.000347943569425,1.0
195.930042624,2.17176623425,429.014250847,144.752211657,1.0,1.0,747,0.0001960112635,1.0
354.29826138,2.01101884886,716.000481755,255.047348937,1.0,1.0,748,0.000203928941403,1.0
987.302335377,1.19131123925,1179.68436867,695.281224101,1.0,1.0,749,0.000215021970128,1.0
2896.76796661,1.14071472352,3307.88587013,2031.73007816,1.0,1.0,750,4.19758781331e-05,1.0
238.145152282,1.30265194981,313.720246958,171.260888422,1.0,1.0,751,0.000387211819397,1.0
932.992607875,1.0951843625,1025.29891447,656.927970781,1.0,1.0,752,0.000237406237722,1.0
2791.87914946,0.845539051567,2364.14284812,1957.2747913,1.0,1.0,753,4.2520790804e-05,1.0
2342.98668996,1.14730206625,2691.61347059,1644.1062402,1.0,1.0,754,6.77168877914e-05,1.0
322.600129608,0.437190099363,144.537582718,227.350256074,1.0,1.0,755,0.000207029799859,1.0
3014.35441086,1.87067863764,5642.38840268,2116.59546283,1.0,1.0,756,2.3016691054e-05,1.0
2424.17476571,1.26236559301,3063.69481569,1701.34061557,1.0,1.0,757,5.91800034928e-05,1.0
453.109769887,1.72019944284,782.939173702,323.197536971,1.0,1.0,758,0.000242157865785,1.0
893.182543923,0.502329720945,452.172138042,626.98593477,1.0,1.0,759,0.000141303352186,1.0
2377.726838,1.67703006514,3991.01939402,1670.27839183,1.0,1.0,760,4.69154906046e-05,1.0
359.306050713,2.68649137945,968.772607827,260.916955327,1.0,1.0,761,6.43647687622e-05,1.0
901.302114143,0.985873648111,892.070003321,634.362037669,1.0,1.0,762,0.000252947037844,1.0
157.428465589,0.708068513186,114.970139563,112.678165709,1.0,1.0,763,0.000359551314443,1.0
97.0808669242,2.06558066342,204.028361506,75.1861391689,1.0,1.0,764,0.000241000925307,1.0
653.76287881,1.48021925467,971.212401206,462.814782558,1.0,1.0,765,0.000241503381134,1.0
19.8146708415,0.832256513329,19.9908888673,16.7831673857,1.0,1.0,766,0.000467566724155,1.0
337.677549647,0.148414266973,53.6161660042,236.893734687,1.0,1.0,767,9.44897287039e-05,1.0
88.0317500094,0.316554377298,31.3668358067,62.7301653271,1.0,1.0,768,0.00019688153649,1.0
229.118621622,1.87031219917,432.023353078,166.929127833,1.0,1.0,769,0.00025974469634,1.0
1105.21219819,2.25839493815,2499.50563398,781.552921019,1.0,1.0,770,7.95684811159e-05,1.0
4885.25334384,2.43233245861,11886.0602768,3428.19050429,1.0,1.0,771,2.27209279964e-06,1.0
1153.33626772,1.22803996248,1419.84302695,811.633527276,1.0,1.0,772,0.000182322089771,1.0
834.244843219,2.17432246635,1817.41730505,591.581518885,1.0,1.0,773,0.00011213989,1.0
1118.55148204,1.87421869031,2099.91009372,789.545802847,1.0,1.0,774,0.000119393958743,1.0
1518.44502283,2.6792875104,4071.8507849,1072.28902227,1.0,1.0,775,2.40187242212e-05,1.0
921.319632621,1.56502291173,1445.38633408,650.401323026,1.0,1.0,776,0.000180673566409,1.0
35.1428988689,0.915427795418,35.6707864361,27.8040264922,1.0,1.0,777,0.000502534239497,1.0
2763.96177645,1.73438104109,4797.26290338,1940.84357716,1.0,1.0,778,3.20727144887e-05,1.0
73.5127906818,1.68582829471,127.429942554,57.3593525087,1.0,1.0,779,0.000345966364369,1.0
1295.38782853,2.42578354597,3145.83048011,915.261722384,1.0,1.0,780,5.22142179955e-05,1.0
284.478110244,1.74132869449,498.869896321,205.229327602,1.0,1.0,781,0.000275793332345,1.0
869.212588103,1.94459521014,1693.76663542,615.254894908,1.0,1.0,782,0.000139045404228,1.0
2442.73051344,1.38815316671,3394.38409766,1714.76989549,1.0,1.0,783,5.40168576452e-05,1.0
9.10485745478,0.482533342688,7.89339730236,8.06226691776,1.0,1.0,784,0.000294900502685,1.0
1413.05902274,1.95182047464,2761.53753247,995.972687581,1.0,1.0,785,8.60376184476e-05,1.0
3029.4270762,1.66491532076,5047.2395523,2126.42615696,1.0,1.0,786,2.68558658322e-05,1.0
1657.75458307,1.79423174946,2977.89590576,1166.70801927,1.0,1.0,787,7.9994791715e-05,1.0
564.809239499,2.9716774596,1681.930886,405.767338758,1.0,1.0,788,4.86277737427e-06,1.0
215.549529333,0.678603695973,149.772707271,153.259783469,1.0,1.0,789,0.00032935852976,1.0
752.167788235,1.29343371816,976.379179015,531.044469778,1.0,1.0,790,0.000248934162485,1.0
1717.35479187,2.22812662287,3829.98393268,1209.94679749,1.0,1.0,791,4.86211037193e-05,1.0
5160.13790954,0.122908401084,637.724299835,3612.52671609,1.0,1.0,792,1.2771279531e-06,1.0
142.490199807,1.78475134908,257.809576337,105.989769587,1.0,1.0,793,0.00030129002322,1.0
320.244090174,1.27278609797,411.10222593,228.625614464,1.0,1.0,794,0.000366862966768,1.0
116.033770498,1.08549639743,129.454239856,85.0228767398,1.0,1.0,795,0.000485704344185,1.0
412.565754168,1.09817747648,456.570418793,292.639649085,1.0,1.0,796,0.000372773703816,1.0
693.043257166,1.16757681436,812.681238415,489.216798866,1.0,1.0,797,0.000281401563983,1.0
111.504805173,0.505640410538,59.8813354646,79.823105058,1.0,1.0,798,0.000280465316767,1.0
504.90987416,0.873615186845,444.596934054,356.494565066,1.0,1.0,799,0.00032019089718,1.0
1036.09822234,1.64998226462,1713.04369127,731.043693563,1.0,1.0,800,0.000153823120851,1.0
977.523057158,0.979549179184,961.031908273,687.694562138,1.0,1.0,804,0.000235338891894,1.0
844.055604935,1.97993251384,1674.6731357,597.768687253,1.0,1.0,801,0.000137363611968,1.0
67.1648707432,1.20609448767,84.5071803685,51.2367402271,1.0,1.0,802,0.000474875543561,1.0
2000.95633749,1.1802878794,2365.20451235,1404.80044382,1.0,1.0,803,8.95625621595e-05,1.0
1109.60128518,0.134457062171,152.693728987,777.191499347,1.0,1.0,805,4.55628262935e-05,1.0
1924.28068017,1.45240206991,2798.32924298,1352.07988337,1.0,1.0,806,8.14240687954e-05,1.0
1871.39678271,1.84047533417,3447.75961902,1316.41941156,1.0,1.0,807,6.38787049199e-05,1.0
615.771536522,0.618542697207,384.380987064,433.204975006,1.0,1.0,808,0.000214578730802,1.0
1200.84505884,1.73821946836,2090.83225976,846.675309326,1.0,1.0,809,0.000124571486859,1.0
435.207834084,1.02085617991,447.784606971,308.218480488,1.0,1.0,810,0.000380362452921,1.0
61.0889391002,0.029970695896,5.33087801638,42.8671548058,1.0,1.0,811,6.28866848548e-05,1.0
3365.46087399,1.98858797981,6696.01504055,2362.78266972,1.0,1.0,812,1.51877249738e-05,1.0
660.281932898,0.304442906205,204.518150566,463.2629032,1.0,1.0,813,0.000116191317377,1.0
1204.12592828,2.57628329238,3105.66951096,851.905141323,1.0,1.0,814,4.17129383594e-05,1.0
500.750421038,2.37264097035,1191.60096487,358.829538123,1.0,1.0,815,0.00011388645539,1.0
480.773536314,1.60363023377,774.482978428,342.154181238,1.0,1.0,816,0.000257931480027,1.0
2437.57854237,0.617872250435,1509.61213959,1708.46753253,1.0,1.0,817,4.39376295953e-05,1.0
443.25850599,0.990742101788,442.65486386,313.748551549,1.0,1.0,818,0.000378475557159,1.0
177.019765801,1.02322149542,184.630429482,127.495111294,1.0,1.0,819,0.000475588224708,1.0
1257.52249234,0.486672454157,615.501557503,881.969098225,1.0,1.0,820,0.000100242767401,1.0
1756.73030547,0.366286539065,646.966663661,1230.99321672,1.0,1.0,821,5.16049600066e-05,1.0
1114.73473787,0.572575191595,641.769456114,782.31832968,1.0,1.0,822,0.000130121354903,1.0
1485.69003314,2.70122971935,4016.69007127,1049.43732722,1.0,1.0,823,2.3022234775e-05,1.0
628.604069574,0.65666560573,416.282672111,442.321178322,1.0,1.0,824,0.000223454698244,1.0
242.866321095,2.85405911177,696.654836661,179.995631657,1.0,1.0,825,3.31566661339e-05,1.0
237.311053876,1.48236884018,355.282511696,171.306028654,1.0,1.0,826,0.000346464775347,1.0
1229.41479941,0.569680963655,703.874207662,862.584242962,1.0,1.0,827,0.00011725878991,1.0
145.300307369,1.15405468395,171.184500299,105.749406552,1.0,1.0,828,0.000456537729189,1.0
1041.19877019,1.94924812547,2033.05475104,735.661507573,1.0,1.0,829,0.000119194206347,1.0
1571.25860641,1.75654040694,2763.4792319,1106.02891591,1.0,1.0,830,8.8942812035e-05,1.0
948.275125688,0.955304359136,909.39136123,667.136153238,1.0,1.0,831,0.000235982572972,1.0
1345.68590933,1.59249649541,2146.50009453,947.553874263,1.0,1.0,832,0.000122506235412,1.0
305.073646097,1.74090167363,534.603221069,219.644708126,1.0,1.0,833,0.000270987549997,1.0
1646.33547446,1.23688597973,2039.82926628,1156.76393305,1.0,1.0,834,0.000118138871867,1.0
1231.46475468,1.6681471482,2057.76441863,867.863843296,1.0,1.0,835,0.000128032976287,1.0
1541.30885953,0.769379389666,1189.35126963,1081.60902954,1.0,1.0,836,0.000116049140456,1.0
2092.05566817,1.79166702448,3751.76715403,1470.7098023,1.0,1.0,837,5.49401478824e-05,1.0
759.111474736,1.44412972926,1099.75544849,536.432486367,1.0,1.0,838,0.000225585482258,1.0
1840.11903656,1.89356668747,3487.88810861,1294.710809,1.0,1.0,839,6.26353082219e-05,1.0
1940.60573691,1.24474299195,2419.05539115,1362.78061631,1.0,1.0,840,9.10473224778e-05,1.0
161.469973742,1.04281892783,171.883944895,116.678847867,1.0,1.0,841,0.000477286735302,1.0
1846.10699712,1.00457765009,1858.05782898,1295.79091976,1.0,1.0,842,0.000112374129325,1.0
1018.41316571,1.26149593489,1288.22406858,717.304451772,1.0,1.0,843,0.000201159204501,1.0
1766.60951498,2.39636519893,4236.94156181,1245.01393868,1.0,1.0,844,3.64286270955e-05,1.0
1185.10836728,1.63677763148,1943.25886646,835.30457881,1.0,1.0,845,0.000136441794042,1.0
232.927568047,1.13356844988,267.539342245,167.016787207,1.0,1.0,846,0.000427721576543,1.0
1247.44952254,1.47650300956,1845.36297431,878.382426313,1.0,1.0,847,0.000144433379478,1.0
544.8824932,0.273218970663,152.372233924,382.374011637,1.0,1.0,848,0.000118544729437,1.0
251.473767142,1.23683100888,314.530553121,180.360545531,1.0,1.0,849,0.000397590140071,1.0
1938.94716521,2.37972067464,4617.65265607,1365.59203801,1.0,1.0,850,3.22211055213e-05,1.0
1865.50671458,1.33647300217,2496.6993594,1310.53235571,1.0,1.0,851,9.2115231016e-05,1.0
1364.99470777,1.29930335933,1777.04220928,960.043857199,1.0,1.0,852,0.000145559314036,1.0
1033.31006725,0.447346347565,465.747484484,724.882759289,1.0,1.0,853,0.000113667195604,1.0
2409.82226333,1.64857669557,3976.2768238,1692.64560277,1.0,1.0,854,4.66048245879e-05,1.0
88.4715307994,0.51402613545,48.9766790742,63.7291630337,1.0,1.0,855,0.000290104175187,1.0
76.11957366,2.36124426072,183.236906433,61.5480564745,1.0,1.0,856,0.000167776698345,1.0
194.211630419,1.81678005677,356.339816937,142.306871492,1.0,1.0,857,0.000280441870811,1.0
1178.06765878,1.93248694529,2280.10037127,831.411065457,1.0,1.0,858,0.000107501406618,1.0
387.719551888,0.907526111849,355.365617413,274.580027713,1.0,1.0,859,0.000366907591746,1.0
335.633032872,0.754437955574,256.714299143,237.583655855,1.0,1.0,860,0.000325582528799,1.0
2065.97474941,2.21068942492,4570.72853068,1453.91973757,1.0,1.0,861,3.67117792429e-05,1.0
302.960441418,0.98309514594,301.33893937,215.513142003,1.0,1.0,862,0.000424611798025,1.0
332.608313352,1.62763595853,544.865250919,238.522545202,1.0,1.0,863,0.000288373552794,1.0
1423.95761938,2.53930707556,3619.36565819,1005.65790833,1.0,1.0,864,3.74581535986e-05,1.0
346.283616208,2.44105924215,848.798821749,250.942238693,1.0,1.0,865,0.000116060611063,1.0
178.061145793,2.69590177426,483.53535887,134.078458265,1.0,1.0,866,7.30959809115e-05,1.0
26.8273680061,0.948114877414,28.9354267284,22.0975596752,1.0,1.0,867,0.00052247727313,1.0
1889.5987644,1.74978485566,3309.89130122,1328.84338207,1.0,1.0,868,6.7792788644e-05,1.0
927.704847396,0.632713885405,590.471738505,651.607891776,1.0,1.0,869,0.000166804905121,1.0
4421.19136513,1.03250549436,4568.40437614,3098.44772482,1.0,1.0,870,1.1791931439e-05,1.0
153.73746077,1.3287435855,207.777664849,112.266825088,1.0,1.0,871,0.000410310913062,1.0
2335.96652551,0.841430533211,1969.05355912,1638.12157472,1.0,1.0,872,6.29463330502e-05,1.0
277.957345865,2.31464538786,646.872688629,202.671400963,1.0,1.0,873,0.000151025593606,1.0
743.203699746,1.06280159816,793.378079851,523.962395416,1.0,1.0,874,0.000284788468226,1.0
2006.27107844,0.823801967627,1656.27006201,1407.2730618,1.0,1.0,875,8.22871296096e-05,1.0
124.515512734,1.76315065653,223.039608026,93.3318862117,1.0,1.0,876,0.000311478370186,1.0
2487.02188064,1.09369888522,2723.55305836,1744.74326254,1.0,1.0,877,6.14698517598e-05,1.0
528.991084908,0.646742310113,345.620916283,372.557357521,1.0,1.0,878,0.000240488131077,1.0
511.577868324,1.00390540132,517.075785204,361.618176731,1.0,1.0,879,0.000358959987057,1.0
917.945077192,1.1460366773,1055.49872621,646.572682405,1.0,1.0,880,0.00023411315507,1.0
133.535243038,1.70090982217,230.63140649,99.4278545044,1.0,1.0,881,0.000324595436115,1.0
1091.031585,0.286556753771,316.142469261,764.725058141,1.0,1.0,883,7.63443509846e-05,1.0
384.61948994,0.188308874195,75.9272631441,269.892724018,1.0,1.0,884,0.000105276081908,1.0
2072.34433936,2.64313723366,5480.99048433,1459.89201787,1.0,1.0,882,1.65063894573e-05,1.0
738.366254912,1.71269196321,1268.0939507,522.85080031,1.0,1.0,885,0.000190045915441,1.0
1315.58296356,0.670484596752,885.578112814,923.254770578,1.0,1.0,886,0.000125165305414,1.0
577.998266674,0.9802679071,570.09315118,408.029724346,1.0,1.0,887,0.000333378566768,1.0
71.6947219019,2.63101637904,192.129987614,59.3948626579,1.0,1.0,888,9.72916986545e-05,1.0
1336.96071704,1.87136887172,2505.44666858,942.42229298,1.0,1.0,889,9.89822740226e-05,1.0
1790.74345786,0.829061579817,1488.13660022,1256.42213603,1.0,1.0,890,9.98232414374e-05,1.0
431.168437553,0.841851243573,366.479685344,304.76438564,1.0,1.0,891,0.000330267729761,1.0
1136.726484,1.07800619582,1228.89819271,799.481560486,1.0,1.0,892,0.000200637971247,1.0
763.809394114,2.40593837204,1841.17833023,543.087360182,1.0,1.0,893,8.5781615592e-05,1.0
1961.08045168,0.386518230581,761.49334621,1374.10912998,1.0,1.0,894,4.50740729852e-05,1.0
1114.52372293,1.78516767819,1993.11172676,786.414692927,1.0,1.0,895,0.000129290462661,1.0
221.252286555,1.97614114952,440.725747885,161.793094611,1.0,1.0,896,0.000237028476196,1.0
288.975412169,2.68639177235,779.80116966,211.685159721,1.0,1.0,897,6.84478223065e-05,1.0
372.610661645,1.81278726435,678.963861992,267.172218577,1.0,1.0,898,0.000240935230767,1.0
437.704613439,1.91330162507,840.960948192,313.089785095,1.0,1.0,899,0.000208394344571,1.0
443.007380789,1.79235923514,797.52837019,316.378423875,1.0,1.0,900,0.000230521320309,1.0
1014.46126394,0.665427203705,678.550122132,712.451879973,1.0,1.0,901,0.000161584081631,1.0
558.194213972,0.951704105764,534.735725251,394.06691415,1.0,1.0,902,0.000330204097721,1.0
870.154741301,1.76411018905,1538.54884518,615.282704572,1.0,1.0,903,0.000162690184011,1.0
3175.36884789,0.458534269762,1459.51543589,2224.36306347,1.0,1.0,904,1.79918324341e-05,1.0
1580.57946405,0.616004848107,977.144612676,1108.56164181,1.0,1.0,905,9.23656934079e-05,1.0
187.327330326,0.990153730861,188.982855015,134.594669286,1.0,1.0,906,0.0004726107199,1.0
4564.82570295,1.32534344846,6053.46183876,3200.01669414,1.0,1.0,907,8.85782136682e-06,1.0
86.2795879458,0.969348221413,87.1349651195,63.788430337,1.0,1.0,908,0.000506191058206,1.0
1953.44741947,2.25950835002,4417.33075561,1375.32147285,1.0,1.0,909,3.79834646294e-05,1.0
3330.90069497,2.62041442754,8731.84023778,2340.80193697,1.0,1.0,910,5.87397910378e-06,1.0
25.3818509232,1.02622634144,29.5475240119,21.3590878413,1.0,1.0,911,0.000541832093565,1.0
961.951639148,1.28223401476,1236.94711227,677.853966455,1.0,1.0,912,0.000208766786507,1.0
373.946093589,0.975339972547,368.224572655,265.175955416,1.0,1.0,913,0.000396323923137,1.0
1432.39755352,0.560907783006,806.942936129,1004.64146471,1.0,1.0,914,9.69893587763e-05,1.0
978.811096505,1.2367370488,1214.03194683,689.496347225,1.0,1.0,915,0.000211175911166,1.0
182.527335396,2.46214432198,452.90864245,136.386639904,1.0,1.0,916,0.000128782805501,1.0
295.497063502,1.15817243804,345.73655447,210.901547984,1.0,1.0,917,0.000399721067972,1.0
539.076962587,1.277579173,692.213500045,381.825400917,1.0,1.0,918,0.000302422456225,1.0
4868.26269903,1.19998573817,5845.34580851,3411.98383941,1.0,1.0,919,7.31185599856e-06,1.0
568.964744027,1.15080545053,658.267728588,402.303139896,1.0,1.0,920,0.000316347704218,1.0
2580.6762537,2.03549120551,5256.44381868,1813.59759681,1.0,1.0,921,2.86675674838e-05,1.0
370.758573156,1.02218636443,382.484357975,263.108653485,1.0,1.0,922,0.000402028568356,1.0
144.821635182,1.41221397668,208.019137331,106.317893546,1.0,1.0,923,0.000392853545743,1.0
4379.17173762,1.60474747028,7030.96476786,3071.03683248,1.0,1.0,924,8.67362760537e-06,1.0
63.6498313098,1.51765196858,100.098291787,49.8666638069,1.0,1.0,925,0.000393603117348,1.0
450.198404472,0.578351394107,263.872874851,317.163113009,1.0,1.0,926,0.000233963622557,1.0
2141.97861125,1.19797833561,2569.54397163,1503.57795205,1.0,1.0,927,7.84513658824e-05,1.0
152.419224882,1.22103112517,189.608617655,110.967066355,1.0,1.0,928,0.00043725663456,1.0
678.741159207,0.992188422666,676.939120152,478.591470924,1.0,1.0,929,0.000308773100035,1.0
1083.15503371,0.200318407009,220.475890896,758.909638022,1.0,1.0,930,5.97202531203e-05,1.0
572.363831949,1.38763061114,797.729573922,405.511389503,1.0,1.0,931,0.000275018765525,1.0
206.605948691,0.236131630332,52.2861995006,145.45062479,1.0,1.0,932,0.000143298302181,1.0
1292.2139867,0.744057459815,964.981456484,907.153991802,1.0,1.0,933,0.000139933488297,1.0
6433.94413537,1.01462369384,6531.53216461,4507.31207769,1.0,1.0,934,2.06549141908e-06,1.0
1287.53499941,2.10071602979,2708.24541218,908.627005692,1.0,1.0,935,8.23335952975e-05,1.0
302.898976482,0.96415567664,295.541767624,215.403828406,1.0,1.0,936,0.00041720916227,1.0
1122.05698097,2.6101168082,2932.19978578,794.575295506,1.0,1.0,937,4.12228796609e-05,1.0
93.0174093729,2.18200870918,206.464797357,72.7492170432,1.0,1.0,938,0.000211719516783,1.0
180.506317779,2.17845190681,396.724332158,133.979004119,1.0,1.0,939,0.000197055576587,1.0
1050.50381215,0.953962763649,1005.64151986,738.691538175,1.0,1.0,940,0.000215626319079,1.0
323.315771828,0.848229055128,277.745831646,229.289841973,1.0,1.0,941,0.000365214259192,1.0
574.396896437,1.72075215069,991.894694894,408.100460033,1.0,1.0,942,0.000217813259468,1.0
351.268700544,2.09282352051,738.643398518,253.212972702,1.0,1.0,943,0.000187554422729,1.0
160.191758226,1.8202812634,295.09405605,118.50521518,1.0,1.0,944,0.000288011474615,1.0
6044.79437802,2.31181655074,13977.9556889,4239.44742254,1.0,1.0,945,1.00442993935e-06,1.0
1346.5594568,1.43780299311,1939.58721739,947.623930238,1.0,1.0,946,0.000135867146045,1.0
1157.18568844,1.44726517172,1678.25454409,815.095410008,1.0,1.0,947,0.000159231215708,1.0
2375.72979394,2.20796798063,5249.03531565,1670.73874369,1.0,1.0,948,2.81360794778e-05,1.0
2074.08048506,1.51806172576,3152.08220052,1457.16955558,1.0,1.0,949,6.8442361551e-05,1.0
618.784970364,0.187238794883,119.360552143,433.804815037,1.0,1.0,950,8.55536620551e-05,1.0
2045.64795745,0.406993088365,836.064579909,1433.37804602,1.0,1.0,951,4.36392279747e-05,1.0
5226.5038738,1.01177893214,5291.56650828,3662.09393792,1.0,1.0,952,5.91370792484e-06,1.0
1336.48790217,1.76966429289,2368.63491835,941.735356544,1.0,1.0,953,0.000107946279358,1.0
104.554346691,0.582910042352,64.4457786576,75.2282278318,1.0,1.0,954,0.000318166134413,1.0
282.350560075,1.71950009788,489.001815685,203.663642395,1.0,1.0,955,0.000281096116686,1.0
153.161800617,1.04317239506,163.274162381,110.864363815,1.0,1.0,956,0.00048066229141,1.0
1032.32506034,1.07902873096,1117.4083998,726.404142795,1.0,1.0,957,0.000219598136801,1.0
711.674453527,0.505876374669,363.519292495,499.942684781,1.0,1.0,958,0.000166449508374,1.0
1159.76558771,2.15628520129,2504.28537375,819.382909604,1.0,1.0,959,8.6328024696e-05,1.0
958.309928232,1.47337991958,1415.45460499,675.973779481,1.0,1.0,960,0.000186124844693,1.0
852.966805241,0.284089165403,245.818627817,598.071075748,1.0,1.0,961,9.33136527221e-05,1.0
4186.63616549,1.13368810067,4749.83960266,2934.6132242,1.0,1.0,962,1.37176300879e-05,1.0
420.171639314,1.2293473163,520.036877176,298.422863127,1.0,1.0,963,0.000344774300129,1.0
1391.2395424,1.29665485461,1807.45750657,978.405971669,1.0,1.0,964,0.000142494976787,1.0
360.860662644,0.943614143602,344.013225141,255.905113354,1.0,1.0,965,0.000389034936759,1.0
991.287718811,1.18922530859,1182.3644433,698.063691747,1.0,1.0,966,0.000214524841919,1.0
5694.75683534,2.39430839341,13638.5040893,3994.70986411,1.0,1.0,967,1.19873679432e-06,1.0
1135.35978138,1.19866659233,1364.41784022,798.947180043,1.0,1.0,968,0.000188265888287,1.0
3171.66050586,0.894747887384,2841.33653712,2223.29397171,1.0,1.0,969,3.21469477174e-05,1.0
1270.57372309,1.30154311518,1657.20648161,893.957007063,1.0,1.0,970,0.000157813204734,1.0
295.120143607,0.0489808235324,17.9552276749,206.755533408,1.0,1.0,971,5.88055297312e-05,1.0
3466.22719708,2.60731392574,9041.04244072,2435.4846367,1.0,1.0,972,5.40178070369e-06,1.0
331.658721024,1.25510918236,419.767906168,236.553986855,1.0,1.0,973,0.000366955283708,1.0
1080.69520852,0.207961972741,228.243507495,757.214512866,1.0,1.0,974,6.13714228397e-05,1.0
1416.04990514,1.06587157476,1512.82734234,994.96548411,1.0,1.0,975,0.00015834631183,1.0
721.151324074,2.55956556398,1849.33409552,513.764406326,1.0,1.0,976,6.60027074808e-05,1.0
1145.31286345,1.88522706488,2162.67480793,808.317299143,1.0,1.0,977,0.000115505673215,1.0
2953.47192092,1.20002993144,3547.75470678,2071.6304494,1.0,1.0,978,3.86806921676e-05,1.0
1095.7175739,2.00879430183,2204.57121886,774.033081786,1.0,1.0,979,0.000107230809666,1.0
431.170808809,1.40706605522,610.185809075,306.744297359,1.0,1.0,980,0.000307215685837,1.0
1805.69071524,0.6316026578,1143.97905491,1266.19410997,1.0,1.0,981,7.7591621348e-05,1.0
1398.34338312,1.80597144955,2528.86822658,985.161268258,1.0,1.0,982,9.92721713093e-05,1.0
424.264306396,0.829261268185,355.325956768,299.887428916,1.0,1.0,983,0.000327816109887,1.0
1156.89419339,2.27462626981,2635.00192368,817.787127319,1.0,1.0,984,7.44051295388e-05,1.0
443.245585814,1.0577732372,472.353318179,313.9741164,1.0,1.0,985,0.000370666438734,1.0
3437.1505997,1.17739035584,4050.36796764,2410.12628604,1.0,1.0,986,2.57140985428e-05,1.0
6579.17424065,1.32731202503,8736.11708438,4610.06756054,1.0,1.0,987,1.53363603444e-06,1.0
132.128259781,1.0015246451,135.829708485,95.9951181042,1.0,1.0,988,0.000499957993274,1.0
929.256353479,0.653682033408,610.9381827,652.767334552,1.0,1.0,989,0.000171346936083,1.0
274.312747222,1.74773190097,482.925139162,198.135984709,1.0,1.0,990,0.000276827729189,1.0
1638.43974077,1.35058020096,2216.34427435,1151.63484924,1.0,1.0,991,0.000111282511306,1.0
755.948760968,1.22737839401,931.335176194,533.459957057,1.0,1.0,992,0.000257720396363,1.0
217.481848842,1.49413355083,328.446927051,157.466761617,1.0,1.0,993,0.000349761095783,1.0
810.360515642,0.909708347386,740.691725472,570.436340165,1.0,1.0,994,0.000254570032892,1.0
330.77847272,0.811564275113,271.947991436,234.385405867,1.0,1.0,995,0.000348820567954,1.0
92.2279425679,2.69978134924,252.495279224,74.0087945199,1.0,1.0,996,7.77585533693e-05,1.0
278.605132535,0.589127384757,167.63391311,197.085538621,1.0,1.0,997,0.000275948014327,1.0
927.819483504,0.69769220903,650.832425027,651.915561184,1.0,1.0,998,0.00018157933967,1.0
183.102566373,0.632501546531,119.312656405,130.385551874,1.0,1.0,999,0.000318728308178,1.0
1311.63929835,0.971620849995,1277.91608995,921.548181821,1.0,1.0,1000,0.00017468323128,1.0
