nuclides|A|sigma,nuclides|A|decayConstant,nuclides|B|sigma,nuclides|B|decayConstant,A,B,C,D,ProbabilityWeight,prefix,PointProbability,ProbabilityWeight-nuclides|B|sigma,ProbabilityWeight-nuclides|A|decayConstant,ProbabilityWeight-nuclides|A|sigma,ProbabilityWeight-nuclides|B|decayConstant
6.16193701021,1e-08,6.16193701021,1e-08,0.7716687,0.9140025,0.8784467,1.123975,0.001650390625,1,3.44445068368e+11,0.216666666667,0.1875,0.216666666667,0.1875
6.16193701021,1e-08,8.7101777719,1e-08,0.7716687,0.9140025,0.8784467,1.123975,0.00177734375,2,7.11861844645e+11,0.233333333333,0.1875,0.216666666667,0.1875
6.16193701021,1e-08,10.5051000591,1e-08,0.7716687,0.9140025,0.8784467,1.123975,0.00177734375,3,7.6980305141e+11,0.233333333333,0.1875,0.216666666667,0.1875
6.16193701021,1e-08,12.5257833594,1e-08,0.7716687,0.9140025,0.8784467,1.123975,0.002412109375,4,5.47787356722e+11,0.316666666667,0.1875,0.216666666667,0.1875
6.16193701021,1e-08,8.7101777719,2.75e-08,0.7716687,0.605285,0.8784467,1.278393,0.00165885416667,6,7.11861844645e+11,0.233333333333,0.1875,0.216666666667,0.175
6.16193701021,1e-08,6.16193701021,2.75e-08,0.7716687,0.605285,0.8784467,1.278393,0.00154036458333,5,3.44445068368e+11,0.216666666667,0.1875,0.216666666667,0.175
6.16193701021,1e-08,10.5051000591,2.75e-08,0.7716687,0.605285,0.8784467,1.278393,0.00165885416667,7,7.6980305141e+11,0.233333333333,0.1875,0.216666666667,0.175
6.16193701021,1e-08,12.5257833594,2.75e-08,0.7716687,0.605285,0.8784467,1.278393,0.00225130208333,8,5.47787356722e+11,0.316666666667,0.1875,0.216666666667,0.175
6.16193701021,1e-08,6.16193701021,4.5e-08,0.7716687,0.4059797,0.8784467,1.378046,0.00154036458333,9,3.44445068368e+11,0.216666666667,0.1875,0.216666666667,0.175
6.16193701021,1e-08,8.7101777719,4.5e-08,0.7716687,0.4059797,0.8784467,1.378046,0.00165885416667,10,7.11861844645e+11,0.233333333333,0.1875,0.216666666667,0.175
6.16193701021,1e-08,10.5051000591,4.5e-08,0.7716687,0.4059797,0.8784467,1.378046,0.00165885416667,11,7.6980305141e+11,0.233333333333,0.1875,0.216666666667,0.175
6.16193701021,1e-08,12.5257833594,4.5e-08,0.7716687,0.4059797,0.8784467,1.378046,0.00225130208333,12,5.47787356722e+11,0.316666666667,0.1875,0.216666666667,0.175
6.16193701021,1e-08,6.16193701021,6.25e-08,0.7716687,0.2768028,0.8784467,1.442634,0.00154036458333,13,3.44445068368e+11,0.216666666667,0.1875,0.216666666667,0.175
6.16193701021,1e-08,8.7101777719,6.25e-08,0.7716687,0.2768028,0.8784467,1.442634,0.00165885416667,14,7.11861844645e+11,0.233333333333,0.1875,0.216666666667,0.175
6.16193701021,1e-08,10.5051000591,6.25e-08,0.7716687,0.2768028,0.8784467,1.442634,0.00165885416667,15,7.6980305141e+11,0.233333333333,0.1875,0.216666666667,0.175
6.16193701021,1e-08,12.5257833594,6.25e-08,0.7716687,0.2768028,0.8784467,1.442634,0.00225130208333,16,5.47787356722e+11,0.316666666667,0.1875,0.216666666667,0.175
6.16193701021,1e-08,6.16193701021,8e-08,0.7716687,0.1926403,0.8784467,1.484715,0.00253059895833,17,3.44445068368e+11,0.216666666667,0.1875,0.216666666667,0.2875
6.16193701021,1e-08,8.7101777719,8e-08,0.7716687,0.1926403,0.8784467,1.484715,0.00272526041667,18,7.11861844645e+11,0.233333333333,0.1875,0.216666666667,0.2875
6.16193701021,1e-08,10.5051000591,8e-08,0.7716687,0.1926403,0.8784467,1.484715,0.00272526041667,19,7.6980305141e+11,0.233333333333,0.1875,0.216666666667,0.2875
6.16193701021,1e-08,12.5257833594,8e-08,0.7716687,0.1926403,0.8784467,1.484715,0.00369856770833,20,5.47787356722e+11,0.316666666667,0.1875,0.216666666667,0.2875
8.7101777719,1e-08,6.16193701021,1e-08,0.7716687,0.9140133,0.8784467,1.123987,0.00177734375,21,7.11861844645e+11,0.216666666667,0.1875,0.233333333333,0.1875
8.7101777719,1e-08,8.7101777719,1e-08,0.7716687,0.9140133,0.8784467,1.123987,0.0019140625,22,1.47119913275e+12,0.233333333333,0.1875,0.233333333333,0.1875
8.7101777719,1e-08,10.5051000591,1e-08,0.7716687,0.9140133,0.8784467,1.123987,0.0019140625,23,1.59094575744e+12,0.233333333333,0.1875,0.233333333333,0.1875
8.7101777719,1e-08,12.5257833594,1e-08,0.7716687,0.9140133,0.8784467,1.123987,0.00259765625,24,1.13210771191e+12,0.316666666667,0.1875,0.233333333333,0.1875
8.7101777719,1e-08,6.16193701021,2.75e-08,0.7716687,0.605285,0.8784467,1.278393,0.00165885416667,25,7.11861844645e+11,0.216666666667,0.1875,0.233333333333,0.175
8.7101777719,1e-08,8.7101777719,2.75e-08,0.7716687,0.605285,0.8784467,1.278393,0.00178645833333,26,1.47119913275e+12,0.233333333333,0.1875,0.233333333333,0.175
8.7101777719,1e-08,10.5051000591,2.75e-08,0.7716687,0.605285,0.8784467,1.278393,0.00178645833333,27,1.59094575744e+12,0.233333333333,0.1875,0.233333333333,0.175
8.7101777719,1e-08,12.5257833594,2.75e-08,0.7716687,0.605285,0.8784467,1.278393,0.00242447916667,28,1.13210771191e+12,0.316666666667,0.1875,0.233333333333,0.175
8.7101777719,1e-08,6.16193701021,4.5e-08,0.7716687,0.4059797,0.8784467,1.378046,0.00165885416667,29,7.11861844645e+11,0.216666666667,0.1875,0.233333333333,0.175
8.7101777719,1e-08,8.7101777719,4.5e-08,0.7716687,0.4059797,0.8784467,1.378046,0.00178645833333,30,1.47119913275e+12,0.233333333333,0.1875,0.233333333333,0.175
8.7101777719,1e-08,10.5051000591,4.5e-08,0.7716687,0.4059797,0.8784467,1.378046,0.00178645833333,31,1.59094575744e+12,0.233333333333,0.1875,0.233333333333,0.175
8.7101777719,1e-08,12.5257833594,4.5e-08,0.7716687,0.4059797,0.8784467,1.378046,0.00242447916667,32,1.13210771191e+12,0.316666666667,0.1875,0.233333333333,0.175
8.7101777719,1e-08,6.16193701021,6.25e-08,0.7716687,0.2768028,0.8784467,1.442634,0.00165885416667,33,7.11861844645e+11,0.216666666667,0.1875,0.233333333333,0.175
8.7101777719,1e-08,8.7101777719,6.25e-08,0.7716687,0.2768028,0.8784467,1.442634,0.00178645833333,34,1.47119913275e+12,0.233333333333,0.1875,0.233333333333,0.175
8.7101777719,1e-08,10.5051000591,6.25e-08,0.7716687,0.2768028,0.8784467,1.442634,0.00178645833333,35,1.59094575744e+12,0.233333333333,0.1875,0.233333333333,0.175
8.7101777719,1e-08,12.5257833594,6.25e-08,0.7716687,0.2768028,0.8784467,1.442634,0.00242447916667,36,1.13210771191e+12,0.316666666667,0.1875,0.233333333333,0.175
8.7101777719,1e-08,6.16193701021,8e-08,0.7716687,0.1926403,0.8784467,1.484715,0.00272526041667,37,7.11861844645e+11,0.216666666667,0.1875,0.233333333333,0.2875
8.7101777719,1e-08,8.7101777719,8e-08,0.7716687,0.1926403,0.8784467,1.484715,0.00293489583333,38,1.47119913275e+12,0.233333333333,0.1875,0.233333333333,0.2875
8.7101777719,1e-08,10.5051000591,8e-08,0.7716687,0.1926403,0.8784467,1.484715,0.00293489583333,39,1.59094575744e+12,0.233333333333,0.1875,0.233333333333,0.2875
8.7101777719,1e-08,12.5257833594,8e-08,0.7716687,0.1926403,0.8784467,1.484715,0.00398307291667,40,1.13210771191e+12,0.316666666667,0.1875,0.233333333333,0.2875
10.5051000591,1e-08,6.16193701021,1e-08,0.7716687,0.9140178,0.8784467,1.123992,0.00177734375,41,7.6980305141e+11,0.216666666667,0.1875,0.233333333333,0.1875
10.5051000591,1e-08,8.7101777719,1e-08,0.7716687,0.9140178,0.8784467,1.123992,0.0019140625,42,1.59094575744e+12,0.233333333333,0.1875,0.233333333333,0.1875
10.5051000591,1e-08,10.5051000591,1e-08,0.7716687,0.9140178,0.8784467,1.123992,0.0019140625,43,1.72043902608e+12,0.233333333333,0.1875,0.233333333333,0.1875
10.5051000591,1e-08,12.5257833594,1e-08,0.7716687,0.9140178,0.8784467,1.123992,0.00259765625,44,1.2242543658e+12,0.316666666667,0.1875,0.233333333333,0.1875
10.5051000591,1e-08,6.16193701021,2.75e-08,0.7716687,0.605285,0.8784467,1.278393,0.00165885416667,45,7.6980305141e+11,0.216666666667,0.1875,0.233333333333,0.175
10.5051000591,1e-08,8.7101777719,2.75e-08,0.7716687,0.605285,0.8784467,1.278393,0.00178645833333,46,1.59094575744e+12,0.233333333333,0.1875,0.233333333333,0.175
10.5051000591,1e-08,10.5051000591,2.75e-08,0.7716687,0.605285,0.8784467,1.278393,0.00178645833333,47,1.72043902608e+12,0.233333333333,0.1875,0.233333333333,0.175
10.5051000591,1e-08,12.5257833594,2.75e-08,0.7716687,0.605285,0.8784467,1.278393,0.00242447916667,48,1.2242543658e+12,0.316666666667,0.1875,0.233333333333,0.175
10.5051000591,1e-08,6.16193701021,4.5e-08,0.7716687,0.4059797,0.8784467,1.378046,0.00165885416667,49,7.6980305141e+11,0.216666666667,0.1875,0.233333333333,0.175
10.5051000591,1e-08,8.7101777719,4.5e-08,0.7716687,0.4059797,0.8784467,1.378046,0.00178645833333,50,1.59094575744e+12,0.233333333333,0.1875,0.233333333333,0.175
10.5051000591,1e-08,10.5051000591,4.5e-08,0.7716687,0.4059797,0.8784467,1.378046,0.00178645833333,51,1.72043902608e+12,0.233333333333,0.1875,0.233333333333,0.175
10.5051000591,1e-08,12.5257833594,4.5e-08,0.7716687,0.4059797,0.8784467,1.378046,0.00242447916667,52,1.2242543658e+12,0.316666666667,0.1875,0.233333333333,0.175
10.5051000591,1e-08,6.16193701021,6.25e-08,0.7716687,0.2768028,0.8784467,1.442634,0.00165885416667,53,7.6980305141e+11,0.216666666667,0.1875,0.233333333333,0.175
10.5051000591,1e-08,8.7101777719,6.25e-08,0.7716687,0.2768028,0.8784467,1.442634,0.00178645833333,54,1.59094575744e+12,0.233333333333,0.1875,0.233333333333,0.175
10.5051000591,1e-08,10.5051000591,6.25e-08,0.7716687,0.2768028,0.8784467,1.442634,0.00178645833333,55,1.72043902608e+12,0.233333333333,0.1875,0.233333333333,0.175
10.5051000591,1e-08,12.5257833594,6.25e-08,0.7716687,0.2768028,0.8784467,1.442634,0.00242447916667,56,1.2242543658e+12,0.316666666667,0.1875,0.233333333333,0.175
10.5051000591,1e-08,6.16193701021,8e-08,0.7716687,0.1926403,0.8784467,1.484715,0.00272526041667,57,7.6980305141e+11,0.216666666667,0.1875,0.233333333333,0.2875
10.5051000591,1e-08,8.7101777719,8e-08,0.7716687,0.1926403,0.8784467,1.484715,0.00293489583333,58,1.59094575744e+12,0.233333333333,0.1875,0.233333333333,0.2875
10.5051000591,1e-08,10.5051000591,8e-08,0.7716687,0.1926403,0.8784467,1.484715,0.00293489583333,59,1.72043902608e+12,0.233333333333,0.1875,0.233333333333,0.2875
10.5051000591,1e-08,12.5257833594,8e-08,0.7716687,0.1926403,0.8784467,1.484715,0.00398307291667,60,1.2242543658e+12,0.316666666667,0.1875,0.233333333333,0.2875
12.5257833594,1e-08,6.16193701021,1e-08,0.7716687,0.9140213,0.8784467,1.123996,0.002412109375,61,5.47787356722e+11,0.216666666667,0.1875,0.316666666667,0.1875
12.5257833594,1e-08,8.7101777719,1e-08,0.7716687,0.9140213,0.8784467,1.123996,0.00259765625,62,1.13210771191e+12,0.233333333333,0.1875,0.316666666667,0.1875
12.5257833594,1e-08,10.5051000591,1e-08,0.7716687,0.9140213,0.8784467,1.123996,0.00259765625,63,1.2242543658e+12,0.233333333333,0.1875,0.316666666667,0.1875
12.5257833594,1e-08,12.5257833594,1e-08,0.7716687,0.9140213,0.8784467,1.123996,0.003525390625,64,8.71172258632e+11,0.316666666667,0.1875,0.316666666667,0.1875
12.5257833594,1e-08,6.16193701021,2.75e-08,0.7716687,0.605285,0.8784467,1.278393,0.00225130208333,65,5.47787356722e+11,0.216666666667,0.1875,0.316666666667,0.175
12.5257833594,1e-08,8.7101777719,2.75e-08,0.7716687,0.605285,0.8784467,1.278393,0.00242447916667,66,1.13210771191e+12,0.233333333333,0.1875,0.316666666667,0.175
12.5257833594,1e-08,10.5051000591,2.75e-08,0.7716687,0.605285,0.8784467,1.278393,0.00242447916667,67,1.2242543658e+12,0.233333333333,0.1875,0.316666666667,0.175
12.5257833594,1e-08,12.5257833594,2.75e-08,0.7716687,0.605285,0.8784467,1.278393,0.00329036458333,68,8.71172258632e+11,0.316666666667,0.1875,0.316666666667,0.175
12.5257833594,1e-08,6.16193701021,4.5e-08,0.7716687,0.4059797,0.8784467,1.378046,0.00225130208333,69,5.47787356722e+11,0.216666666667,0.1875,0.316666666667,0.175
12.5257833594,1e-08,8.7101777719,4.5e-08,0.7716687,0.4059797,0.8784467,1.378046,0.00242447916667,70,1.13210771191e+12,0.233333333333,0.1875,0.316666666667,0.175
12.5257833594,1e-08,10.5051000591,4.5e-08,0.7716687,0.4059797,0.8784467,1.378046,0.00242447916667,71,1.2242543658e+12,0.233333333333,0.1875,0.316666666667,0.175
12.5257833594,1e-08,12.5257833594,4.5e-08,0.7716687,0.4059797,0.8784467,1.378046,0.00329036458333,72,8.71172258632e+11,0.316666666667,0.1875,0.316666666667,0.175
12.5257833594,1e-08,6.16193701021,6.25e-08,0.7716687,0.2768028,0.8784467,1.442634,0.00225130208333,73,5.47787356722e+11,0.216666666667,0.1875,0.316666666667,0.175
12.5257833594,1e-08,8.7101777719,6.25e-08,0.7716687,0.2768028,0.8784467,1.442634,0.00242447916667,74,1.13210771191e+12,0.233333333333,0.1875,0.316666666667,0.175
12.5257833594,1e-08,10.5051000591,6.25e-08,0.7716687,0.2768028,0.8784467,1.442634,0.00242447916667,75,1.2242543658e+12,0.233333333333,0.1875,0.316666666667,0.175
12.5257833594,1e-08,12.5257833594,6.25e-08,0.7716687,0.2768028,0.8784467,1.442634,0.00329036458333,76,8.71172258632e+11,0.316666666667,0.1875,0.316666666667,0.175
12.5257833594,1e-08,6.16193701021,8e-08,0.7716687,0.1926403,0.8784467,1.484715,0.00369856770833,77,5.47787356722e+11,0.216666666667,0.1875,0.316666666667,0.2875
12.5257833594,1e-08,8.7101777719,8e-08,0.7716687,0.1926403,0.8784467,1.484715,0.00398307291667,78,1.13210771191e+12,0.233333333333,0.1875,0.316666666667,0.2875
12.5257833594,1e-08,10.5051000591,8e-08,0.7716687,0.1926403,0.8784467,1.484715,0.00398307291667,79,1.2242543658e+12,0.233333333333,0.1875,0.316666666667,0.2875
12.5257833594,1e-08,12.5257833594,8e-08,0.7716687,0.1926403,0.8784467,1.484715,0.00540559895833,80,8.71172258632e+11,0.316666666667,0.1875,0.316666666667,0.2875
6.16193701021,2.75e-08,6.16193701021,1e-08,0.4902695,0.9140394,0.8784467,1.124016,0.00154036458333,81,3.44445068368e+11,0.216666666667,0.175,0.216666666667,0.1875
6.16193701021,2.75e-08,8.7101777719,1e-08,0.4902695,0.9140394,0.8784467,1.124016,0.00165885416667,82,7.11861844645e+11,0.233333333333,0.175,0.216666666667,0.1875
6.16193701021,2.75e-08,10.5051000591,1e-08,0.4902695,0.9140394,0.8784467,1.124016,0.00165885416667,83,7.6980305141e+11,0.233333333333,0.175,0.216666666667,0.1875
6.16193701021,2.75e-08,12.5257833594,1e-08,0.4902695,0.9140394,0.8784467,1.124016,0.00225130208333,84,5.47787356722e+11,0.316666666667,0.175,0.216666666667,0.1875
6.16193701021,2.75e-08,6.16193701021,2.75e-08,0.4902695,0.6052943,0.8784467,1.278183,0.00143767361111,85,3.44445068368e+11,0.216666666667,0.175,0.216666666667,0.175
6.16193701021,2.75e-08,8.7101777719,2.75e-08,0.4902695,0.6052943,0.8784467,1.278183,0.00154826388889,86,7.11861844645e+11,0.233333333333,0.175,0.216666666667,0.175
6.16193701021,2.75e-08,10.5051000591,2.75e-08,0.4902695,0.6052943,0.8784467,1.278183,0.00154826388889,87,7.6980305141e+11,0.233333333333,0.175,0.216666666667,0.175
6.16193701021,2.75e-08,12.5257833594,2.75e-08,0.4902695,0.6052943,0.8784467,1.278183,0.00210121527778,88,5.47787356722e+11,0.316666666667,0.175,0.216666666667,0.175
6.16193701021,2.75e-08,6.16193701021,4.5e-08,0.4902695,0.4059797,0.8784467,1.378046,0.00143767361111,89,3.44445068368e+11,0.216666666667,0.175,0.216666666667,0.175
6.16193701021,2.75e-08,8.7101777719,4.5e-08,0.4902695,0.4059797,0.8784467,1.378046,0.00154826388889,90,7.11861844645e+11,0.233333333333,0.175,0.216666666667,0.175
6.16193701021,2.75e-08,10.5051000591,4.5e-08,0.4902695,0.4059797,0.8784467,1.378046,0.00154826388889,91,7.6980305141e+11,0.233333333333,0.175,0.216666666667,0.175
6.16193701021,2.75e-08,12.5257833594,4.5e-08,0.4902695,0.4059797,0.8784467,1.378046,0.00210121527778,92,5.47787356722e+11,0.316666666667,0.175,0.216666666667,0.175
6.16193701021,2.75e-08,6.16193701021,6.25e-08,0.4902695,0.2768028,0.8784467,1.442634,0.00143767361111,93,3.44445068368e+11,0.216666666667,0.175,0.216666666667,0.175
6.16193701021,2.75e-08,8.7101777719,6.25e-08,0.4902695,0.2768028,0.8784467,1.442634,0.00154826388889,94,7.11861844645e+11,0.233333333333,0.175,0.216666666667,0.175
6.16193701021,2.75e-08,10.5051000591,6.25e-08,0.4902695,0.2768028,0.8784467,1.442634,0.00154826388889,95,7.6980305141e+11,0.233333333333,0.175,0.216666666667,0.175
6.16193701021,2.75e-08,12.5257833594,6.25e-08,0.4902695,0.2768028,0.8784467,1.442634,0.00210121527778,96,5.47787356722e+11,0.316666666667,0.175,0.216666666667,0.175
6.16193701021,2.75e-08,6.16193701021,8e-08,0.4902695,0.1926403,0.8784467,1.484715,0.00236189236111,97,3.44445068368e+11,0.216666666667,0.175,0.216666666667,0.2875
6.16193701021,2.75e-08,8.7101777719,8e-08,0.4902695,0.1926403,0.8784467,1.484715,0.00254357638889,98,7.11861844645e+11,0.233333333333,0.175,0.216666666667,0.2875
6.16193701021,2.75e-08,10.5051000591,8e-08,0.4902695,0.1926403,0.8784467,1.484715,0.00254357638889,99,7.6980305141e+11,0.233333333333,0.175,0.216666666667,0.2875
6.16193701021,2.75e-08,12.5257833594,8e-08,0.4902695,0.1926403,0.8784467,1.484715,0.00345199652778,100,5.47787356722e+11,0.316666666667,0.175,0.216666666667,0.2875
8.7101777719,2.75e-08,6.16193701021,1e-08,0.4902695,0.9140394,0.8784467,1.124016,0.00165885416667,101,7.11861844645e+11,0.216666666667,0.175,0.233333333333,0.1875
8.7101777719,2.75e-08,8.7101777719,1e-08,0.4902695,0.9140394,0.8784467,1.124016,0.00178645833333,102,1.47119913275e+12,0.233333333333,0.175,0.233333333333,0.1875
8.7101777719,2.75e-08,10.5051000591,1e-08,0.4902695,0.9140394,0.8784467,1.124016,0.00178645833333,103,1.59094575744e+12,0.233333333333,0.175,0.233333333333,0.1875
8.7101777719,2.75e-08,12.5257833594,1e-08,0.4902695,0.9140394,0.8784467,1.124016,0.00242447916667,104,1.13210771191e+12,0.316666666667,0.175,0.233333333333,0.1875
8.7101777719,2.75e-08,6.16193701021,2.75e-08,0.4902695,0.6052916,0.8784467,1.278245,0.00154826388889,105,7.11861844645e+11,0.216666666667,0.175,0.233333333333,0.175
8.7101777719,2.75e-08,8.7101777719,2.75e-08,0.4902695,0.6052916,0.8784467,1.278245,0.00166736111111,106,1.47119913275e+12,0.233333333333,0.175,0.233333333333,0.175
8.7101777719,2.75e-08,10.5051000591,2.75e-08,0.4902695,0.6052916,0.8784467,1.278245,0.00166736111111,107,1.59094575744e+12,0.233333333333,0.175,0.233333333333,0.175
8.7101777719,2.75e-08,12.5257833594,2.75e-08,0.4902695,0.6052916,0.8784467,1.278245,0.00226284722222,108,1.13210771191e+12,0.316666666667,0.175,0.233333333333,0.175
8.7101777719,2.75e-08,6.16193701021,4.5e-08,0.4902695,0.4059797,0.8784467,1.378046,0.00154826388889,109,7.11861844645e+11,0.216666666667,0.175,0.233333333333,0.175
8.7101777719,2.75e-08,8.7101777719,4.5e-08,0.4902695,0.4059797,0.8784467,1.378046,0.00166736111111,110,1.47119913275e+12,0.233333333333,0.175,0.233333333333,0.175
8.7101777719,2.75e-08,10.5051000591,4.5e-08,0.4902695,0.4059797,0.8784467,1.378046,0.00166736111111,111,1.59094575744e+12,0.233333333333,0.175,0.233333333333,0.175
8.7101777719,2.75e-08,12.5257833594,4.5e-08,0.4902695,0.4059797,0.8784467,1.378046,0.00226284722222,112,1.13210771191e+12,0.316666666667,0.175,0.233333333333,0.175
8.7101777719,2.75e-08,6.16193701021,6.25e-08,0.4902695,0.2768028,0.8784467,1.442634,0.00154826388889,113,7.11861844645e+11,0.216666666667,0.175,0.233333333333,0.175
8.7101777719,2.75e-08,8.7101777719,6.25e-08,0.4902695,0.2768028,0.8784467,1.442634,0.00166736111111,114,1.47119913275e+12,0.233333333333,0.175,0.233333333333,0.175
8.7101777719,2.75e-08,10.5051000591,6.25e-08,0.4902695,0.2768028,0.8784467,1.442634,0.00166736111111,115,1.59094575744e+12,0.233333333333,0.175,0.233333333333,0.175
8.7101777719,2.75e-08,12.5257833594,6.25e-08,0.4902695,0.2768028,0.8784467,1.442634,0.00226284722222,116,1.13210771191e+12,0.316666666667,0.175,0.233333333333,0.175
8.7101777719,2.75e-08,6.16193701021,8e-08,0.4902695,0.1926403,0.8784467,1.484715,0.00254357638889,117,7.11861844645e+11,0.216666666667,0.175,0.233333333333,0.2875
8.7101777719,2.75e-08,8.7101777719,8e-08,0.4902695,0.1926403,0.8784467,1.484715,0.00273923611111,118,1.47119913275e+12,0.233333333333,0.175,0.233333333333,0.2875
8.7101777719,2.75e-08,10.5051000591,8e-08,0.4902695,0.1926403,0.8784467,1.484715,0.00273923611111,119,1.59094575744e+12,0.233333333333,0.175,0.233333333333,0.2875
8.7101777719,2.75e-08,12.5257833594,8e-08,0.4902695,0.1926403,0.8784467,1.484715,0.00371753472222,120,1.13210771191e+12,0.316666666667,0.175,0.233333333333,0.2875
10.5051000591,2.75e-08,6.16193701021,1e-08,0.4902695,0.9140394,0.8784467,1.124016,0.00165885416667,121,7.6980305141e+11,0.216666666667,0.175,0.233333333333,0.1875
10.5051000591,2.75e-08,8.7101777719,1e-08,0.4902695,0.9140394,0.8784467,1.124016,0.00178645833333,122,1.59094575744e+12,0.233333333333,0.175,0.233333333333,0.1875
10.5051000591,2.75e-08,10.5051000591,1e-08,0.4902695,0.9140394,0.8784467,1.124016,0.00178645833333,123,1.72043902608e+12,0.233333333333,0.175,0.233333333333,0.1875
10.5051000591,2.75e-08,12.5257833594,1e-08,0.4902695,0.9140394,0.8784467,1.124016,0.00242447916667,124,1.2242543658e+12,0.316666666667,0.175,0.233333333333,0.1875
10.5051000591,2.75e-08,6.16193701021,2.75e-08,0.4902695,0.6052904,0.8784467,1.27827,0.00154826388889,125,7.6980305141e+11,0.216666666667,0.175,0.233333333333,0.175
10.5051000591,2.75e-08,8.7101777719,2.75e-08,0.4902695,0.6052904,0.8784467,1.27827,0.00166736111111,126,1.59094575744e+12,0.233333333333,0.175,0.233333333333,0.175
10.5051000591,2.75e-08,10.5051000591,2.75e-08,0.4902695,0.6052904,0.8784467,1.27827,0.00166736111111,127,1.72043902608e+12,0.233333333333,0.175,0.233333333333,0.175
10.5051000591,2.75e-08,12.5257833594,2.75e-08,0.4902695,0.6052904,0.8784467,1.27827,0.00226284722222,128,1.2242543658e+12,0.316666666667,0.175,0.233333333333,0.175
10.5051000591,2.75e-08,6.16193701021,4.5e-08,0.4902695,0.4059797,0.8784467,1.378046,0.00154826388889,129,7.6980305141e+11,0.216666666667,0.175,0.233333333333,0.175
10.5051000591,2.75e-08,8.7101777719,4.5e-08,0.4902695,0.4059797,0.8784467,1.378046,0.00166736111111,130,1.59094575744e+12,0.233333333333,0.175,0.233333333333,0.175
10.5051000591,2.75e-08,10.5051000591,4.5e-08,0.4902695,0.4059797,0.8784467,1.378046,0.00166736111111,131,1.72043902608e+12,0.233333333333,0.175,0.233333333333,0.175
10.5051000591,2.75e-08,12.5257833594,4.5e-08,0.4902695,0.4059797,0.8784467,1.378046,0.00226284722222,132,1.2242543658e+12,0.316666666667,0.175,0.233333333333,0.175
10.5051000591,2.75e-08,6.16193701021,6.25e-08,0.4902695,0.2768028,0.8784467,1.442634,0.00154826388889,133,7.6980305141e+11,0.216666666667,0.175,0.233333333333,0.175
10.5051000591,2.75e-08,8.7101777719,6.25e-08,0.4902695,0.2768028,0.8784467,1.442634,0.00166736111111,134,1.59094575744e+12,0.233333333333,0.175,0.233333333333,0.175
10.5051000591,2.75e-08,10.5051000591,6.25e-08,0.4902695,0.2768028,0.8784467,1.442634,0.00166736111111,135,1.72043902608e+12,0.233333333333,0.175,0.233333333333,0.175
10.5051000591,2.75e-08,12.5257833594,6.25e-08,0.4902695,0.2768028,0.8784467,1.442634,0.00226284722222,136,1.2242543658e+12,0.316666666667,0.175,0.233333333333,0.175
10.5051000591,2.75e-08,6.16193701021,8e-08,0.4902695,0.1926403,0.8784467,1.484715,0.00254357638889,137,7.6980305141e+11,0.216666666667,0.175,0.233333333333,0.2875
10.5051000591,2.75e-08,8.7101777719,8e-08,0.4902695,0.1926403,0.8784467,1.484715,0.00273923611111,138,1.59094575744e+12,0.233333333333,0.175,0.233333333333,0.2875
10.5051000591,2.75e-08,10.5051000591,8e-08,0.4902695,0.1926403,0.8784467,1.484715,0.00273923611111,139,1.72043902608e+12,0.233333333333,0.175,0.233333333333,0.2875
10.5051000591,2.75e-08,12.5257833594,8e-08,0.4902695,0.1926403,0.8784467,1.484715,0.00371753472222,140,1.2242543658e+12,0.316666666667,0.175,0.233333333333,0.2875
12.5257833594,2.75e-08,6.16193701021,1e-08,0.4902695,0.9140394,0.8784467,1.124016,0.00225130208333,141,5.47787356722e+11,0.216666666667,0.175,0.316666666667,0.1875
12.5257833594,2.75e-08,8.7101777719,1e-08,0.4902695,0.9140394,0.8784467,1.124016,0.00242447916667,142,1.13210771191e+12,0.233333333333,0.175,0.316666666667,0.1875
12.5257833594,2.75e-08,10.5051000591,1e-08,0.4902695,0.9140394,0.8784467,1.124016,0.00242447916667,143,1.2242543658e+12,0.233333333333,0.175,0.316666666667,0.1875
12.5257833594,2.75e-08,12.5257833594,1e-08,0.4902695,0.9140394,0.8784467,1.124016,0.00329036458333,144,8.71172258632e+11,0.316666666667,0.175,0.316666666667,0.1875
12.5257833594,2.75e-08,6.16193701021,2.75e-08,0.4902695,0.6052896,0.8784467,1.27829,0.00210121527778,145,5.47787356722e+11,0.216666666667,0.175,0.316666666667,0.175
12.5257833594,2.75e-08,8.7101777719,2.75e-08,0.4902695,0.6052896,0.8784467,1.27829,0.00226284722222,146,1.13210771191e+12,0.233333333333,0.175,0.316666666667,0.175
12.5257833594,2.75e-08,10.5051000591,2.75e-08,0.4902695,0.6052896,0.8784467,1.27829,0.00226284722222,147,1.2242543658e+12,0.233333333333,0.175,0.316666666667,0.175
12.5257833594,2.75e-08,12.5257833594,2.75e-08,0.4902695,0.6052896,0.8784467,1.27829,0.00307100694444,148,8.71172258632e+11,0.316666666667,0.175,0.316666666667,0.175
12.5257833594,2.75e-08,6.16193701021,4.5e-08,0.4902695,0.4059797,0.8784467,1.378046,0.00210121527778,149,5.47787356722e+11,0.216666666667,0.175,0.316666666667,0.175
12.5257833594,2.75e-08,8.7101777719,4.5e-08,0.4902695,0.4059797,0.8784467,1.378046,0.00226284722222,150,1.13210771191e+12,0.233333333333,0.175,0.316666666667,0.175
12.5257833594,2.75e-08,10.5051000591,4.5e-08,0.4902695,0.4059797,0.8784467,1.378046,0.00226284722222,151,1.2242543658e+12,0.233333333333,0.175,0.316666666667,0.175
12.5257833594,2.75e-08,12.5257833594,4.5e-08,0.4902695,0.4059797,0.8784467,1.378046,0.00307100694444,152,8.71172258632e+11,0.316666666667,0.175,0.316666666667,0.175
12.5257833594,2.75e-08,6.16193701021,6.25e-08,0.4902695,0.2768028,0.8784467,1.442634,0.00210121527778,153,5.47787356722e+11,0.216666666667,0.175,0.316666666667,0.175
12.5257833594,2.75e-08,8.7101777719,6.25e-08,0.4902695,0.2768028,0.8784467,1.442634,0.00226284722222,154,1.13210771191e+12,0.233333333333,0.175,0.316666666667,0.175
12.5257833594,2.75e-08,10.5051000591,6.25e-08,0.4902695,0.2768028,0.8784467,1.442634,0.00226284722222,155,1.2242543658e+12,0.233333333333,0.175,0.316666666667,0.175
12.5257833594,2.75e-08,12.5257833594,6.25e-08,0.4902695,0.2768028,0.8784467,1.442634,0.00307100694444,156,8.71172258632e+11,0.316666666667,0.175,0.316666666667,0.175
12.5257833594,2.75e-08,6.16193701021,8e-08,0.4902695,0.1926403,0.8784467,1.484715,0.00345199652778,157,5.47787356722e+11,0.216666666667,0.175,0.316666666667,0.2875
12.5257833594,2.75e-08,8.7101777719,8e-08,0.4902695,0.1926403,0.8784467,1.484715,0.00371753472222,158,1.13210771191e+12,0.233333333333,0.175,0.316666666667,0.2875
12.5257833594,2.75e-08,10.5051000591,8e-08,0.4902695,0.1926403,0.8784467,1.484715,0.00371753472222,159,1.2242543658e+12,0.233333333333,0.175,0.316666666667,0.2875
12.5257833594,2.75e-08,12.5257833594,8e-08,0.4902695,0.1926403,0.8784467,1.484715,0.00504522569444,160,8.71172258632e+11,0.316666666667,0.175,0.316666666667,0.2875
6.16193701021,4.5e-08,6.16193701021,1e-08,0.3114863,0.9140394,0.8784467,1.124016,0.00154036458333,161,3.44445068368e+11,0.216666666667,0.175,0.216666666667,0.1875
6.16193701021,4.5e-08,8.7101777719,1e-08,0.3114863,0.9140394,0.8784467,1.124016,0.00165885416667,162,7.11861844645e+11,0.233333333333,0.175,0.216666666667,0.1875
6.16193701021,4.5e-08,10.5051000591,1e-08,0.3114863,0.9140394,0.8784467,1.124016,0.00165885416667,163,7.6980305141e+11,0.233333333333,0.175,0.216666666667,0.1875
6.16193701021,4.5e-08,12.5257833594,1e-08,0.3114863,0.9140394,0.8784467,1.124016,0.00225130208333,164,5.47787356722e+11,0.316666666667,0.175,0.216666666667,0.1875
6.16193701021,4.5e-08,6.16193701021,2.75e-08,0.3114863,0.605285,0.8784467,1.278393,0.00143767361111,165,3.44445068368e+11,0.216666666667,0.175,0.216666666667,0.175
6.16193701021,4.5e-08,8.7101777719,2.75e-08,0.3114863,0.605285,0.8784467,1.278393,0.00154826388889,166,7.11861844645e+11,0.233333333333,0.175,0.216666666667,0.175
6.16193701021,4.5e-08,10.5051000591,2.75e-08,0.3114863,0.605285,0.8784467,1.278393,0.00154826388889,167,7.6980305141e+11,0.233333333333,0.175,0.216666666667,0.175
6.16193701021,4.5e-08,12.5257833594,2.75e-08,0.3114863,0.605285,0.8784467,1.278393,0.00210121527778,168,5.47787356722e+11,0.316666666667,0.175,0.216666666667,0.175
6.16193701021,4.5e-08,6.16193701021,4.5e-08,0.3114863,0.4059834,0.8784467,1.377987,0.00143767361111,169,3.44445068368e+11,0.216666666667,0.175,0.216666666667,0.175
6.16193701021,4.5e-08,8.7101777719,4.5e-08,0.3114863,0.4059834,0.8784467,1.377987,0.00154826388889,170,7.11861844645e+11,0.233333333333,0.175,0.216666666667,0.175
6.16193701021,4.5e-08,10.5051000591,4.5e-08,0.3114863,0.4059834,0.8784467,1.377987,0.00154826388889,171,7.6980305141e+11,0.233333333333,0.175,0.216666666667,0.175
6.16193701021,4.5e-08,12.5257833594,4.5e-08,0.3114863,0.4059834,0.8784467,1.377987,0.00210121527778,172,5.47787356722e+11,0.316666666667,0.175,0.216666666667,0.175
6.16193701021,4.5e-08,6.16193701021,6.25e-08,0.3114863,0.2768028,0.8784467,1.442634,0.00143767361111,173,3.44445068368e+11,0.216666666667,0.175,0.216666666667,0.175
6.16193701021,4.5e-08,8.7101777719,6.25e-08,0.3114863,0.2768028,0.8784467,1.442634,0.00154826388889,174,7.11861844645e+11,0.233333333333,0.175,0.216666666667,0.175
6.16193701021,4.5e-08,10.5051000591,6.25e-08,0.3114863,0.2768028,0.8784467,1.442634,0.00154826388889,175,7.6980305141e+11,0.233333333333,0.175,0.216666666667,0.175
6.16193701021,4.5e-08,12.5257833594,6.25e-08,0.3114863,0.2768028,0.8784467,1.442634,0.00210121527778,176,5.47787356722e+11,0.316666666667,0.175,0.216666666667,0.175
6.16193701021,4.5e-08,6.16193701021,8e-08,0.3114863,0.1926403,0.8784467,1.484715,0.00236189236111,177,3.44445068368e+11,0.216666666667,0.175,0.216666666667,0.2875
6.16193701021,4.5e-08,8.7101777719,8e-08,0.3114863,0.1926403,0.8784467,1.484715,0.00254357638889,178,7.11861844645e+11,0.233333333333,0.175,0.216666666667,0.2875
6.16193701021,4.5e-08,10.5051000591,8e-08,0.3114863,0.1926403,0.8784467,1.484715,0.00254357638889,179,7.6980305141e+11,0.233333333333,0.175,0.216666666667,0.2875
6.16193701021,4.5e-08,12.5257833594,8e-08,0.3114863,0.1926403,0.8784467,1.484715,0.00345199652778,180,5.47787356722e+11,0.316666666667,0.175,0.216666666667,0.2875
8.7101777719,4.5e-08,6.16193701021,1e-08,0.3114863,0.9140394,0.8784467,1.124016,0.00165885416667,181,7.11861844645e+11,0.216666666667,0.175,0.233333333333,0.1875
8.7101777719,4.5e-08,8.7101777719,1e-08,0.3114863,0.9140394,0.8784467,1.124016,0.00178645833333,182,1.47119913275e+12,0.233333333333,0.175,0.233333333333,0.1875
8.7101777719,4.5e-08,10.5051000591,1e-08,0.3114863,0.9140394,0.8784467,1.124016,0.00178645833333,183,1.59094575744e+12,0.233333333333,0.175,0.233333333333,0.1875
8.7101777719,4.5e-08,12.5257833594,1e-08,0.3114863,0.9140394,0.8784467,1.124016,0.00242447916667,184,1.13210771191e+12,0.316666666667,0.175,0.233333333333,0.1875
8.7101777719,4.5e-08,6.16193701021,2.75e-08,0.3114863,0.605285,0.8784467,1.278393,0.00154826388889,185,7.11861844645e+11,0.216666666667,0.175,0.233333333333,0.175
8.7101777719,4.5e-08,8.7101777719,2.75e-08,0.3114863,0.605285,0.8784467,1.278393,0.00166736111111,186,1.47119913275e+12,0.233333333333,0.175,0.233333333333,0.175
8.7101777719,4.5e-08,10.5051000591,2.75e-08,0.3114863,0.605285,0.8784467,1.278393,0.00166736111111,187,1.59094575744e+12,0.233333333333,0.175,0.233333333333,0.175
8.7101777719,4.5e-08,12.5257833594,2.75e-08,0.3114863,0.605285,0.8784467,1.278393,0.00226284722222,188,1.13210771191e+12,0.316666666667,0.175,0.233333333333,0.175
8.7101777719,4.5e-08,6.16193701021,4.5e-08,0.3114863,0.4059823,0.8784467,1.378004,0.00154826388889,189,7.11861844645e+11,0.216666666667,0.175,0.233333333333,0.175
8.7101777719,4.5e-08,8.7101777719,4.5e-08,0.3114863,0.4059823,0.8784467,1.378004,0.00166736111111,190,1.47119913275e+12,0.233333333333,0.175,0.233333333333,0.175
8.7101777719,4.5e-08,10.5051000591,4.5e-08,0.3114863,0.4059823,0.8784467,1.378004,0.00166736111111,191,1.59094575744e+12,0.233333333333,0.175,0.233333333333,0.175
8.7101777719,4.5e-08,12.5257833594,4.5e-08,0.3114863,0.4059823,0.8784467,1.378004,0.00226284722222,192,1.13210771191e+12,0.316666666667,0.175,0.233333333333,0.175
8.7101777719,4.5e-08,6.16193701021,6.25e-08,0.3114863,0.2768028,0.8784467,1.442634,0.00154826388889,193,7.11861844645e+11,0.216666666667,0.175,0.233333333333,0.175
8.7101777719,4.5e-08,8.7101777719,6.25e-08,0.3114863,0.2768028,0.8784467,1.442634,0.00166736111111,194,1.47119913275e+12,0.233333333333,0.175,0.233333333333,0.175
8.7101777719,4.5e-08,10.5051000591,6.25e-08,0.3114863,0.2768028,0.8784467,1.442634,0.00166736111111,195,1.59094575744e+12,0.233333333333,0.175,0.233333333333,0.175
8.7101777719,4.5e-08,12.5257833594,6.25e-08,0.3114863,0.2768028,0.8784467,1.442634,0.00226284722222,196,1.13210771191e+12,0.316666666667,0.175,0.233333333333,0.175
8.7101777719,4.5e-08,6.16193701021,8e-08,0.3114863,0.1926403,0.8784467,1.484715,0.00254357638889,197,7.11861844645e+11,0.216666666667,0.175,0.233333333333,0.2875
8.7101777719,4.5e-08,8.7101777719,8e-08,0.3114863,0.1926403,0.8784467,1.484715,0.00273923611111,198,1.47119913275e+12,0.233333333333,0.175,0.233333333333,0.2875
8.7101777719,4.5e-08,10.5051000591,8e-08,0.3114863,0.1926403,0.8784467,1.484715,0.00273923611111,199,1.59094575744e+12,0.233333333333,0.175,0.233333333333,0.2875
8.7101777719,4.5e-08,12.5257833594,8e-08,0.3114863,0.1926403,0.8784467,1.484715,0.00371753472222,200,1.13210771191e+12,0.316666666667,0.175,0.233333333333,0.2875
10.5051000591,4.5e-08,6.16193701021,1e-08,0.3114863,0.9140394,0.8784467,1.124016,0.00165885416667,201,7.6980305141e+11,0.216666666667,0.175,0.233333333333,0.1875
10.5051000591,4.5e-08,8.7101777719,1e-08,0.3114863,0.9140394,0.8784467,1.124016,0.00178645833333,202,1.59094575744e+12,0.233333333333,0.175,0.233333333333,0.1875
10.5051000591,4.5e-08,10.5051000591,1e-08,0.3114863,0.9140394,0.8784467,1.124016,0.00178645833333,203,1.72043902608e+12,0.233333333333,0.175,0.233333333333,0.1875
10.5051000591,4.5e-08,12.5257833594,1e-08,0.3114863,0.9140394,0.8784467,1.124016,0.00242447916667,204,1.2242543658e+12,0.316666666667,0.175,0.233333333333,0.1875
10.5051000591,4.5e-08,6.16193701021,2.75e-08,0.3114863,0.605285,0.8784467,1.278393,0.00154826388889,205,7.6980305141e+11,0.216666666667,0.175,0.233333333333,0.175
10.5051000591,4.5e-08,8.7101777719,2.75e-08,0.3114863,0.605285,0.8784467,1.278393,0.00166736111111,206,1.59094575744e+12,0.233333333333,0.175,0.233333333333,0.175
10.5051000591,4.5e-08,10.5051000591,2.75e-08,0.3114863,0.605285,0.8784467,1.278393,0.00166736111111,207,1.72043902608e+12,0.233333333333,0.175,0.233333333333,0.175
10.5051000591,4.5e-08,12.5257833594,2.75e-08,0.3114863,0.605285,0.8784467,1.278393,0.00226284722222,208,1.2242543658e+12,0.316666666667,0.175,0.233333333333,0.175
10.5051000591,4.5e-08,6.16193701021,4.5e-08,0.3114863,0.4059819,0.8784467,1.378011,0.00154826388889,209,7.6980305141e+11,0.216666666667,0.175,0.233333333333,0.175
10.5051000591,4.5e-08,8.7101777719,4.5e-08,0.3114863,0.4059819,0.8784467,1.378011,0.00166736111111,210,1.59094575744e+12,0.233333333333,0.175,0.233333333333,0.175
10.5051000591,4.5e-08,10.5051000591,4.5e-08,0.3114863,0.4059819,0.8784467,1.378011,0.00166736111111,211,1.72043902608e+12,0.233333333333,0.175,0.233333333333,0.175
10.5051000591,4.5e-08,12.5257833594,4.5e-08,0.3114863,0.4059819,0.8784467,1.378011,0.00226284722222,212,1.2242543658e+12,0.316666666667,0.175,0.233333333333,0.175
10.5051000591,4.5e-08,6.16193701021,6.25e-08,0.3114863,0.2768028,0.8784467,1.442634,0.00154826388889,213,7.6980305141e+11,0.216666666667,0.175,0.233333333333,0.175
10.5051000591,4.5e-08,8.7101777719,6.25e-08,0.3114863,0.2768028,0.8784467,1.442634,0.00166736111111,214,1.59094575744e+12,0.233333333333,0.175,0.233333333333,0.175
10.5051000591,4.5e-08,10.5051000591,6.25e-08,0.3114863,0.2768028,0.8784467,1.442634,0.00166736111111,215,1.72043902608e+12,0.233333333333,0.175,0.233333333333,0.175
10.5051000591,4.5e-08,12.5257833594,6.25e-08,0.3114863,0.2768028,0.8784467,1.442634,0.00226284722222,216,1.2242543658e+12,0.316666666667,0.175,0.233333333333,0.175
10.5051000591,4.5e-08,6.16193701021,8e-08,0.3114863,0.1926403,0.8784467,1.484715,0.00254357638889,217,7.6980305141e+11,0.216666666667,0.175,0.233333333333,0.2875
10.5051000591,4.5e-08,8.7101777719,8e-08,0.3114863,0.1926403,0.8784467,1.484715,0.00273923611111,218,1.59094575744e+12,0.233333333333,0.175,0.233333333333,0.2875
10.5051000591,4.5e-08,10.5051000591,8e-08,0.3114863,0.1926403,0.8784467,1.484715,0.00273923611111,219,1.72043902608e+12,0.233333333333,0.175,0.233333333333,0.2875
10.5051000591,4.5e-08,12.5257833594,8e-08,0.3114863,0.1926403,0.8784467,1.484715,0.00371753472222,220,1.2242543658e+12,0.316666666667,0.175,0.233333333333,0.2875
12.5257833594,4.5e-08,6.16193701021,1e-08,0.3114863,0.9140394,0.8784467,1.124016,0.00225130208333,221,5.47787356722e+11,0.216666666667,0.175,0.316666666667,0.1875
12.5257833594,4.5e-08,8.7101777719,1e-08,0.3114863,0.9140394,0.8784467,1.124016,0.00242447916667,222,1.13210771191e+12,0.233333333333,0.175,0.316666666667,0.1875
12.5257833594,4.5e-08,10.5051000591,1e-08,0.3114863,0.9140394,0.8784467,1.124016,0.00242447916667,223,1.2242543658e+12,0.233333333333,0.175,0.316666666667,0.1875
12.5257833594,4.5e-08,12.5257833594,1e-08,0.3114863,0.9140394,0.8784467,1.124016,0.00329036458333,224,8.71172258632e+11,0.316666666667,0.175,0.316666666667,0.1875
12.5257833594,4.5e-08,6.16193701021,2.75e-08,0.3114863,0.605285,0.8784467,1.278393,0.00210121527778,225,5.47787356722e+11,0.216666666667,0.175,0.316666666667,0.175
12.5257833594,4.5e-08,8.7101777719,2.75e-08,0.3114863,0.605285,0.8784467,1.278393,0.00226284722222,226,1.13210771191e+12,0.233333333333,0.175,0.316666666667,0.175
12.5257833594,4.5e-08,10.5051000591,2.75e-08,0.3114863,0.605285,0.8784467,1.278393,0.00226284722222,227,1.2242543658e+12,0.233333333333,0.175,0.316666666667,0.175
12.5257833594,4.5e-08,12.5257833594,2.75e-08,0.3114863,0.605285,0.8784467,1.278393,0.00307100694444,228,8.71172258632e+11,0.316666666667,0.175,0.316666666667,0.175
12.5257833594,4.5e-08,6.16193701021,4.5e-08,0.3114863,0.4059815,0.8784467,1.378017,0.00210121527778,229,5.47787356722e+11,0.216666666667,0.175,0.316666666667,0.175
12.5257833594,4.5e-08,8.7101777719,4.5e-08,0.3114863,0.4059815,0.8784467,1.378017,0.00226284722222,230,1.13210771191e+12,0.233333333333,0.175,0.316666666667,0.175
12.5257833594,4.5e-08,10.5051000591,4.5e-08,0.3114863,0.4059815,0.8784467,1.378017,0.00226284722222,231,1.2242543658e+12,0.233333333333,0.175,0.316666666667,0.175
12.5257833594,4.5e-08,12.5257833594,4.5e-08,0.3114863,0.4059815,0.8784467,1.378017,0.00307100694444,232,8.71172258632e+11,0.316666666667,0.175,0.316666666667,0.175
12.5257833594,4.5e-08,6.16193701021,6.25e-08,0.3114863,0.2768028,0.8784467,1.442634,0.00210121527778,233,5.47787356722e+11,0.216666666667,0.175,0.316666666667,0.175
12.5257833594,4.5e-08,8.7101777719,6.25e-08,0.3114863,0.2768028,0.8784467,1.442634,0.00226284722222,234,1.13210771191e+12,0.233333333333,0.175,0.316666666667,0.175
12.5257833594,4.5e-08,10.5051000591,6.25e-08,0.3114863,0.2768028,0.8784467,1.442634,0.00226284722222,235,1.2242543658e+12,0.233333333333,0.175,0.316666666667,0.175
12.5257833594,4.5e-08,12.5257833594,6.25e-08,0.3114863,0.2768028,0.8784467,1.442634,0.00307100694444,236,8.71172258632e+11,0.316666666667,0.175,0.316666666667,0.175
12.5257833594,4.5e-08,6.16193701021,8e-08,0.3114863,0.1926403,0.8784467,1.484715,0.00345199652778,237,5.47787356722e+11,0.216666666667,0.175,0.316666666667,0.2875
12.5257833594,4.5e-08,8.7101777719,8e-08,0.3114863,0.1926403,0.8784467,1.484715,0.00371753472222,238,1.13210771191e+12,0.233333333333,0.175,0.316666666667,0.2875
12.5257833594,4.5e-08,10.5051000591,8e-08,0.3114863,0.1926403,0.8784467,1.484715,0.00371753472222,239,1.2242543658e+12,0.233333333333,0.175,0.316666666667,0.2875
12.5257833594,4.5e-08,12.5257833594,8e-08,0.3114863,0.1926403,0.8784467,1.484715,0.00504522569444,240,8.71172258632e+11,0.316666666667,0.175,0.316666666667,0.2875
6.16193701021,6.25e-08,6.16193701021,1e-08,0.1978987,0.9140394,0.8784467,1.124016,0.00154036458333,241,3.44445068368e+11,0.216666666667,0.175,0.216666666667,0.1875
6.16193701021,6.25e-08,8.7101777719,1e-08,0.1978987,0.9140394,0.8784467,1.124016,0.00165885416667,242,7.11861844645e+11,0.233333333333,0.175,0.216666666667,0.1875
6.16193701021,6.25e-08,10.5051000591,1e-08,0.1978987,0.9140394,0.8784467,1.124016,0.00165885416667,243,7.6980305141e+11,0.233333333333,0.175,0.216666666667,0.1875
6.16193701021,6.25e-08,12.5257833594,1e-08,0.1978987,0.9140394,0.8784467,1.124016,0.00225130208333,244,5.47787356722e+11,0.316666666667,0.175,0.216666666667,0.1875
6.16193701021,6.25e-08,6.16193701021,2.75e-08,0.1978987,0.605285,0.8784467,1.278393,0.00143767361111,245,3.44445068368e+11,0.216666666667,0.175,0.216666666667,0.175
6.16193701021,6.25e-08,8.7101777719,2.75e-08,0.1978987,0.605285,0.8784467,1.278393,0.00154826388889,246,7.11861844645e+11,0.233333333333,0.175,0.216666666667,0.175
6.16193701021,6.25e-08,10.5051000591,2.75e-08,0.1978987,0.605285,0.8784467,1.278393,0.00154826388889,247,7.6980305141e+11,0.233333333333,0.175,0.216666666667,0.175
6.16193701021,6.25e-08,12.5257833594,2.75e-08,0.1978987,0.605285,0.8784467,1.278393,0.00210121527778,248,5.47787356722e+11,0.316666666667,0.175,0.216666666667,0.175
6.16193701021,6.25e-08,6.16193701021,4.5e-08,0.1978987,0.4059797,0.8784467,1.378046,0.00143767361111,249,3.44445068368e+11,0.216666666667,0.175,0.216666666667,0.175
6.16193701021,6.25e-08,8.7101777719,4.5e-08,0.1978987,0.4059797,0.8784467,1.378046,0.00154826388889,250,7.11861844645e+11,0.233333333333,0.175,0.216666666667,0.175
6.16193701021,6.25e-08,10.5051000591,4.5e-08,0.1978987,0.4059797,0.8784467,1.378046,0.00154826388889,251,7.6980305141e+11,0.233333333333,0.175,0.216666666667,0.175
6.16193701021,6.25e-08,12.5257833594,4.5e-08,0.1978987,0.4059797,0.8784467,1.378046,0.00210121527778,252,5.47787356722e+11,0.316666666667,0.175,0.216666666667,0.175
6.16193701021,6.25e-08,6.16193701021,6.25e-08,0.1978987,0.2768074,0.8784467,1.442908,0.00143767361111,253,3.44445068368e+11,0.216666666667,0.175,0.216666666667,0.175
6.16193701021,6.25e-08,8.7101777719,6.25e-08,0.1978987,0.2768074,0.8784467,1.442908,0.00154826388889,254,7.11861844645e+11,0.233333333333,0.175,0.216666666667,0.175
6.16193701021,6.25e-08,10.5051000591,6.25e-08,0.1978987,0.2768074,0.8784467,1.442908,0.00154826388889,255,7.6980305141e+11,0.233333333333,0.175,0.216666666667,0.175
6.16193701021,6.25e-08,12.5257833594,6.25e-08,0.1978987,0.2768074,0.8784467,1.442908,0.00210121527778,256,5.47787356722e+11,0.316666666667,0.175,0.216666666667,0.175
6.16193701021,6.25e-08,6.16193701021,8e-08,0.1978987,0.1926403,0.8784467,1.484715,0.00236189236111,257,3.44445068368e+11,0.216666666667,0.175,0.216666666667,0.2875
6.16193701021,6.25e-08,8.7101777719,8e-08,0.1978987,0.1926403,0.8784467,1.484715,0.00254357638889,258,7.11861844645e+11,0.233333333333,0.175,0.216666666667,0.2875
6.16193701021,6.25e-08,10.5051000591,8e-08,0.1978987,0.1926403,0.8784467,1.484715,0.00254357638889,259,7.6980305141e+11,0.233333333333,0.175,0.216666666667,0.2875
6.16193701021,6.25e-08,12.5257833594,8e-08,0.1978987,0.1926403,0.8784467,1.484715,0.00345199652778,260,5.47787356722e+11,0.316666666667,0.175,0.216666666667,0.2875
8.7101777719,6.25e-08,6.16193701021,1e-08,0.1978987,0.9140394,0.8784467,1.124016,0.00165885416667,261,7.11861844645e+11,0.216666666667,0.175,0.233333333333,0.1875
8.7101777719,6.25e-08,8.7101777719,1e-08,0.1978987,0.9140394,0.8784467,1.124016,0.00178645833333,262,1.47119913275e+12,0.233333333333,0.175,0.233333333333,0.1875
8.7101777719,6.25e-08,10.5051000591,1e-08,0.1978987,0.9140394,0.8784467,1.124016,0.00178645833333,263,1.59094575744e+12,0.233333333333,0.175,0.233333333333,0.1875
8.7101777719,6.25e-08,12.5257833594,1e-08,0.1978987,0.9140394,0.8784467,1.124016,0.00242447916667,264,1.13210771191e+12,0.316666666667,0.175,0.233333333333,0.1875
8.7101777719,6.25e-08,6.16193701021,2.75e-08,0.1978987,0.605285,0.8784467,1.278393,0.00154826388889,265,7.11861844645e+11,0.216666666667,0.175,0.233333333333,0.175
8.7101777719,6.25e-08,8.7101777719,2.75e-08,0.1978987,0.605285,0.8784467,1.278393,0.00166736111111,266,1.47119913275e+12,0.233333333333,0.175,0.233333333333,0.175
8.7101777719,6.25e-08,10.5051000591,2.75e-08,0.1978987,0.605285,0.8784467,1.278393,0.00166736111111,267,1.59094575744e+12,0.233333333333,0.175,0.233333333333,0.175
8.7101777719,6.25e-08,12.5257833594,2.75e-08,0.1978987,0.605285,0.8784467,1.278393,0.00226284722222,268,1.13210771191e+12,0.316666666667,0.175,0.233333333333,0.175
8.7101777719,6.25e-08,6.16193701021,4.5e-08,0.1978987,0.4059797,0.8784467,1.378046,0.00154826388889,269,7.11861844645e+11,0.216666666667,0.175,0.233333333333,0.175
8.7101777719,6.25e-08,8.7101777719,4.5e-08,0.1978987,0.4059797,0.8784467,1.378046,0.00166736111111,270,1.47119913275e+12,0.233333333333,0.175,0.233333333333,0.175
8.7101777719,6.25e-08,10.5051000591,4.5e-08,0.1978987,0.4059797,0.8784467,1.378046,0.00166736111111,271,1.59094575744e+12,0.233333333333,0.175,0.233333333333,0.175
8.7101777719,6.25e-08,12.5257833594,4.5e-08,0.1978987,0.4059797,0.8784467,1.378046,0.00226284722222,272,1.13210771191e+12,0.316666666667,0.175,0.233333333333,0.175
8.7101777719,6.25e-08,6.16193701021,6.25e-08,0.1978987,0.2768061,0.8784467,1.442828,0.00154826388889,273,7.11861844645e+11,0.216666666667,0.175,0.233333333333,0.175
8.7101777719,6.25e-08,8.7101777719,6.25e-08,0.1978987,0.2768061,0.8784467,1.442828,0.00166736111111,274,1.47119913275e+12,0.233333333333,0.175,0.233333333333,0.175
8.7101777719,6.25e-08,10.5051000591,6.25e-08,0.1978987,0.2768061,0.8784467,1.442828,0.00166736111111,275,1.59094575744e+12,0.233333333333,0.175,0.233333333333,0.175
8.7101777719,6.25e-08,12.5257833594,6.25e-08,0.1978987,0.2768061,0.8784467,1.442828,0.00226284722222,276,1.13210771191e+12,0.316666666667,0.175,0.233333333333,0.175
8.7101777719,6.25e-08,6.16193701021,8e-08,0.1978987,0.1926403,0.8784467,1.484715,0.00254357638889,277,7.11861844645e+11,0.216666666667,0.175,0.233333333333,0.2875
8.7101777719,6.25e-08,8.7101777719,8e-08,0.1978987,0.1926403,0.8784467,1.484715,0.00273923611111,278,1.47119913275e+12,0.233333333333,0.175,0.233333333333,0.2875
8.7101777719,6.25e-08,10.5051000591,8e-08,0.1978987,0.1926403,0.8784467,1.484715,0.00273923611111,279,1.59094575744e+12,0.233333333333,0.175,0.233333333333,0.2875
8.7101777719,6.25e-08,12.5257833594,8e-08,0.1978987,0.1926403,0.8784467,1.484715,0.00371753472222,280,1.13210771191e+12,0.316666666667,0.175,0.233333333333,0.2875
10.5051000591,6.25e-08,6.16193701021,1e-08,0.1978987,0.9140394,0.8784467,1.124016,0.00165885416667,281,7.6980305141e+11,0.216666666667,0.175,0.233333333333,0.1875
10.5051000591,6.25e-08,8.7101777719,1e-08,0.1978987,0.9140394,0.8784467,1.124016,0.00178645833333,282,1.59094575744e+12,0.233333333333,0.175,0.233333333333,0.1875
10.5051000591,6.25e-08,10.5051000591,1e-08,0.1978987,0.9140394,0.8784467,1.124016,0.00178645833333,283,1.72043902608e+12,0.233333333333,0.175,0.233333333333,0.1875
10.5051000591,6.25e-08,12.5257833594,1e-08,0.1978987,0.9140394,0.8784467,1.124016,0.00242447916667,284,1.2242543658e+12,0.316666666667,0.175,0.233333333333,0.1875
10.5051000591,6.25e-08,6.16193701021,2.75e-08,0.1978987,0.605285,0.8784467,1.278393,0.00154826388889,285,7.6980305141e+11,0.216666666667,0.175,0.233333333333,0.175
10.5051000591,6.25e-08,8.7101777719,2.75e-08,0.1978987,0.605285,0.8784467,1.278393,0.00166736111111,286,1.59094575744e+12,0.233333333333,0.175,0.233333333333,0.175
10.5051000591,6.25e-08,10.5051000591,2.75e-08,0.1978987,0.605285,0.8784467,1.278393,0.00166736111111,287,1.72043902608e+12,0.233333333333,0.175,0.233333333333,0.175
10.5051000591,6.25e-08,12.5257833594,2.75e-08,0.1978987,0.605285,0.8784467,1.278393,0.00226284722222,288,1.2242543658e+12,0.316666666667,0.175,0.233333333333,0.175
10.5051000591,6.25e-08,6.16193701021,4.5e-08,0.1978987,0.4059797,0.8784467,1.378046,0.00154826388889,289,7.6980305141e+11,0.216666666667,0.175,0.233333333333,0.175
10.5051000591,6.25e-08,8.7101777719,4.5e-08,0.1978987,0.4059797,0.8784467,1.378046,0.00166736111111,290,1.59094575744e+12,0.233333333333,0.175,0.233333333333,0.175
10.5051000591,6.25e-08,10.5051000591,4.5e-08,0.1978987,0.4059797,0.8784467,1.378046,0.00166736111111,291,1.72043902608e+12,0.233333333333,0.175,0.233333333333,0.175
10.5051000591,6.25e-08,12.5257833594,4.5e-08,0.1978987,0.4059797,0.8784467,1.378046,0.00226284722222,292,1.2242543658e+12,0.316666666667,0.175,0.233333333333,0.175
10.5051000591,6.25e-08,6.16193701021,6.25e-08,0.1978987,0.2768055,0.8784467,1.442795,0.00154826388889,293,7.6980305141e+11,0.216666666667,0.175,0.233333333333,0.175
10.5051000591,6.25e-08,8.7101777719,6.25e-08,0.1978987,0.2768055,0.8784467,1.442795,0.00166736111111,294,1.59094575744e+12,0.233333333333,0.175,0.233333333333,0.175
10.5051000591,6.25e-08,10.5051000591,6.25e-08,0.1978987,0.2768055,0.8784467,1.442795,0.00166736111111,295,1.72043902608e+12,0.233333333333,0.175,0.233333333333,0.175
10.5051000591,6.25e-08,12.5257833594,6.25e-08,0.1978987,0.2768055,0.8784467,1.442795,0.00226284722222,296,1.2242543658e+12,0.316666666667,0.175,0.233333333333,0.175
10.5051000591,6.25e-08,6.16193701021,8e-08,0.1978987,0.1926403,0.8784467,1.484715,0.00254357638889,297,7.6980305141e+11,0.216666666667,0.175,0.233333333333,0.2875
10.5051000591,6.25e-08,8.7101777719,8e-08,0.1978987,0.1926403,0.8784467,1.484715,0.00273923611111,298,1.59094575744e+12,0.233333333333,0.175,0.233333333333,0.2875
10.5051000591,6.25e-08,10.5051000591,8e-08,0.1978987,0.1926403,0.8784467,1.484715,0.00273923611111,299,1.72043902608e+12,0.233333333333,0.175,0.233333333333,0.2875
10.5051000591,6.25e-08,12.5257833594,8e-08,0.1978987,0.1926403,0.8784467,1.484715,0.00371753472222,300,1.2242543658e+12,0.316666666667,0.175,0.233333333333,0.2875
12.5257833594,6.25e-08,6.16193701021,1e-08,0.1978987,0.9140394,0.8784467,1.124016,0.00225130208333,301,5.47787356722e+11,0.216666666667,0.175,0.316666666667,0.1875
12.5257833594,6.25e-08,8.7101777719,1e-08,0.1978987,0.9140394,0.8784467,1.124016,0.00242447916667,302,1.13210771191e+12,0.233333333333,0.175,0.316666666667,0.1875
12.5257833594,6.25e-08,10.5051000591,1e-08,0.1978987,0.9140394,0.8784467,1.124016,0.00242447916667,303,1.2242543658e+12,0.233333333333,0.175,0.316666666667,0.1875
12.5257833594,6.25e-08,12.5257833594,1e-08,0.1978987,0.9140394,0.8784467,1.124016,0.00329036458333,304,8.71172258632e+11,0.316666666667,0.175,0.316666666667,0.1875
12.5257833594,6.25e-08,6.16193701021,2.75e-08,0.1978987,0.605285,0.8784467,1.278393,0.00210121527778,305,5.47787356722e+11,0.216666666667,0.175,0.316666666667,0.175
12.5257833594,6.25e-08,8.7101777719,2.75e-08,0.1978987,0.605285,0.8784467,1.278393,0.00226284722222,306,1.13210771191e+12,0.233333333333,0.175,0.316666666667,0.175
12.5257833594,6.25e-08,10.5051000591,2.75e-08,0.1978987,0.605285,0.8784467,1.278393,0.00226284722222,307,1.2242543658e+12,0.233333333333,0.175,0.316666666667,0.175
12.5257833594,6.25e-08,12.5257833594,2.75e-08,0.1978987,0.605285,0.8784467,1.278393,0.00307100694444,308,8.71172258632e+11,0.316666666667,0.175,0.316666666667,0.175
12.5257833594,6.25e-08,6.16193701021,4.5e-08,0.1978987,0.4059797,0.8784467,1.378046,0.00210121527778,309,5.47787356722e+11,0.216666666667,0.175,0.316666666667,0.175
12.5257833594,6.25e-08,8.7101777719,4.5e-08,0.1978987,0.4059797,0.8784467,1.378046,0.00226284722222,310,1.13210771191e+12,0.233333333333,0.175,0.316666666667,0.175
12.5257833594,6.25e-08,10.5051000591,4.5e-08,0.1978987,0.4059797,0.8784467,1.378046,0.00226284722222,311,1.2242543658e+12,0.233333333333,0.175,0.316666666667,0.175
12.5257833594,6.25e-08,12.5257833594,4.5e-08,0.1978987,0.4059797,0.8784467,1.378046,0.00307100694444,312,8.71172258632e+11,0.316666666667,0.175,0.316666666667,0.175
12.5257833594,6.25e-08,6.16193701021,6.25e-08,0.1978987,0.2768051,0.8784467,1.442769,0.00210121527778,313,5.47787356722e+11,0.216666666667,0.175,0.316666666667,0.175
12.5257833594,6.25e-08,8.7101777719,6.25e-08,0.1978987,0.2768051,0.8784467,1.442769,0.00226284722222,314,1.13210771191e+12,0.233333333333,0.175,0.316666666667,0.175
12.5257833594,6.25e-08,10.5051000591,6.25e-08,0.1978987,0.2768051,0.8784467,1.442769,0.00226284722222,315,1.2242543658e+12,0.233333333333,0.175,0.316666666667,0.175
12.5257833594,6.25e-08,12.5257833594,6.25e-08,0.1978987,0.2768051,0.8784467,1.442769,0.00307100694444,316,8.71172258632e+11,0.316666666667,0.175,0.316666666667,0.175
12.5257833594,6.25e-08,6.16193701021,8e-08,0.1978987,0.1926403,0.8784467,1.484715,0.00345199652778,317,5.47787356722e+11,0.216666666667,0.175,0.316666666667,0.2875
12.5257833594,6.25e-08,8.7101777719,8e-08,0.1978987,0.1926403,0.8784467,1.484715,0.00371753472222,318,1.13210771191e+12,0.233333333333,0.175,0.316666666667,0.2875
12.5257833594,6.25e-08,10.5051000591,8e-08,0.1978987,0.1926403,0.8784467,1.484715,0.00371753472222,319,1.2242543658e+12,0.233333333333,0.175,0.316666666667,0.2875
12.5257833594,6.25e-08,12.5257833594,8e-08,0.1978987,0.1926403,0.8784467,1.484715,0.00504522569444,320,8.71172258632e+11,0.316666666667,0.175,0.316666666667,0.2875
6.16193701021,8e-08,6.16193701021,1e-08,0.1257323,0.9140394,0.8784467,1.124016,0.00253059895833,321,3.44445068368e+11,0.216666666667,0.2875,0.216666666667,0.1875
6.16193701021,8e-08,8.7101777719,1e-08,0.1257323,0.9140394,0.8784467,1.124016,0.00272526041667,322,7.11861844645e+11,0.233333333333,0.2875,0.216666666667,0.1875
6.16193701021,8e-08,10.5051000591,1e-08,0.1257323,0.9140394,0.8784467,1.124016,0.00272526041667,323,7.6980305141e+11,0.233333333333,0.2875,0.216666666667,0.1875
6.16193701021,8e-08,12.5257833594,1e-08,0.1257323,0.9140394,0.8784467,1.124016,0.00369856770833,324,5.47787356722e+11,0.316666666667,0.2875,0.216666666667,0.1875
6.16193701021,8e-08,6.16193701021,2.75e-08,0.1257323,0.605285,0.8784467,1.278393,0.00236189236111,325,3.44445068368e+11,0.216666666667,0.2875,0.216666666667,0.175
6.16193701021,8e-08,8.7101777719,2.75e-08,0.1257323,0.605285,0.8784467,1.278393,0.00254357638889,326,7.11861844645e+11,0.233333333333,0.2875,0.216666666667,0.175
6.16193701021,8e-08,10.5051000591,2.75e-08,0.1257323,0.605285,0.8784467,1.278393,0.00254357638889,327,7.6980305141e+11,0.233333333333,0.2875,0.216666666667,0.175
6.16193701021,8e-08,12.5257833594,2.75e-08,0.1257323,0.605285,0.8784467,1.278393,0.00345199652778,328,5.47787356722e+11,0.316666666667,0.2875,0.216666666667,0.175
6.16193701021,8e-08,6.16193701021,4.5e-08,0.1257323,0.4059797,0.8784467,1.378046,0.00236189236111,329,3.44445068368e+11,0.216666666667,0.2875,0.216666666667,0.175
6.16193701021,8e-08,8.7101777719,4.5e-08,0.1257323,0.4059797,0.8784467,1.378046,0.00254357638889,330,7.11861844645e+11,0.233333333333,0.2875,0.216666666667,0.175
6.16193701021,8e-08,10.5051000591,4.5e-08,0.1257323,0.4059797,0.8784467,1.378046,0.00254357638889,331,7.6980305141e+11,0.233333333333,0.2875,0.216666666667,0.175
6.16193701021,8e-08,12.5257833594,4.5e-08,0.1257323,0.4059797,0.8784467,1.378046,0.00345199652778,332,5.47787356722e+11,0.316666666667,0.2875,0.216666666667,0.175
6.16193701021,8e-08,6.16193701021,6.25e-08,0.1257323,0.2768028,0.8784467,1.442634,0.00236189236111,333,3.44445068368e+11,0.216666666667,0.2875,0.216666666667,0.175
6.16193701021,8e-08,8.7101777719,6.25e-08,0.1257323,0.2768028,0.8784467,1.442634,0.00254357638889,334,7.11861844645e+11,0.233333333333,0.2875,0.216666666667,0.175
6.16193701021,8e-08,10.5051000591,6.25e-08,0.1257323,0.2768028,0.8784467,1.442634,0.00254357638889,335,7.6980305141e+11,0.233333333333,0.2875,0.216666666667,0.175
6.16193701021,8e-08,12.5257833594,6.25e-08,0.1257323,0.2768028,0.8784467,1.442634,0.00345199652778,336,5.47787356722e+11,0.316666666667,0.2875,0.216666666667,0.175
6.16193701021,8e-08,6.16193701021,8e-08,0.1257323,0.1926523,0.8784467,1.484639,0.00388025173611,337,3.44445068368e+11,0.216666666667,0.2875,0.216666666667,0.2875
6.16193701021,8e-08,8.7101777719,8e-08,0.1257323,0.1926523,0.8784467,1.484639,0.00417873263889,338,7.11861844645e+11,0.233333333333,0.2875,0.216666666667,0.2875
6.16193701021,8e-08,10.5051000591,8e-08,0.1257323,0.1926523,0.8784467,1.484639,0.00417873263889,339,7.6980305141e+11,0.233333333333,0.2875,0.216666666667,0.2875
6.16193701021,8e-08,12.5257833594,8e-08,0.1257323,0.1926523,0.8784467,1.484639,0.00567113715278,340,5.47787356722e+11,0.316666666667,0.2875,0.216666666667,0.2875
8.7101777719,8e-08,6.16193701021,1e-08,0.1257323,0.9140394,0.8784467,1.124016,0.00272526041667,341,7.11861844645e+11,0.216666666667,0.2875,0.233333333333,0.1875
8.7101777719,8e-08,8.7101777719,1e-08,0.1257323,0.9140394,0.8784467,1.124016,0.00293489583333,342,1.47119913275e+12,0.233333333333,0.2875,0.233333333333,0.1875
8.7101777719,8e-08,10.5051000591,1e-08,0.1257323,0.9140394,0.8784467,1.124016,0.00293489583333,343,1.59094575744e+12,0.233333333333,0.2875,0.233333333333,0.1875
8.7101777719,8e-08,12.5257833594,1e-08,0.1257323,0.9140394,0.8784467,1.124016,0.00398307291667,344,1.13210771191e+12,0.316666666667,0.2875,0.233333333333,0.1875
8.7101777719,8e-08,6.16193701021,2.75e-08,0.1257323,0.605285,0.8784467,1.278393,0.00254357638889,345,7.11861844645e+11,0.216666666667,0.2875,0.233333333333,0.175
8.7101777719,8e-08,8.7101777719,2.75e-08,0.1257323,0.605285,0.8784467,1.278393,0.00273923611111,346,1.47119913275e+12,0.233333333333,0.2875,0.233333333333,0.175
8.7101777719,8e-08,10.5051000591,2.75e-08,0.1257323,0.605285,0.8784467,1.278393,0.00273923611111,347,1.59094575744e+12,0.233333333333,0.2875,0.233333333333,0.175
8.7101777719,8e-08,12.5257833594,2.75e-08,0.1257323,0.605285,0.8784467,1.278393,0.00371753472222,348,1.13210771191e+12,0.316666666667,0.2875,0.233333333333,0.175
8.7101777719,8e-08,6.16193701021,4.5e-08,0.1257323,0.4059797,0.8784467,1.378046,0.00254357638889,349,7.11861844645e+11,0.216666666667,0.2875,0.233333333333,0.175
8.7101777719,8e-08,8.7101777719,4.5e-08,0.1257323,0.4059797,0.8784467,1.378046,0.00273923611111,350,1.47119913275e+12,0.233333333333,0.2875,0.233333333333,0.175
8.7101777719,8e-08,10.5051000591,4.5e-08,0.1257323,0.4059797,0.8784467,1.378046,0.00273923611111,351,1.59094575744e+12,0.233333333333,0.2875,0.233333333333,0.175
8.7101777719,8e-08,12.5257833594,4.5e-08,0.1257323,0.4059797,0.8784467,1.378046,0.00371753472222,352,1.13210771191e+12,0.316666666667,0.2875,0.233333333333,0.175
8.7101777719,8e-08,6.16193701021,6.25e-08,0.1257323,0.2768028,0.8784467,1.442634,0.00254357638889,353,7.11861844645e+11,0.216666666667,0.2875,0.233333333333,0.175
8.7101777719,8e-08,8.7101777719,6.25e-08,0.1257323,0.2768028,0.8784467,1.442634,0.00273923611111,354,1.47119913275e+12,0.233333333333,0.2875,0.233333333333,0.175
8.7101777719,8e-08,10.5051000591,6.25e-08,0.1257323,0.2768028,0.8784467,1.442634,0.00273923611111,355,1.59094575744e+12,0.233333333333,0.2875,0.233333333333,0.175
8.7101777719,8e-08,12.5257833594,6.25e-08,0.1257323,0.2768028,0.8784467,1.442634,0.00371753472222,356,1.13210771191e+12,0.316666666667,0.2875,0.233333333333,0.175
8.7101777719,8e-08,6.16193701021,8e-08,0.1257323,0.1926488,0.8784467,1.484662,0.00417873263889,357,7.11861844645e+11,0.216666666667,0.2875,0.233333333333,0.2875
8.7101777719,8e-08,8.7101777719,8e-08,0.1257323,0.1926488,0.8784467,1.484662,0.00450017361111,358,1.47119913275e+12,0.233333333333,0.2875,0.233333333333,0.2875
8.7101777719,8e-08,10.5051000591,8e-08,0.1257323,0.1926488,0.8784467,1.484662,0.00450017361111,359,1.59094575744e+12,0.233333333333,0.2875,0.233333333333,0.2875
8.7101777719,8e-08,12.5257833594,8e-08,0.1257323,0.1926488,0.8784467,1.484662,0.00610737847222,360,1.13210771191e+12,0.316666666667,0.2875,0.233333333333,0.2875
10.5051000591,8e-08,6.16193701021,1e-08,0.1257323,0.9140394,0.8784467,1.124016,0.00272526041667,361,7.6980305141e+11,0.216666666667,0.2875,0.233333333333,0.1875
10.5051000591,8e-08,8.7101777719,1e-08,0.1257323,0.9140394,0.8784467,1.124016,0.00293489583333,362,1.59094575744e+12,0.233333333333,0.2875,0.233333333333,0.1875
10.5051000591,8e-08,10.5051000591,1e-08,0.1257323,0.9140394,0.8784467,1.124016,0.00293489583333,363,1.72043902608e+12,0.233333333333,0.2875,0.233333333333,0.1875
10.5051000591,8e-08,12.5257833594,1e-08,0.1257323,0.9140394,0.8784467,1.124016,0.00398307291667,364,1.2242543658e+12,0.316666666667,0.2875,0.233333333333,0.1875
10.5051000591,8e-08,6.16193701021,2.75e-08,0.1257323,0.605285,0.8784467,1.278393,0.00254357638889,365,7.6980305141e+11,0.216666666667,0.2875,0.233333333333,0.175
10.5051000591,8e-08,8.7101777719,2.75e-08,0.1257323,0.605285,0.8784467,1.278393,0.00273923611111,366,1.59094575744e+12,0.233333333333,0.2875,0.233333333333,0.175
10.5051000591,8e-08,10.5051000591,2.75e-08,0.1257323,0.605285,0.8784467,1.278393,0.00273923611111,367,1.72043902608e+12,0.233333333333,0.2875,0.233333333333,0.175
10.5051000591,8e-08,12.5257833594,2.75e-08,0.1257323,0.605285,0.8784467,1.278393,0.00371753472222,368,1.2242543658e+12,0.316666666667,0.2875,0.233333333333,0.175
10.5051000591,8e-08,6.16193701021,4.5e-08,0.1257323,0.4059797,0.8784467,1.378046,0.00254357638889,369,7.6980305141e+11,0.216666666667,0.2875,0.233333333333,0.175
10.5051000591,8e-08,8.7101777719,4.5e-08,0.1257323,0.4059797,0.8784467,1.378046,0.00273923611111,370,1.59094575744e+12,0.233333333333,0.2875,0.233333333333,0.175
10.5051000591,8e-08,10.5051000591,4.5e-08,0.1257323,0.4059797,0.8784467,1.378046,0.00273923611111,371,1.72043902608e+12,0.233333333333,0.2875,0.233333333333,0.175
10.5051000591,8e-08,12.5257833594,4.5e-08,0.1257323,0.4059797,0.8784467,1.378046,0.00371753472222,372,1.2242543658e+12,0.316666666667,0.2875,0.233333333333,0.175
10.5051000591,8e-08,6.16193701021,6.25e-08,0.1257323,0.2768028,0.8784467,1.442634,0.00254357638889,373,7.6980305141e+11,0.216666666667,0.2875,0.233333333333,0.175
10.5051000591,8e-08,8.7101777719,6.25e-08,0.1257323,0.2768028,0.8784467,1.442634,0.00273923611111,374,1.59094575744e+12,0.233333333333,0.2875,0.233333333333,0.175
10.5051000591,8e-08,10.5051000591,6.25e-08,0.1257323,0.2768028,0.8784467,1.442634,0.00273923611111,375,1.72043902608e+12,0.233333333333,0.2875,0.233333333333,0.175
10.5051000591,8e-08,12.5257833594,6.25e-08,0.1257323,0.2768028,0.8784467,1.442634,0.00371753472222,376,1.2242543658e+12,0.316666666667,0.2875,0.233333333333,0.175
10.5051000591,8e-08,6.16193701021,8e-08,0.1257323,0.1926473,0.8784467,1.484671,0.00417873263889,377,7.6980305141e+11,0.216666666667,0.2875,0.233333333333,0.2875
10.5051000591,8e-08,8.7101777719,8e-08,0.1257323,0.1926473,0.8784467,1.484671,0.00450017361111,378,1.59094575744e+12,0.233333333333,0.2875,0.233333333333,0.2875
10.5051000591,8e-08,10.5051000591,8e-08,0.1257323,0.1926473,0.8784467,1.484671,0.00450017361111,379,1.72043902608e+12,0.233333333333,0.2875,0.233333333333,0.2875
10.5051000591,8e-08,12.5257833594,8e-08,0.1257323,0.1926473,0.8784467,1.484671,0.00610737847222,380,1.2242543658e+12,0.316666666667,0.2875,0.233333333333,0.2875
12.5257833594,8e-08,6.16193701021,1e-08,0.1257323,0.9140394,0.8784467,1.124016,0.00369856770833,381,5.47787356722e+11,0.216666666667,0.2875,0.316666666667,0.1875
12.5257833594,8e-08,8.7101777719,1e-08,0.1257323,0.9140394,0.8784467,1.124016,0.00398307291667,382,1.13210771191e+12,0.233333333333,0.2875,0.316666666667,0.1875
12.5257833594,8e-08,10.5051000591,1e-08,0.1257323,0.9140394,0.8784467,1.124016,0.00398307291667,383,1.2242543658e+12,0.233333333333,0.2875,0.316666666667,0.1875
12.5257833594,8e-08,12.5257833594,1e-08,0.1257323,0.9140394,0.8784467,1.124016,0.00540559895833,384,8.71172258632e+11,0.316666666667,0.2875,0.316666666667,0.1875
12.5257833594,8e-08,6.16193701021,2.75e-08,0.1257323,0.605285,0.8784467,1.278393,0.00345199652778,385,5.47787356722e+11,0.216666666667,0.2875,0.316666666667,0.175
12.5257833594,8e-08,8.7101777719,2.75e-08,0.1257323,0.605285,0.8784467,1.278393,0.00371753472222,386,1.13210771191e+12,0.233333333333,0.2875,0.316666666667,0.175
12.5257833594,8e-08,10.5051000591,2.75e-08,0.1257323,0.605285,0.8784467,1.278393,0.00371753472222,387,1.2242543658e+12,0.233333333333,0.2875,0.316666666667,0.175
12.5257833594,8e-08,12.5257833594,2.75e-08,0.1257323,0.605285,0.8784467,1.278393,0.00504522569444,388,8.71172258632e+11,0.316666666667,0.2875,0.316666666667,0.175
12.5257833594,8e-08,6.16193701021,4.5e-08,0.1257323,0.4059797,0.8784467,1.378046,0.00345199652778,389,5.47787356722e+11,0.216666666667,0.2875,0.316666666667,0.175
12.5257833594,8e-08,8.7101777719,4.5e-08,0.1257323,0.4059797,0.8784467,1.378046,0.00371753472222,390,1.13210771191e+12,0.233333333333,0.2875,0.316666666667,0.175
12.5257833594,8e-08,10.5051000591,4.5e-08,0.1257323,0.4059797,0.8784467,1.378046,0.00371753472222,391,1.2242543658e+12,0.233333333333,0.2875,0.316666666667,0.175
12.5257833594,8e-08,12.5257833594,4.5e-08,0.1257323,0.4059797,0.8784467,1.378046,0.00504522569444,392,8.71172258632e+11,0.316666666667,0.2875,0.316666666667,0.175
12.5257833594,8e-08,6.16193701021,6.25e-08,0.1257323,0.2768028,0.8784467,1.442634,0.00345199652778,393,5.47787356722e+11,0.216666666667,0.2875,0.316666666667,0.175
12.5257833594,8e-08,8.7101777719,6.25e-08,0.1257323,0.2768028,0.8784467,1.442634,0.00371753472222,394,1.13210771191e+12,0.233333333333,0.2875,0.316666666667,0.175
12.5257833594,8e-08,10.5051000591,6.25e-08,0.1257323,0.2768028,0.8784467,1.442634,0.00371753472222,395,1.2242543658e+12,0.233333333333,0.2875,0.316666666667,0.175
12.5257833594,8e-08,12.5257833594,6.25e-08,0.1257323,0.2768028,0.8784467,1.442634,0.00504522569444,396,8.71172258632e+11,0.316666666667,0.2875,0.316666666667,0.175
12.5257833594,8e-08,6.16193701021,8e-08,0.1257323,0.1926462,0.8784467,1.484678,0.00567113715278,397,5.47787356722e+11,0.216666666667,0.2875,0.316666666667,0.2875
12.5257833594,8e-08,8.7101777719,8e-08,0.1257323,0.1926462,0.8784467,1.484678,0.00610737847222,398,1.13210771191e+12,0.233333333333,0.2875,0.316666666667,0.2875
12.5257833594,8e-08,10.5051000591,8e-08,0.1257323,0.1926462,0.8784467,1.484678,0.00610737847222,399,1.2242543658e+12,0.233333333333,0.2875,0.316666666667,0.2875
12.5257833594,8e-08,12.5257833594,8e-08,0.1257323,0.1926462,0.8784467,1.484678,0.00828858506944,400,8.71172258632e+11,0.316666666667,0.2875,0.316666666667,0.2875
