nuclides|A|sigma,nuclides|A|decayConstant,nuclides|B|sigma,nuclides|B|decayConstant,A,B,C,D,ProbabilityWeight-nuclides|B|decayConstant,ProbabilityWeight-nuclides|A|sigma,ProbabilityWeight-nuclides|A|decayConstant,prefix,ProbabilityWeight-nuclides|B|sigma,ProbabilityWeight,PointProbability
6.161937010210118,1e-08,6.161937010210118,1e-08,0.8810721161290322,0.9568749451612903,0.937954706451613,1.062904935483871,0.1875,0.216666666666665,0.1875,1,0.216666666666665,0.0016503906249999748,344445068367.86835
6.161937010210118,1e-08,8.710177771895829,1e-08,0.8810721161290322,0.9568749451612903,0.937954706451613,1.062904935483871,0.1875,0.216666666666665,0.1875,2,0.23333333333333006,0.0017773437499999615,711861844644.8425
6.161937010210118,1e-08,10.505100059105766,1e-08,0.8810721161290322,0.9568749451612903,0.937954706451613,1.062904935483871,0.1875,0.216666666666665,0.1875,3,0.23333333333333495,0.0017773437499999988,769803051410.2767
6.161937010210118,1e-08,12.525783359415387,1e-08,0.8810721161290322,0.9568749451612903,0.937954706451613,1.062904935483871,0.1875,0.216666666666665,0.1875,4,0.31666666666667,0.0024121093750000067,547787356722.29126
6.161937010210118,1e-08,6.161937010210118,2.75e-08,0.8810721161290322,0.7818426129032257,0.937954706451613,1.1504422258064517,0.17500000000000004,0.216666666666665,0.1875,5,0.216666666666665,0.00154036458333331,344445068367.86835
6.161937010210118,1e-08,8.710177771895829,2.75e-08,0.8810721161290322,0.7818426129032257,0.937954706451613,1.1504422258064517,0.17500000000000004,0.216666666666665,0.1875,6,0.23333333333333006,0.0016588541666666312,711861844644.8425
6.161937010210118,1e-08,10.505100059105766,2.75e-08,0.8810721161290322,0.7818426129032257,0.937954706451613,1.1504422258064517,0.17500000000000004,0.216666666666665,0.1875,7,0.23333333333333495,0.001658854166666666,769803051410.2767
6.161937010210118,1e-08,12.525783359415387,2.75e-08,0.8810721161290322,0.7818426129032257,0.937954706451613,1.1504422258064517,0.17500000000000004,0.216666666666665,0.1875,8,0.31666666666667,0.0022513020833333404,547787356722.29126
6.161937010210118,1e-08,6.161937010210118,4.5000000000000006e-08,0.8810721161290322,0.6500532032258066,0.937954706451613,1.2163369677419353,0.17500000000000004,0.216666666666665,0.1875,9,0.216666666666665,0.00154036458333331,344445068367.86835
6.161937010210118,1e-08,8.710177771895829,4.5000000000000006e-08,0.8810721161290322,0.6500532032258066,0.937954706451613,1.2163369677419353,0.17500000000000004,0.216666666666665,0.1875,10,0.23333333333333006,0.0016588541666666312,711861844644.8425
6.161937010210118,1e-08,10.505100059105766,4.5000000000000006e-08,0.8810721161290322,0.6500532032258066,0.937954706451613,1.2163369677419353,0.17500000000000004,0.216666666666665,0.1875,11,0.23333333333333495,0.001658854166666666,769803051410.2767
6.161937010210118,1e-08,12.525783359415387,4.5000000000000006e-08,0.8810721161290322,0.6500532032258066,0.937954706451613,1.2163369677419353,0.17500000000000004,0.216666666666665,0.1875,12,0.31666666666667,0.0022513020833333404,547787356722.29126
6.161937010210118,1e-08,6.161937010210118,6.25e-08,0.8810721161290322,0.5495307322580644,0.937954706451613,1.2665980967741939,0.17499999999999993,0.216666666666665,0.1875,13,0.216666666666665,0.0015403645833333092,344445068367.86835
6.161937010210118,1e-08,8.710177771895829,6.25e-08,0.8810721161290322,0.5495307322580644,0.937954706451613,1.2665980967741939,0.17499999999999993,0.216666666666665,0.1875,14,0.23333333333333006,0.0016588541666666301,711861844644.8425
6.161937010210118,1e-08,10.505100059105766,6.25e-08,0.8810721161290322,0.5495307322580644,0.937954706451613,1.2665980967741939,0.17499999999999993,0.216666666666665,0.1875,15,0.23333333333333495,0.0016588541666666648,769803051410.2767
6.161937010210118,1e-08,12.525783359415387,6.25e-08,0.8810721161290322,0.5495307322580644,0.937954706451613,1.2665980967741939,0.17499999999999993,0.216666666666665,0.1875,16,0.31666666666667,0.0022513020833333387,547787356722.29126
6.161937010210118,1e-08,6.161937010210118,8e-08,0.8810721161290322,0.4718142161290324,0.937954706451613,1.3054563870967741,0.2875,0.216666666666665,0.1875,17,0.216666666666665,0.002530598958333294,344445068367.86835
6.161937010210118,1e-08,8.710177771895829,8e-08,0.8810721161290322,0.4718142161290324,0.937954706451613,1.3054563870967741,0.2875,0.216666666666665,0.1875,18,0.23333333333333006,0.002725260416666607,711861844644.8425
6.161937010210118,1e-08,10.505100059105766,8e-08,0.8810721161290322,0.4718142161290324,0.937954706451613,1.3054563870967741,0.2875,0.216666666666665,0.1875,19,0.23333333333333495,0.0027252604166666645,769803051410.2767
6.161937010210118,1e-08,12.525783359415387,8e-08,0.8810721161290322,0.4718142161290324,0.937954706451613,1.3054563870967741,0.2875,0.216666666666665,0.1875,20,0.31666666666667,0.003698567708333343,547787356722.29126
8.710177771895829,1e-08,6.161937010210118,1e-08,0.8810721161290322,0.9568868322580645,0.937954706451613,1.0629050967741935,0.1875,0.23333333333333006,0.1875,21,0.216666666666665,0.0017773437499999612,711861844644.8425
8.710177771895829,1e-08,8.710177771895829,1e-08,0.8810721161290322,0.9568868322580645,0.937954706451613,1.0629050967741935,0.1875,0.23333333333333006,0.1875,22,0.23333333333333006,0.0019140624999999462,1471199132745.1675
8.710177771895829,1e-08,10.505100059105766,1e-08,0.8810721161290322,0.9568868322580645,0.937954706451613,1.0629050967741935,0.1875,0.23333333333333006,0.1875,23,0.23333333333333495,0.0019140624999999863,1590945757437.5532
8.710177771895829,1e-08,12.525783359415387,1e-08,0.8810721161290322,0.9568868322580645,0.937954706451613,1.0629050967741935,0.1875,0.23333333333333006,0.1875,24,0.31666666666667,0.0025976562499999906,1132107711912.3853
8.710177771895829,1e-08,6.161937010210118,2.75e-08,0.8810721161290322,0.7818426129032257,0.937954706451613,1.1504422258064517,0.17500000000000004,0.23333333333333006,0.1875,25,0.216666666666665,0.0016588541666666312,711861844644.8425
8.710177771895829,1e-08,8.710177771895829,2.75e-08,0.8810721161290322,0.7818426129032257,0.937954706451613,1.1504422258064517,0.17500000000000004,0.23333333333333006,0.1875,26,0.23333333333333006,0.0017864583333332838,1471199132745.1675
8.710177771895829,1e-08,10.505100059105766,2.75e-08,0.8810721161290322,0.7818426129032257,0.937954706451613,1.1504422258064517,0.17500000000000004,0.23333333333333006,0.1875,27,0.23333333333333495,0.0017864583333333211,1590945757437.5532
8.710177771895829,1e-08,12.525783359415387,2.75e-08,0.8810721161290322,0.7818426129032257,0.937954706451613,1.1504422258064517,0.17500000000000004,0.23333333333333006,0.1875,28,0.31666666666667,0.002424479166666659,1132107711912.3853
8.710177771895829,1e-08,6.161937010210118,4.5000000000000006e-08,0.8810721161290322,0.6500532032258066,0.937954706451613,1.2163369677419353,0.17500000000000004,0.23333333333333006,0.1875,29,0.216666666666665,0.0016588541666666312,711861844644.8425
8.710177771895829,1e-08,8.710177771895829,4.5000000000000006e-08,0.8810721161290322,0.6500532032258066,0.937954706451613,1.2163369677419353,0.17500000000000004,0.23333333333333006,0.1875,30,0.23333333333333006,0.0017864583333332838,1471199132745.1675
8.710177771895829,1e-08,10.505100059105766,4.5000000000000006e-08,0.8810721161290322,0.6500532032258066,0.937954706451613,1.2163369677419353,0.17500000000000004,0.23333333333333006,0.1875,31,0.23333333333333495,0.0017864583333333211,1590945757437.5532
8.710177771895829,1e-08,12.525783359415387,4.5000000000000006e-08,0.8810721161290322,0.6500532032258066,0.937954706451613,1.2163369677419353,0.17500000000000004,0.23333333333333006,0.1875,32,0.31666666666667,0.002424479166666659,1132107711912.3853
8.710177771895829,1e-08,6.161937010210118,6.25e-08,0.8810721161290322,0.5495307322580644,0.937954706451613,1.2665980967741939,0.17499999999999993,0.23333333333333006,0.1875,33,0.216666666666665,0.0016588541666666301,711861844644.8425
8.710177771895829,1e-08,8.710177771895829,6.25e-08,0.8810721161290322,0.5495307322580644,0.937954706451613,1.2665980967741939,0.17499999999999993,0.23333333333333006,0.1875,34,0.23333333333333006,0.0017864583333332825,1471199132745.1675
8.710177771895829,1e-08,10.505100059105766,6.25e-08,0.8810721161290322,0.5495307322580644,0.937954706451613,1.2665980967741939,0.17499999999999993,0.23333333333333006,0.1875,35,0.23333333333333495,0.00178645833333332,1590945757437.5532
8.710177771895829,1e-08,12.525783359415387,6.25e-08,0.8810721161290322,0.5495307322580644,0.937954706451613,1.2665980967741939,0.17499999999999993,0.23333333333333006,0.1875,36,0.31666666666667,0.0024244791666666573,1132107711912.3853
8.710177771895829,1e-08,6.161937010210118,8e-08,0.8810721161290322,0.4718142161290324,0.937954706451613,1.3054563870967741,0.2875,0.23333333333333006,0.1875,37,0.216666666666665,0.002725260416666607,711861844644.8425
8.710177771895829,1e-08,8.710177771895829,8e-08,0.8810721161290322,0.4718142161290324,0.937954706451613,1.3054563870967741,0.2875,0.23333333333333006,0.1875,38,0.23333333333333006,0.002934895833333251,1471199132745.1675
8.710177771895829,1e-08,10.505100059105766,8e-08,0.8810721161290322,0.4718142161290324,0.937954706451613,1.3054563870967741,0.2875,0.23333333333333006,0.1875,39,0.23333333333333495,0.002934895833333312,1590945757437.5532
8.710177771895829,1e-08,12.525783359415387,8e-08,0.8810721161290322,0.4718142161290324,0.937954706451613,1.3054563870967741,0.2875,0.23333333333333006,0.1875,40,0.31666666666667,0.003983072916666652,1132107711912.3853
10.505100059105766,1e-08,6.161937010210118,1e-08,0.8810721161290322,0.9568917387096775,0.937954706451613,1.0629052258064517,0.1875,0.23333333333333495,0.1875,41,0.216666666666665,0.001777343749999999,769803051410.2767
10.505100059105766,1e-08,8.710177771895829,1e-08,0.8810721161290322,0.9568917387096775,0.937954706451613,1.0629052258064517,0.1875,0.23333333333333495,0.1875,42,0.23333333333333006,0.0019140624999999865,1590945757437.5532
10.505100059105766,1e-08,10.505100059105766,1e-08,0.8810721161290322,0.9568917387096775,0.937954706451613,1.0629052258064517,0.1875,0.23333333333333495,0.1875,43,0.23333333333333495,0.0019140625000000266,1720439026079.1255
10.505100059105766,1e-08,12.525783359415387,1e-08,0.8810721161290322,0.9568917387096775,0.937954706451613,1.0629052258064517,0.1875,0.23333333333333495,0.1875,44,0.31666666666667,0.0025976562500000452,1224254365803.3308
10.505100059105766,1e-08,6.161937010210118,2.75e-08,0.8810721161290322,0.7818426129032257,0.937954706451613,1.1504422258064517,0.17500000000000004,0.23333333333333495,0.1875,45,0.216666666666665,0.0016588541666666657,769803051410.2767
10.505100059105766,1e-08,8.710177771895829,2.75e-08,0.8810721161290322,0.7818426129032257,0.937954706451613,1.1504422258064517,0.17500000000000004,0.23333333333333495,0.1875,46,0.23333333333333006,0.001786458333333321,1590945757437.5532
10.505100059105766,1e-08,10.505100059105766,2.75e-08,0.8810721161290322,0.7818426129032257,0.937954706451613,1.1504422258064517,0.17500000000000004,0.23333333333333495,0.1875,47,0.23333333333333495,0.0017864583333333584,1720439026079.1255
10.505100059105766,1e-08,12.525783359415387,2.75e-08,0.8810721161290322,0.7818426129032257,0.937954706451613,1.1504422258064517,0.17500000000000004,0.23333333333333495,0.1875,48,0.31666666666667,0.0024244791666667093,1224254365803.3308
10.505100059105766,1e-08,6.161937010210118,4.5000000000000006e-08,0.8810721161290322,0.6500532032258066,0.937954706451613,1.2163369677419353,0.17500000000000004,0.23333333333333495,0.1875,49,0.216666666666665,0.0016588541666666657,769803051410.2767
10.505100059105766,1e-08,8.710177771895829,4.5000000000000006e-08,0.8810721161290322,0.6500532032258066,0.937954706451613,1.2163369677419353,0.17500000000000004,0.23333333333333495,0.1875,50,0.23333333333333006,0.001786458333333321,1590945757437.5532
10.505100059105766,1e-08,10.505100059105766,4.5000000000000006e-08,0.8810721161290322,0.6500532032258066,0.937954706451613,1.2163369677419353,0.17500000000000004,0.23333333333333495,0.1875,51,0.23333333333333495,0.0017864583333333584,1720439026079.1255
10.505100059105766,1e-08,12.525783359415387,4.5000000000000006e-08,0.8810721161290322,0.6500532032258066,0.937954706451613,1.2163369677419353,0.17500000000000004,0.23333333333333495,0.1875,52,0.31666666666667,0.0024244791666667093,1224254365803.3308
10.505100059105766,1e-08,6.161937010210118,6.25e-08,0.8810721161290322,0.5495307322580644,0.937954706451613,1.2665980967741939,0.17499999999999993,0.23333333333333495,0.1875,53,0.216666666666665,0.0016588541666666648,769803051410.2767
10.505100059105766,1e-08,8.710177771895829,6.25e-08,0.8810721161290322,0.5495307322580644,0.937954706451613,1.2665980967741939,0.17499999999999993,0.23333333333333495,0.1875,54,0.23333333333333006,0.00178645833333332,1590945757437.5532
10.505100059105766,1e-08,10.505100059105766,6.25e-08,0.8810721161290322,0.5495307322580644,0.937954706451613,1.2665980967741939,0.17499999999999993,0.23333333333333495,0.1875,55,0.23333333333333495,0.0017864583333333573,1720439026079.1255
10.505100059105766,1e-08,12.525783359415387,6.25e-08,0.8810721161290322,0.5495307322580644,0.937954706451613,1.2665980967741939,0.17499999999999993,0.23333333333333495,0.1875,56,0.31666666666667,0.002424479166666708,1224254365803.3308
10.505100059105766,1e-08,6.161937010210118,8e-08,0.8810721161290322,0.4718142161290324,0.937954706451613,1.3054563870967741,0.2875,0.23333333333333495,0.1875,57,0.216666666666665,0.0027252604166666645,769803051410.2767
10.505100059105766,1e-08,8.710177771895829,8e-08,0.8810721161290322,0.4718142161290324,0.937954706451613,1.3054563870967741,0.2875,0.23333333333333495,0.1875,58,0.23333333333333006,0.0029348958333333124,1590945757437.5532
10.505100059105766,1e-08,10.505100059105766,8e-08,0.8810721161290322,0.4718142161290324,0.937954706451613,1.3054563870967741,0.2875,0.23333333333333495,0.1875,59,0.23333333333333495,0.0029348958333333735,1720439026079.1255
10.505100059105766,1e-08,12.525783359415387,8e-08,0.8810721161290322,0.4718142161290324,0.937954706451613,1.3054563870967741,0.2875,0.23333333333333495,0.1875,60,0.31666666666667,0.003983072916666735,1224254365803.3308
12.525783359415387,1e-08,6.161937010210118,1e-08,0.8810721161290322,0.9568955935483872,0.937954706451613,1.0629052258064515,0.1875,0.31666666666667,0.1875,61,0.216666666666665,0.0024121093750000067,547787356722.2912
12.525783359415387,1e-08,8.710177771895829,1e-08,0.8810721161290322,0.9568955935483872,0.937954706451613,1.0629052258064515,0.1875,0.31666666666667,0.1875,62,0.23333333333333006,0.0025976562499999906,1132107711912.3853
12.525783359415387,1e-08,10.505100059105766,1e-08,0.8810721161290322,0.9568955935483872,0.937954706451613,1.0629052258064515,0.1875,0.31666666666667,0.1875,63,0.23333333333333495,0.0025976562500000452,1224254365803.3306
12.525783359415387,1e-08,12.525783359415387,1e-08,0.8810721161290322,0.9568955935483872,0.937954706451613,1.0629052258064515,0.1875,0.31666666666667,0.1875,64,0.31666666666667,0.003525390625000074,871172258632.3053
12.525783359415387,1e-08,6.161937010210118,2.75e-08,0.8810721161290322,0.7818426129032257,0.937954706451613,1.1504422258064517,0.17500000000000004,0.31666666666667,0.1875,65,0.216666666666665,0.0022513020833333404,547787356722.2912
12.525783359415387,1e-08,8.710177771895829,2.75e-08,0.8810721161290322,0.7818426129032257,0.937954706451613,1.1504422258064517,0.17500000000000004,0.31666666666667,0.1875,66,0.23333333333333006,0.0024244791666666586,1132107711912.3853
12.525783359415387,1e-08,10.505100059105766,2.75e-08,0.8810721161290322,0.7818426129032257,0.937954706451613,1.1504422258064517,0.17500000000000004,0.31666666666667,0.1875,67,0.23333333333333495,0.0024244791666667093,1224254365803.3306
12.525783359415387,1e-08,12.525783359415387,2.75e-08,0.8810721161290322,0.7818426129032257,0.937954706451613,1.1504422258064517,0.17500000000000004,0.31666666666667,0.1875,68,0.31666666666667,0.0032903645833334033,871172258632.3053
12.525783359415387,1e-08,6.161937010210118,4.5000000000000006e-08,0.8810721161290322,0.6500532032258066,0.937954706451613,1.2163369677419353,0.17500000000000004,0.31666666666667,0.1875,69,0.216666666666665,0.0022513020833333404,547787356722.2912
12.525783359415387,1e-08,8.710177771895829,4.5000000000000006e-08,0.8810721161290322,0.6500532032258066,0.937954706451613,1.2163369677419353,0.17500000000000004,0.31666666666667,0.1875,70,0.23333333333333006,0.0024244791666666586,1132107711912.3853
12.525783359415387,1e-08,10.505100059105766,4.5000000000000006e-08,0.8810721161290322,0.6500532032258066,0.937954706451613,1.2163369677419353,0.17500000000000004,0.31666666666667,0.1875,71,0.23333333333333495,0.0024244791666667093,1224254365803.3306
12.525783359415387,1e-08,12.525783359415387,4.5000000000000006e-08,0.8810721161290322,0.6500532032258066,0.937954706451613,1.2163369677419353,0.17500000000000004,0.31666666666667,0.1875,72,0.31666666666667,0.0032903645833334033,871172258632.3053
12.525783359415387,1e-08,6.161937010210118,6.25e-08,0.8810721161290322,0.5495307322580644,0.937954706451613,1.2665980967741939,0.17499999999999993,0.31666666666667,0.1875,73,0.216666666666665,0.0022513020833333387,547787356722.2912
12.525783359415387,1e-08,8.710177771895829,6.25e-08,0.8810721161290322,0.5495307322580644,0.937954706451613,1.2665980967741939,0.17499999999999993,0.31666666666667,0.1875,74,0.23333333333333006,0.0024244791666666573,1132107711912.3853
12.525783359415387,1e-08,10.505100059105766,6.25e-08,0.8810721161290322,0.5495307322580644,0.937954706451613,1.2665980967741939,0.17499999999999993,0.31666666666667,0.1875,75,0.23333333333333495,0.002424479166666708,1224254365803.3306
12.525783359415387,1e-08,12.525783359415387,6.25e-08,0.8810721161290322,0.5495307322580644,0.937954706451613,1.2665980967741939,0.17499999999999993,0.31666666666667,0.1875,76,0.31666666666667,0.0032903645833334007,871172258632.3053
12.525783359415387,1e-08,6.161937010210118,8e-08,0.8810721161290322,0.4718142161290324,0.937954706451613,1.3054563870967741,0.2875,0.31666666666667,0.1875,77,0.216666666666665,0.0036985677083333436,547787356722.2912
12.525783359415387,1e-08,8.710177771895829,8e-08,0.8810721161290322,0.4718142161290324,0.937954706451613,1.3054563870967741,0.2875,0.31666666666667,0.1875,78,0.23333333333333006,0.003983072916666652,1132107711912.3853
12.525783359415387,1e-08,10.505100059105766,8e-08,0.8810721161290322,0.4718142161290324,0.937954706451613,1.3054563870967741,0.2875,0.31666666666667,0.1875,79,0.23333333333333495,0.003983072916666735,1224254365803.3306
12.525783359415387,1e-08,12.525783359415387,8e-08,0.8810721161290322,0.4718142161290324,0.937954706451613,1.3054563870967741,0.2875,0.31666666666667,0.1875,80,0.31666666666667,0.005405598958333446,871172258632.3053
6.161937010210118,2.75e-08,6.161937010210118,1e-08,0.716111193548387,0.9569155677419354,0.937954706451613,1.0629057096774193,0.1875,0.216666666666665,0.17500000000000004,81,0.216666666666665,0.00154036458333331,344445068367.86835
6.161937010210118,2.75e-08,8.710177771895829,1e-08,0.716111193548387,0.9569155677419354,0.937954706451613,1.0629057096774193,0.1875,0.216666666666665,0.17500000000000004,82,0.23333333333333006,0.0016588541666666312,711861844644.8425
6.161937010210118,2.75e-08,10.505100059105766,1e-08,0.716111193548387,0.9569155677419354,0.937954706451613,1.0629057096774193,0.1875,0.216666666666665,0.17500000000000004,83,0.23333333333333495,0.001658854166666666,769803051410.2767
6.161937010210118,2.75e-08,12.525783359415387,1e-08,0.716111193548387,0.9569155677419354,0.937954706451613,1.0629057096774193,0.1875,0.216666666666665,0.17500000000000004,84,0.31666666666667,0.0022513020833333404,547787356722.29126
6.161937010210118,2.75e-08,6.161937010210118,2.75e-08,0.716111193548387,0.7818555451612904,0.937954706451613,1.150377677419355,0.17500000000000004,0.216666666666665,0.17500000000000004,85,0.216666666666665,0.0014376736111110897,344445068367.86835
6.161937010210118,2.75e-08,8.710177771895829,2.75e-08,0.716111193548387,0.7818555451612904,0.937954706451613,1.150377677419355,0.17500000000000004,0.216666666666665,0.17500000000000004,86,0.23333333333333006,0.001548263888888856,711861844644.8425
6.161937010210118,2.75e-08,10.505100059105766,2.75e-08,0.716111193548387,0.7818555451612904,0.937954706451613,1.150377677419355,0.17500000000000004,0.216666666666665,0.17500000000000004,87,0.23333333333333495,0.0015482638888888883,769803051410.2767
6.161937010210118,2.75e-08,12.525783359415387,2.75e-08,0.716111193548387,0.7818555451612904,0.937954706451613,1.150377677419355,0.17500000000000004,0.216666666666665,0.17500000000000004,88,0.31666666666667,0.0021012152777777847,547787356722.29126
6.161937010210118,2.75e-08,6.161937010210118,4.5000000000000006e-08,0.716111193548387,0.6500532032258066,0.937954706451613,1.2163369677419353,0.17500000000000004,0.216666666666665,0.17500000000000004,89,0.216666666666665,0.0014376736111110897,344445068367.86835
6.161937010210118,2.75e-08,8.710177771895829,4.5000000000000006e-08,0.716111193548387,0.6500532032258066,0.937954706451613,1.2163369677419353,0.17500000000000004,0.216666666666665,0.17500000000000004,90,0.23333333333333006,0.001548263888888856,711861844644.8425
6.161937010210118,2.75e-08,10.505100059105766,4.5000000000000006e-08,0.716111193548387,0.6500532032258066,0.937954706451613,1.2163369677419353,0.17500000000000004,0.216666666666665,0.17500000000000004,91,0.23333333333333495,0.0015482638888888883,769803051410.2767
6.161937010210118,2.75e-08,6.161937010210118,6.25e-08,0.716111193548387,0.5495307322580644,0.937954706451613,1.2665980967741939,0.17499999999999993,0.216666666666665,0.17500000000000004,93,0.216666666666665,0.0014376736111110888,344445068367.86835
6.161937010210118,2.75e-08,12.525783359415387,4.5000000000000006e-08,0.716111193548387,0.6500532032258066,0.937954706451613,1.2163369677419353,0.17500000000000004,0.216666666666665,0.17500000000000004,92,0.31666666666667,0.0021012152777777847,547787356722.29126
6.161937010210118,2.75e-08,8.710177771895829,6.25e-08,0.716111193548387,0.5495307322580644,0.937954706451613,1.2665980967741939,0.17499999999999993,0.216666666666665,0.17500000000000004,94,0.23333333333333006,0.001548263888888855,711861844644.8425
6.161937010210118,2.75e-08,10.505100059105766,6.25e-08,0.716111193548387,0.5495307322580644,0.937954706451613,1.2665980967741939,0.17499999999999993,0.216666666666665,0.17500000000000004,95,0.23333333333333495,0.0015482638888888874,769803051410.2767
6.161937010210118,2.75e-08,12.525783359415387,6.25e-08,0.716111193548387,0.5495307322580644,0.937954706451613,1.2665980967741939,0.17499999999999993,0.216666666666665,0.17500000000000004,96,0.31666666666667,0.002101215277777783,547787356722.29126
6.161937010210118,2.75e-08,6.161937010210118,8e-08,0.716111193548387,0.4718142161290324,0.937954706451613,1.3054563870967741,0.2875,0.216666666666665,0.17500000000000004,97,0.216666666666665,0.0023618923611110755,344445068367.86835
6.161937010210118,2.75e-08,8.710177771895829,8e-08,0.716111193548387,0.4718142161290324,0.937954706451613,1.3054563870967741,0.2875,0.216666666666665,0.17500000000000004,98,0.23333333333333006,0.002543576388888834,711861844644.8425
6.161937010210118,2.75e-08,10.505100059105766,8e-08,0.716111193548387,0.4718142161290324,0.937954706451613,1.3054563870967741,0.2875,0.216666666666665,0.17500000000000004,99,0.23333333333333495,0.0025435763888888873,769803051410.2767
6.161937010210118,2.75e-08,12.525783359415387,8e-08,0.716111193548387,0.4718142161290324,0.937954706451613,1.3054563870967741,0.2875,0.216666666666665,0.17500000000000004,100,0.31666666666667,0.003451996527777788,547787356722.29126
8.710177771895829,2.75e-08,6.161937010210118,1e-08,0.716111193548387,0.9569155677419354,0.937954706451613,1.0629057096774193,0.1875,0.23333333333333006,0.17500000000000004,101,0.216666666666665,0.001658854166666631,711861844644.8425
8.710177771895829,2.75e-08,8.710177771895829,1e-08,0.716111193548387,0.9569155677419354,0.937954706451613,1.0629057096774193,0.1875,0.23333333333333006,0.17500000000000004,102,0.23333333333333006,0.0017864583333332836,1471199132745.1675
8.710177771895829,2.75e-08,10.505100059105766,1e-08,0.716111193548387,0.9569155677419354,0.937954706451613,1.0629057096774193,0.1875,0.23333333333333006,0.17500000000000004,103,0.23333333333333495,0.001786458333333321,1590945757437.5532
8.710177771895829,2.75e-08,12.525783359415387,1e-08,0.716111193548387,0.9569155677419354,0.937954706451613,1.0629057096774193,0.1875,0.23333333333333006,0.17500000000000004,104,0.31666666666667,0.0024244791666666586,1132107711912.3853
8.710177771895829,2.75e-08,6.161937010210118,2.75e-08,0.716111193548387,0.781851758064516,0.937954706451613,1.1503965161290324,0.17500000000000004,0.23333333333333006,0.17500000000000004,105,0.216666666666665,0.0015482638888888562,711861844644.8425
8.710177771895829,2.75e-08,8.710177771895829,2.75e-08,0.716111193548387,0.781851758064516,0.937954706451613,1.1503965161290324,0.17500000000000004,0.23333333333333006,0.17500000000000004,106,0.23333333333333006,0.0016673611111110652,1471199132745.1675
8.710177771895829,2.75e-08,10.505100059105766,2.75e-08,0.716111193548387,0.781851758064516,0.937954706451613,1.1503965161290324,0.17500000000000004,0.23333333333333006,0.17500000000000004,107,0.23333333333333495,0.0016673611111111002,1590945757437.5532
8.710177771895829,2.75e-08,12.525783359415387,2.75e-08,0.716111193548387,0.781851758064516,0.937954706451613,1.1503965161290324,0.17500000000000004,0.23333333333333006,0.17500000000000004,108,0.31666666666667,0.002262847222222215,1132107711912.3853
8.710177771895829,2.75e-08,6.161937010210118,4.5000000000000006e-08,0.716111193548387,0.6500532032258066,0.937954706451613,1.2163369677419353,0.17500000000000004,0.23333333333333006,0.17500000000000004,109,0.216666666666665,0.0015482638888888562,711861844644.8425
8.710177771895829,2.75e-08,8.710177771895829,4.5000000000000006e-08,0.716111193548387,0.6500532032258066,0.937954706451613,1.2163369677419353,0.17500000000000004,0.23333333333333006,0.17500000000000004,110,0.23333333333333006,0.0016673611111110652,1471199132745.1675
8.710177771895829,2.75e-08,10.505100059105766,4.5000000000000006e-08,0.716111193548387,0.6500532032258066,0.937954706451613,1.2163369677419353,0.17500000000000004,0.23333333333333006,0.17500000000000004,111,0.23333333333333495,0.0016673611111111002,1590945757437.5532
8.710177771895829,2.75e-08,12.525783359415387,4.5000000000000006e-08,0.716111193548387,0.6500532032258066,0.937954706451613,1.2163369677419353,0.17500000000000004,0.23333333333333006,0.17500000000000004,112,0.31666666666667,0.002262847222222215,1132107711912.3853
8.710177771895829,2.75e-08,6.161937010210118,6.25e-08,0.716111193548387,0.5495307322580644,0.937954706451613,1.2665980967741939,0.17499999999999993,0.23333333333333006,0.17500000000000004,113,0.216666666666665,0.0015482638888888551,711861844644.8425
8.710177771895829,2.75e-08,8.710177771895829,6.25e-08,0.716111193548387,0.5495307322580644,0.937954706451613,1.2665980967741939,0.17499999999999993,0.23333333333333006,0.17500000000000004,114,0.23333333333333006,0.0016673611111110642,1471199132745.1675
8.710177771895829,2.75e-08,10.505100059105766,6.25e-08,0.716111193548387,0.5495307322580644,0.937954706451613,1.2665980967741939,0.17499999999999993,0.23333333333333006,0.17500000000000004,115,0.23333333333333495,0.001667361111111099,1590945757437.5532
8.710177771895829,2.75e-08,12.525783359415387,6.25e-08,0.716111193548387,0.5495307322580644,0.937954706451613,1.2665980967741939,0.17499999999999993,0.23333333333333006,0.17500000000000004,116,0.31666666666667,0.002262847222222214,1132107711912.3853
8.710177771895829,2.75e-08,6.161937010210118,8e-08,0.716111193548387,0.4718142161290324,0.937954706451613,1.3054563870967741,0.2875,0.23333333333333006,0.17500000000000004,117,0.216666666666665,0.0025435763888888344,711861844644.8425
8.710177771895829,2.75e-08,10.505100059105766,8e-08,0.716111193548387,0.4718142161290324,0.937954706451613,1.3054563870967741,0.2875,0.23333333333333006,0.17500000000000004,119,0.23333333333333495,0.0027392361111110925,1590945757437.5532
8.710177771895829,2.75e-08,8.710177771895829,8e-08,0.716111193548387,0.4718142161290324,0.937954706451613,1.3054563870967741,0.2875,0.23333333333333006,0.17500000000000004,118,0.23333333333333006,0.002739236111111035,1471199132745.1675
8.710177771895829,2.75e-08,12.525783359415387,8e-08,0.716111193548387,0.4718142161290324,0.937954706451613,1.3054563870967741,0.2875,0.23333333333333006,0.17500000000000004,120,0.31666666666667,0.0037175347222222098,1132107711912.3853
10.505100059105766,2.75e-08,6.161937010210118,1e-08,0.716111193548387,0.9569155677419354,0.937954706451613,1.0629057096774193,0.1875,0.23333333333333495,0.17500000000000004,121,0.216666666666665,0.0016588541666666657,769803051410.2767
10.505100059105766,2.75e-08,8.710177771895829,1e-08,0.716111193548387,0.9569155677419354,0.937954706451613,1.0629057096774193,0.1875,0.23333333333333495,0.17500000000000004,122,0.23333333333333006,0.001786458333333321,1590945757437.5532
10.505100059105766,2.75e-08,10.505100059105766,1e-08,0.716111193548387,0.9569155677419354,0.937954706451613,1.0629057096774193,0.1875,0.23333333333333495,0.17500000000000004,123,0.23333333333333495,0.0017864583333333584,1720439026079.1255
10.505100059105766,2.75e-08,12.525783359415387,1e-08,0.716111193548387,0.9569155677419354,0.937954706451613,1.0629057096774193,0.1875,0.23333333333333495,0.17500000000000004,124,0.31666666666667,0.0024244791666667093,1224254365803.3308
10.505100059105766,2.75e-08,6.161937010210118,2.75e-08,0.716111193548387,0.7818502,0.937954706451613,1.1504042903225806,0.17500000000000004,0.23333333333333495,0.17500000000000004,125,0.216666666666665,0.0015482638888888885,769803051410.2767
10.505100059105766,2.75e-08,8.710177771895829,2.75e-08,0.716111193548387,0.7818502,0.937954706451613,1.1504042903225806,0.17500000000000004,0.23333333333333495,0.17500000000000004,126,0.23333333333333006,0.0016673611111111,1590945757437.5532
10.505100059105766,2.75e-08,10.505100059105766,2.75e-08,0.716111193548387,0.7818502,0.937954706451613,1.1504042903225806,0.17500000000000004,0.23333333333333495,0.17500000000000004,127,0.23333333333333495,0.0016673611111111348,1720439026079.1255
10.505100059105766,2.75e-08,12.525783359415387,2.75e-08,0.716111193548387,0.7818502,0.937954706451613,1.1504042903225806,0.17500000000000004,0.23333333333333495,0.17500000000000004,128,0.31666666666667,0.0022628472222222624,1224254365803.3308
10.505100059105766,2.75e-08,6.161937010210118,4.5000000000000006e-08,0.716111193548387,0.6500532032258066,0.937954706451613,1.2163369677419353,0.17500000000000004,0.23333333333333495,0.17500000000000004,129,0.216666666666665,0.0015482638888888885,769803051410.2767
10.505100059105766,2.75e-08,8.710177771895829,4.5000000000000006e-08,0.716111193548387,0.6500532032258066,0.937954706451613,1.2163369677419353,0.17500000000000004,0.23333333333333495,0.17500000000000004,130,0.23333333333333006,0.0016673611111111,1590945757437.5532
10.505100059105766,2.75e-08,10.505100059105766,4.5000000000000006e-08,0.716111193548387,0.6500532032258066,0.937954706451613,1.2163369677419353,0.17500000000000004,0.23333333333333495,0.17500000000000004,131,0.23333333333333495,0.0016673611111111348,1720439026079.1255
10.505100059105766,2.75e-08,12.525783359415387,4.5000000000000006e-08,0.716111193548387,0.6500532032258066,0.937954706451613,1.2163369677419353,0.17500000000000004,0.23333333333333495,0.17500000000000004,132,0.31666666666667,0.0022628472222222624,1224254365803.3308
10.505100059105766,2.75e-08,6.161937010210118,6.25e-08,0.716111193548387,0.5495307322580644,0.937954706451613,1.2665980967741939,0.17499999999999993,0.23333333333333495,0.17500000000000004,133,0.216666666666665,0.0015482638888888874,769803051410.2767
10.505100059105766,2.75e-08,8.710177771895829,6.25e-08,0.716111193548387,0.5495307322580644,0.937954706451613,1.2665980967741939,0.17499999999999993,0.23333333333333495,0.17500000000000004,134,0.23333333333333006,0.001667361111111099,1590945757437.5532
10.505100059105766,2.75e-08,10.505100059105766,6.25e-08,0.716111193548387,0.5495307322580644,0.937954706451613,1.2665980967741939,0.17499999999999993,0.23333333333333495,0.17500000000000004,135,0.23333333333333495,0.001667361111111134,1720439026079.1255
10.505100059105766,2.75e-08,12.525783359415387,6.25e-08,0.716111193548387,0.5495307322580644,0.937954706451613,1.2665980967741939,0.17499999999999993,0.23333333333333495,0.17500000000000004,136,0.31666666666667,0.002262847222222261,1224254365803.3308
10.505100059105766,2.75e-08,6.161937010210118,8e-08,0.716111193548387,0.4718142161290324,0.937954706451613,1.3054563870967741,0.2875,0.23333333333333495,0.17500000000000004,137,0.216666666666665,0.0025435763888888873,769803051410.2767
10.505100059105766,2.75e-08,8.710177771895829,8e-08,0.716111193548387,0.4718142161290324,0.937954706451613,1.3054563870967741,0.2875,0.23333333333333495,0.17500000000000004,138,0.23333333333333006,0.002739236111111092,1590945757437.5532
10.505100059105766,2.75e-08,10.505100059105766,8e-08,0.716111193548387,0.4718142161290324,0.937954706451613,1.3054563870967741,0.2875,0.23333333333333495,0.17500000000000004,139,0.23333333333333495,0.0027392361111111493,1720439026079.1255
10.505100059105766,2.75e-08,12.525783359415387,8e-08,0.716111193548387,0.4718142161290324,0.937954706451613,1.3054563870967741,0.2875,0.23333333333333495,0.17500000000000004,140,0.31666666666667,0.0037175347222222874,1224254365803.3308
12.525783359415387,2.75e-08,6.161937010210118,1e-08,0.716111193548387,0.9569155677419354,0.937954706451613,1.0629057096774193,0.1875,0.31666666666667,0.17500000000000004,141,0.216666666666665,0.0022513020833333404,547787356722.2912
12.525783359415387,2.75e-08,8.710177771895829,1e-08,0.716111193548387,0.9569155677419354,0.937954706451613,1.0629057096774193,0.1875,0.31666666666667,0.17500000000000004,142,0.23333333333333006,0.0024244791666666586,1132107711912.3853
12.525783359415387,2.75e-08,10.505100059105766,1e-08,0.716111193548387,0.9569155677419354,0.937954706451613,1.0629057096774193,0.1875,0.31666666666667,0.17500000000000004,143,0.23333333333333495,0.0024244791666667093,1224254365803.3306
12.525783359415387,2.75e-08,12.525783359415387,1e-08,0.716111193548387,0.9569155677419354,0.937954706451613,1.0629057096774193,0.1875,0.31666666666667,0.17500000000000004,144,0.31666666666667,0.0032903645833334033,871172258632.3053
12.525783359415387,2.75e-08,6.161937010210118,2.75e-08,0.716111193548387,0.7818489741935483,0.937954706451613,1.1504104516129032,0.17500000000000004,0.31666666666667,0.17500000000000004,145,0.216666666666665,0.0021012152777777847,547787356722.2912
12.525783359415387,2.75e-08,8.710177771895829,2.75e-08,0.716111193548387,0.7818489741935483,0.937954706451613,1.1504104516129032,0.17500000000000004,0.31666666666667,0.17500000000000004,146,0.23333333333333006,0.002262847222222215,1132107711912.3853
12.525783359415387,2.75e-08,10.505100059105766,2.75e-08,0.716111193548387,0.7818489741935483,0.937954706451613,1.1504104516129032,0.17500000000000004,0.31666666666667,0.17500000000000004,147,0.23333333333333495,0.002262847222222263,1224254365803.3306
12.525783359415387,2.75e-08,12.525783359415387,2.75e-08,0.716111193548387,0.7818489741935483,0.937954706451613,1.1504104516129032,0.17500000000000004,0.31666666666667,0.17500000000000004,148,0.31666666666667,0.0030710069444445103,871172258632.3053
12.525783359415387,2.75e-08,6.161937010210118,4.5000000000000006e-08,0.716111193548387,0.6500532032258066,0.937954706451613,1.2163369677419353,0.17500000000000004,0.31666666666667,0.17500000000000004,149,0.216666666666665,0.0021012152777777847,547787356722.2912
12.525783359415387,2.75e-08,8.710177771895829,4.5000000000000006e-08,0.716111193548387,0.6500532032258066,0.937954706451613,1.2163369677419353,0.17500000000000004,0.31666666666667,0.17500000000000004,150,0.23333333333333006,0.002262847222222215,1132107711912.3853
12.525783359415387,2.75e-08,10.505100059105766,4.5000000000000006e-08,0.716111193548387,0.6500532032258066,0.937954706451613,1.2163369677419353,0.17500000000000004,0.31666666666667,0.17500000000000004,151,0.23333333333333495,0.002262847222222263,1224254365803.3306
12.525783359415387,2.75e-08,12.525783359415387,4.5000000000000006e-08,0.716111193548387,0.6500532032258066,0.937954706451613,1.2163369677419353,0.17500000000000004,0.31666666666667,0.17500000000000004,152,0.31666666666667,0.0030710069444445103,871172258632.3053
12.525783359415387,2.75e-08,6.161937010210118,6.25e-08,0.716111193548387,0.5495307322580644,0.937954706451613,1.2665980967741939,0.17499999999999993,0.31666666666667,0.17500000000000004,153,0.216666666666665,0.0021012152777777834,547787356722.2912
12.525783359415387,2.75e-08,8.710177771895829,6.25e-08,0.716111193548387,0.5495307322580644,0.937954706451613,1.2665980967741939,0.17499999999999993,0.31666666666667,0.17500000000000004,154,0.23333333333333006,0.002262847222222214,1132107711912.3853
12.525783359415387,2.75e-08,10.505100059105766,6.25e-08,0.716111193548387,0.5495307322580644,0.937954706451613,1.2665980967741939,0.17499999999999993,0.31666666666667,0.17500000000000004,155,0.23333333333333495,0.002262847222222261,1224254365803.3306
12.525783359415387,2.75e-08,12.525783359415387,6.25e-08,0.716111193548387,0.5495307322580644,0.937954706451613,1.2665980967741939,0.17499999999999993,0.31666666666667,0.17500000000000004,156,0.31666666666667,0.003071006944444508,871172258632.3053
12.525783359415387,2.75e-08,6.161937010210118,8e-08,0.716111193548387,0.4718142161290324,0.937954706451613,1.3054563870967741,0.2875,0.31666666666667,0.17500000000000004,157,0.216666666666665,0.003451996527777788,547787356722.2912
12.525783359415387,2.75e-08,8.710177771895829,8e-08,0.716111193548387,0.4718142161290324,0.937954706451613,1.3054563870967741,0.2875,0.31666666666667,0.17500000000000004,158,0.23333333333333006,0.0037175347222222098,1132107711912.3853
12.525783359415387,2.75e-08,10.505100059105766,8e-08,0.716111193548387,0.4718142161290324,0.937954706451613,1.3054563870967741,0.2875,0.31666666666667,0.17500000000000004,159,0.23333333333333495,0.003717534722222288,1224254365803.3306
12.525783359415387,2.75e-08,12.525783359415387,8e-08,0.716111193548387,0.4718142161290324,0.937954706451613,1.3054563870967741,0.2875,0.31666666666667,0.17500000000000004,160,0.31666666666667,0.005045225694444552,871172258632.3053
6.161937010210118,4.5000000000000006e-08,6.161937010210118,1e-08,0.5924729129032257,0.9569155677419354,0.937954706451613,1.0629057096774193,0.1875,0.216666666666665,0.17500000000000004,161,0.216666666666665,0.00154036458333331,344445068367.86835
6.161937010210118,4.5000000000000006e-08,8.710177771895829,1e-08,0.5924729129032257,0.9569155677419354,0.937954706451613,1.0629057096774193,0.1875,0.216666666666665,0.17500000000000004,162,0.23333333333333006,0.0016588541666666312,711861844644.8425
6.161937010210118,4.5000000000000006e-08,10.505100059105766,1e-08,0.5924729129032257,0.9569155677419354,0.937954706451613,1.0629057096774193,0.1875,0.216666666666665,0.17500000000000004,163,0.23333333333333495,0.001658854166666666,769803051410.2767
6.161937010210118,4.5000000000000006e-08,12.525783359415387,1e-08,0.5924729129032257,0.9569155677419354,0.937954706451613,1.0629057096774193,0.1875,0.216666666666665,0.17500000000000004,164,0.31666666666667,0.0022513020833333404,547787356722.29126
6.161937010210118,4.5000000000000006e-08,6.161937010210118,2.75e-08,0.5924729129032257,0.7818426129032257,0.937954706451613,1.1504422258064517,0.17500000000000004,0.216666666666665,0.17500000000000004,165,0.216666666666665,0.0014376736111110897,344445068367.86835
6.161937010210118,4.5000000000000006e-08,8.710177771895829,2.75e-08,0.5924729129032257,0.7818426129032257,0.937954706451613,1.1504422258064517,0.17500000000000004,0.216666666666665,0.17500000000000004,166,0.23333333333333006,0.001548263888888856,711861844644.8425
6.161937010210118,4.5000000000000006e-08,10.505100059105766,2.75e-08,0.5924729129032257,0.7818426129032257,0.937954706451613,1.1504422258064517,0.17500000000000004,0.216666666666665,0.17500000000000004,167,0.23333333333333495,0.0015482638888888883,769803051410.2767
6.161937010210118,4.5000000000000006e-08,12.525783359415387,2.75e-08,0.5924729129032257,0.7818426129032257,0.937954706451613,1.1504422258064517,0.17500000000000004,0.216666666666665,0.17500000000000004,168,0.31666666666667,0.0021012152777777847,547787356722.29126
6.161937010210118,4.5000000000000006e-08,6.161937010210118,4.5000000000000006e-08,0.5924729129032257,0.6500288774193548,0.937954706451613,1.216438451612903,0.17500000000000004,0.216666666666665,0.17500000000000004,169,0.216666666666665,0.0014376736111110897,344445068367.86835
6.161937010210118,4.5000000000000006e-08,8.710177771895829,4.5000000000000006e-08,0.5924729129032257,0.6500288774193548,0.937954706451613,1.216438451612903,0.17500000000000004,0.216666666666665,0.17500000000000004,170,0.23333333333333006,0.001548263888888856,711861844644.8425
6.161937010210118,4.5000000000000006e-08,10.505100059105766,4.5000000000000006e-08,0.5924729129032257,0.6500288774193548,0.937954706451613,1.216438451612903,0.17500000000000004,0.216666666666665,0.17500000000000004,171,0.23333333333333495,0.0015482638888888883,769803051410.2767
6.161937010210118,4.5000000000000006e-08,12.525783359415387,4.5000000000000006e-08,0.5924729129032257,0.6500288774193548,0.937954706451613,1.216438451612903,0.17500000000000004,0.216666666666665,0.17500000000000004,172,0.31666666666667,0.0021012152777777847,547787356722.29126
6.161937010210118,4.5000000000000006e-08,6.161937010210118,6.25e-08,0.5924729129032257,0.5495307322580644,0.937954706451613,1.2665980967741939,0.17499999999999993,0.216666666666665,0.17500000000000004,173,0.216666666666665,0.0014376736111110888,344445068367.86835
6.161937010210118,4.5000000000000006e-08,8.710177771895829,6.25e-08,0.5924729129032257,0.5495307322580644,0.937954706451613,1.2665980967741939,0.17499999999999993,0.216666666666665,0.17500000000000004,174,0.23333333333333006,0.001548263888888855,711861844644.8425
6.161937010210118,4.5000000000000006e-08,10.505100059105766,6.25e-08,0.5924729129032257,0.5495307322580644,0.937954706451613,1.2665980967741939,0.17499999999999993,0.216666666666665,0.17500000000000004,175,0.23333333333333495,0.0015482638888888874,769803051410.2767
6.161937010210118,4.5000000000000006e-08,12.525783359415387,6.25e-08,0.5924729129032257,0.5495307322580644,0.937954706451613,1.2665980967741939,0.17499999999999993,0.216666666666665,0.17500000000000004,176,0.31666666666667,0.002101215277777783,547787356722.29126
6.161937010210118,4.5000000000000006e-08,6.161937010210118,8e-08,0.5924729129032257,0.4718142161290324,0.937954706451613,1.3054563870967741,0.2875,0.216666666666665,0.17500000000000004,177,0.216666666666665,0.0023618923611110755,344445068367.86835
6.161937010210118,4.5000000000000006e-08,8.710177771895829,8e-08,0.5924729129032257,0.4718142161290324,0.937954706451613,1.3054563870967741,0.2875,0.216666666666665,0.17500000000000004,178,0.23333333333333006,0.002543576388888834,711861844644.8425
6.161937010210118,4.5000000000000006e-08,10.505100059105766,8e-08,0.5924729129032257,0.4718142161290324,0.937954706451613,1.3054563870967741,0.2875,0.216666666666665,0.17500000000000004,179,0.23333333333333495,0.0025435763888888873,769803051410.2767
6.161937010210118,4.5000000000000006e-08,12.525783359415387,8e-08,0.5924729129032257,0.4718142161290324,0.937954706451613,1.3054563870967741,0.2875,0.216666666666665,0.17500000000000004,180,0.31666666666667,0.003451996527777788,547787356722.29126
8.710177771895829,4.5000000000000006e-08,6.161937010210118,1e-08,0.5924729129032257,0.9569155677419354,0.937954706451613,1.0629057096774193,0.1875,0.23333333333333006,0.17500000000000004,181,0.216666666666665,0.001658854166666631,711861844644.8425
8.710177771895829,4.5000000000000006e-08,8.710177771895829,1e-08,0.5924729129032257,0.9569155677419354,0.937954706451613,1.0629057096774193,0.1875,0.23333333333333006,0.17500000000000004,182,0.23333333333333006,0.0017864583333332836,1471199132745.1675
8.710177771895829,4.5000000000000006e-08,10.505100059105766,1e-08,0.5924729129032257,0.9569155677419354,0.937954706451613,1.0629057096774193,0.1875,0.23333333333333006,0.17500000000000004,183,0.23333333333333495,0.001786458333333321,1590945757437.5532
8.710177771895829,4.5000000000000006e-08,12.525783359415387,1e-08,0.5924729129032257,0.9569155677419354,0.937954706451613,1.0629057096774193,0.1875,0.23333333333333006,0.17500000000000004,184,0.31666666666667,0.0024244791666666586,1132107711912.3853
8.710177771895829,4.5000000000000006e-08,6.161937010210118,2.75e-08,0.5924729129032257,0.7818426129032257,0.937954706451613,1.1504422258064517,0.17500000000000004,0.23333333333333006,0.17500000000000004,185,0.216666666666665,0.0015482638888888562,711861844644.8425
8.710177771895829,4.5000000000000006e-08,8.710177771895829,2.75e-08,0.5924729129032257,0.7818426129032257,0.937954706451613,1.1504422258064517,0.17500000000000004,0.23333333333333006,0.17500000000000004,186,0.23333333333333006,0.0016673611111110652,1471199132745.1675
8.710177771895829,4.5000000000000006e-08,10.505100059105766,2.75e-08,0.5924729129032257,0.7818426129032257,0.937954706451613,1.1504422258064517,0.17500000000000004,0.23333333333333006,0.17500000000000004,187,0.23333333333333495,0.0016673611111111002,1590945757437.5532
8.710177771895829,4.5000000000000006e-08,12.525783359415387,2.75e-08,0.5924729129032257,0.7818426129032257,0.937954706451613,1.1504422258064517,0.17500000000000004,0.23333333333333006,0.17500000000000004,188,0.31666666666667,0.002262847222222215,1132107711912.3853
8.710177771895829,4.5000000000000006e-08,6.161937010210118,4.5000000000000006e-08,0.5924729129032257,0.6500359999999998,0.937954706451613,1.2164088064516128,0.17500000000000004,0.23333333333333006,0.17500000000000004,189,0.216666666666665,0.0015482638888888562,711861844644.8425
8.710177771895829,4.5000000000000006e-08,8.710177771895829,4.5000000000000006e-08,0.5924729129032257,0.6500359999999998,0.937954706451613,1.2164088064516128,0.17500000000000004,0.23333333333333006,0.17500000000000004,190,0.23333333333333006,0.0016673611111110652,1471199132745.1675
8.710177771895829,4.5000000000000006e-08,10.505100059105766,4.5000000000000006e-08,0.5924729129032257,0.6500359999999998,0.937954706451613,1.2164088064516128,0.17500000000000004,0.23333333333333006,0.17500000000000004,191,0.23333333333333495,0.0016673611111111002,1590945757437.5532
8.710177771895829,4.5000000000000006e-08,12.525783359415387,4.5000000000000006e-08,0.5924729129032257,0.6500359999999998,0.937954706451613,1.2164088064516128,0.17500000000000004,0.23333333333333006,0.17500000000000004,192,0.31666666666667,0.002262847222222215,1132107711912.3853
8.710177771895829,4.5000000000000006e-08,6.161937010210118,6.25e-08,0.5924729129032257,0.5495307322580644,0.937954706451613,1.2665980967741939,0.17499999999999993,0.23333333333333006,0.17500000000000004,193,0.216666666666665,0.0015482638888888551,711861844644.8425
8.710177771895829,4.5000000000000006e-08,8.710177771895829,6.25e-08,0.5924729129032257,0.5495307322580644,0.937954706451613,1.2665980967741939,0.17499999999999993,0.23333333333333006,0.17500000000000004,194,0.23333333333333006,0.0016673611111110642,1471199132745.1675
8.710177771895829,4.5000000000000006e-08,10.505100059105766,6.25e-08,0.5924729129032257,0.5495307322580644,0.937954706451613,1.2665980967741939,0.17499999999999993,0.23333333333333006,0.17500000000000004,195,0.23333333333333495,0.001667361111111099,1590945757437.5532
8.710177771895829,4.5000000000000006e-08,12.525783359415387,6.25e-08,0.5924729129032257,0.5495307322580644,0.937954706451613,1.2665980967741939,0.17499999999999993,0.23333333333333006,0.17500000000000004,196,0.31666666666667,0.002262847222222214,1132107711912.3853
8.710177771895829,4.5000000000000006e-08,6.161937010210118,8e-08,0.5924729129032257,0.4718142161290324,0.937954706451613,1.3054563870967741,0.2875,0.23333333333333006,0.17500000000000004,197,0.216666666666665,0.0025435763888888344,711861844644.8425
8.710177771895829,4.5000000000000006e-08,8.710177771895829,8e-08,0.5924729129032257,0.4718142161290324,0.937954706451613,1.3054563870967741,0.2875,0.23333333333333006,0.17500000000000004,198,0.23333333333333006,0.002739236111111035,1471199132745.1675
8.710177771895829,4.5000000000000006e-08,10.505100059105766,8e-08,0.5924729129032257,0.4718142161290324,0.937954706451613,1.3054563870967741,0.2875,0.23333333333333006,0.17500000000000004,199,0.23333333333333495,0.0027392361111110925,1590945757437.5532
8.710177771895829,4.5000000000000006e-08,12.525783359415387,8e-08,0.5924729129032257,0.4718142161290324,0.937954706451613,1.3054563870967741,0.2875,0.23333333333333006,0.17500000000000004,200,0.31666666666667,0.0037175347222222098,1132107711912.3853
10.505100059105766,4.5000000000000006e-08,6.161937010210118,1e-08,0.5924729129032257,0.9569155677419354,0.937954706451613,1.0629057096774193,0.1875,0.23333333333333495,0.17500000000000004,201,0.216666666666665,0.0016588541666666657,769803051410.2767
10.505100059105766,4.5000000000000006e-08,8.710177771895829,1e-08,0.5924729129032257,0.9569155677419354,0.937954706451613,1.0629057096774193,0.1875,0.23333333333333495,0.17500000000000004,202,0.23333333333333006,0.001786458333333321,1590945757437.5532
10.505100059105766,4.5000000000000006e-08,10.505100059105766,1e-08,0.5924729129032257,0.9569155677419354,0.937954706451613,1.0629057096774193,0.1875,0.23333333333333495,0.17500000000000004,203,0.23333333333333495,0.0017864583333333584,1720439026079.1255
10.505100059105766,4.5000000000000006e-08,12.525783359415387,1e-08,0.5924729129032257,0.9569155677419354,0.937954706451613,1.0629057096774193,0.1875,0.23333333333333495,0.17500000000000004,204,0.31666666666667,0.0024244791666667093,1224254365803.3308
10.505100059105766,4.5000000000000006e-08,6.161937010210118,2.75e-08,0.5924729129032257,0.7818426129032257,0.937954706451613,1.1504422258064517,0.17500000000000004,0.23333333333333495,0.17500000000000004,205,0.216666666666665,0.0015482638888888885,769803051410.2767
10.505100059105766,4.5000000000000006e-08,10.505100059105766,2.75e-08,0.5924729129032257,0.7818426129032257,0.937954706451613,1.1504422258064517,0.17500000000000004,0.23333333333333495,0.17500000000000004,207,0.23333333333333495,0.0016673611111111348,1720439026079.1255
10.505100059105766,4.5000000000000006e-08,8.710177771895829,2.75e-08,0.5924729129032257,0.7818426129032257,0.937954706451613,1.1504422258064517,0.17500000000000004,0.23333333333333495,0.17500000000000004,206,0.23333333333333006,0.0016673611111111,1590945757437.5532
10.505100059105766,4.5000000000000006e-08,12.525783359415387,2.75e-08,0.5924729129032257,0.7818426129032257,0.937954706451613,1.1504422258064517,0.17500000000000004,0.23333333333333495,0.17500000000000004,208,0.31666666666667,0.0022628472222222624,1224254365803.3308
10.505100059105766,4.5000000000000006e-08,6.161937010210118,4.5000000000000006e-08,0.5924729129032257,0.6500389451612905,0.937954706451613,1.2163965806451613,0.17500000000000004,0.23333333333333495,0.17500000000000004,209,0.216666666666665,0.0015482638888888885,769803051410.2767
10.505100059105766,4.5000000000000006e-08,8.710177771895829,4.5000000000000006e-08,0.5924729129032257,0.6500389451612905,0.937954706451613,1.2163965806451613,0.17500000000000004,0.23333333333333495,0.17500000000000004,210,0.23333333333333006,0.0016673611111111,1590945757437.5532
10.505100059105766,4.5000000000000006e-08,10.505100059105766,4.5000000000000006e-08,0.5924729129032257,0.6500389451612905,0.937954706451613,1.2163965806451613,0.17500000000000004,0.23333333333333495,0.17500000000000004,211,0.23333333333333495,0.0016673611111111348,1720439026079.1255
10.505100059105766,4.5000000000000006e-08,12.525783359415387,4.5000000000000006e-08,0.5924729129032257,0.6500389451612905,0.937954706451613,1.2163965806451613,0.17500000000000004,0.23333333333333495,0.17500000000000004,212,0.31666666666667,0.0022628472222222624,1224254365803.3308
10.505100059105766,4.5000000000000006e-08,6.161937010210118,6.25e-08,0.5924729129032257,0.5495307322580644,0.937954706451613,1.2665980967741939,0.17499999999999993,0.23333333333333495,0.17500000000000004,213,0.216666666666665,0.0015482638888888874,769803051410.2767
10.505100059105766,4.5000000000000006e-08,10.505100059105766,6.25e-08,0.5924729129032257,0.5495307322580644,0.937954706451613,1.2665980967741939,0.17499999999999993,0.23333333333333495,0.17500000000000004,215,0.23333333333333495,0.001667361111111134,1720439026079.1255
10.505100059105766,4.5000000000000006e-08,8.710177771895829,6.25e-08,0.5924729129032257,0.5495307322580644,0.937954706451613,1.2665980967741939,0.17499999999999993,0.23333333333333495,0.17500000000000004,214,0.23333333333333006,0.001667361111111099,1590945757437.5532
10.505100059105766,4.5000000000000006e-08,12.525783359415387,6.25e-08,0.5924729129032257,0.5495307322580644,0.937954706451613,1.2665980967741939,0.17499999999999993,0.23333333333333495,0.17500000000000004,216,0.31666666666667,0.002262847222222261,1224254365803.3308
10.505100059105766,4.5000000000000006e-08,6.161937010210118,8e-08,0.5924729129032257,0.4718142161290324,0.937954706451613,1.3054563870967741,0.2875,0.23333333333333495,0.17500000000000004,217,0.216666666666665,0.0025435763888888873,769803051410.2767
10.505100059105766,4.5000000000000006e-08,8.710177771895829,8e-08,0.5924729129032257,0.4718142161290324,0.937954706451613,1.3054563870967741,0.2875,0.23333333333333495,0.17500000000000004,218,0.23333333333333006,0.002739236111111092,1590945757437.5532
10.505100059105766,4.5000000000000006e-08,10.505100059105766,8e-08,0.5924729129032257,0.4718142161290324,0.937954706451613,1.3054563870967741,0.2875,0.23333333333333495,0.17500000000000004,219,0.23333333333333495,0.0027392361111111493,1720439026079.1255
10.505100059105766,4.5000000000000006e-08,12.525783359415387,8e-08,0.5924729129032257,0.4718142161290324,0.937954706451613,1.3054563870967741,0.2875,0.23333333333333495,0.17500000000000004,220,0.31666666666667,0.0037175347222222874,1224254365803.3308
12.525783359415387,4.5000000000000006e-08,6.161937010210118,1e-08,0.5924729129032257,0.9569155677419354,0.937954706451613,1.0629057096774193,0.1875,0.31666666666667,0.17500000000000004,221,0.216666666666665,0.0022513020833333404,547787356722.2912
12.525783359415387,4.5000000000000006e-08,8.710177771895829,1e-08,0.5924729129032257,0.9569155677419354,0.937954706451613,1.0629057096774193,0.1875,0.31666666666667,0.17500000000000004,222,0.23333333333333006,0.0024244791666666586,1132107711912.3853
12.525783359415387,4.5000000000000006e-08,10.505100059105766,1e-08,0.5924729129032257,0.9569155677419354,0.937954706451613,1.0629057096774193,0.1875,0.31666666666667,0.17500000000000004,223,0.23333333333333495,0.0024244791666667093,1224254365803.3306
12.525783359415387,4.5000000000000006e-08,12.525783359415387,1e-08,0.5924729129032257,0.9569155677419354,0.937954706451613,1.0629057096774193,0.1875,0.31666666666667,0.17500000000000004,224,0.31666666666667,0.0032903645833334033,871172258632.3053
12.525783359415387,4.5000000000000006e-08,6.161937010210118,2.75e-08,0.5924729129032257,0.7818426129032257,0.937954706451613,1.1504422258064517,0.17500000000000004,0.31666666666667,0.17500000000000004,225,0.216666666666665,0.0021012152777777847,547787356722.2912
12.525783359415387,4.5000000000000006e-08,8.710177771895829,2.75e-08,0.5924729129032257,0.7818426129032257,0.937954706451613,1.1504422258064517,0.17500000000000004,0.31666666666667,0.17500000000000004,226,0.23333333333333006,0.002262847222222215,1132107711912.3853
12.525783359415387,4.5000000000000006e-08,10.505100059105766,2.75e-08,0.5924729129032257,0.7818426129032257,0.937954706451613,1.1504422258064517,0.17500000000000004,0.31666666666667,0.17500000000000004,227,0.23333333333333495,0.002262847222222263,1224254365803.3306
12.525783359415387,4.5000000000000006e-08,12.525783359415387,2.75e-08,0.5924729129032257,0.7818426129032257,0.937954706451613,1.1504422258064517,0.17500000000000004,0.31666666666667,0.17500000000000004,228,0.31666666666667,0.0030710069444445103,871172258632.3053
12.525783359415387,4.5000000000000006e-08,6.161937010210118,4.5000000000000006e-08,0.5924729129032257,0.6500412548387096,0.937954706451613,1.216386935483871,0.17500000000000004,0.31666666666667,0.17500000000000004,229,0.216666666666665,0.0021012152777777847,547787356722.2912
12.525783359415387,4.5000000000000006e-08,8.710177771895829,4.5000000000000006e-08,0.5924729129032257,0.6500412548387096,0.937954706451613,1.216386935483871,0.17500000000000004,0.31666666666667,0.17500000000000004,230,0.23333333333333006,0.002262847222222215,1132107711912.3853
12.525783359415387,4.5000000000000006e-08,10.505100059105766,4.5000000000000006e-08,0.5924729129032257,0.6500412548387096,0.937954706451613,1.216386935483871,0.17500000000000004,0.31666666666667,0.17500000000000004,231,0.23333333333333495,0.002262847222222263,1224254365803.3306
12.525783359415387,4.5000000000000006e-08,12.525783359415387,4.5000000000000006e-08,0.5924729129032257,0.6500412548387096,0.937954706451613,1.216386935483871,0.17500000000000004,0.31666666666667,0.17500000000000004,232,0.31666666666667,0.0030710069444445103,871172258632.3053
12.525783359415387,4.5000000000000006e-08,6.161937010210118,6.25e-08,0.5924729129032257,0.5495307322580644,0.937954706451613,1.2665980967741939,0.17499999999999993,0.31666666666667,0.17500000000000004,233,0.216666666666665,0.0021012152777777834,547787356722.2912
12.525783359415387,4.5000000000000006e-08,8.710177771895829,6.25e-08,0.5924729129032257,0.5495307322580644,0.937954706451613,1.2665980967741939,0.17499999999999993,0.31666666666667,0.17500000000000004,234,0.23333333333333006,0.002262847222222214,1132107711912.3853
12.525783359415387,4.5000000000000006e-08,10.505100059105766,6.25e-08,0.5924729129032257,0.5495307322580644,0.937954706451613,1.2665980967741939,0.17499999999999993,0.31666666666667,0.17500000000000004,235,0.23333333333333495,0.002262847222222261,1224254365803.3306
12.525783359415387,4.5000000000000006e-08,12.525783359415387,6.25e-08,0.5924729129032257,0.5495307322580644,0.937954706451613,1.2665980967741939,0.17499999999999993,0.31666666666667,0.17500000000000004,236,0.31666666666667,0.003071006944444508,871172258632.3053
12.525783359415387,4.5000000000000006e-08,6.161937010210118,8e-08,0.5924729129032257,0.4718142161290324,0.937954706451613,1.3054563870967741,0.2875,0.31666666666667,0.17500000000000004,237,0.216666666666665,0.003451996527777788,547787356722.2912
12.525783359415387,4.5000000000000006e-08,8.710177771895829,8e-08,0.5924729129032257,0.4718142161290324,0.937954706451613,1.3054563870967741,0.2875,0.31666666666667,0.17500000000000004,238,0.23333333333333006,0.0037175347222222098,1132107711912.3853
12.525783359415387,4.5000000000000006e-08,10.505100059105766,8e-08,0.5924729129032257,0.4718142161290324,0.937954706451613,1.3054563870967741,0.2875,0.31666666666667,0.17500000000000004,239,0.23333333333333495,0.003717534722222288,1224254365803.3306
12.525783359415387,4.5000000000000006e-08,12.525783359415387,8e-08,0.5924729129032257,0.4718142161290324,0.937954706451613,1.3054563870967741,0.2875,0.31666666666667,0.17500000000000004,240,0.31666666666667,0.005045225694444552,871172258632.3053
6.161937010210118,6.25e-08,6.161937010210118,1e-08,0.49858987741935473,0.9569155677419354,0.937954706451613,1.0629057096774193,0.1875,0.216666666666665,0.17499999999999993,241,0.216666666666665,0.0015403645833333092,344445068367.86835
6.161937010210118,6.25e-08,8.710177771895829,1e-08,0.49858987741935473,0.9569155677419354,0.937954706451613,1.0629057096774193,0.1875,0.216666666666665,0.17499999999999993,242,0.23333333333333006,0.0016588541666666301,711861844644.8425
6.161937010210118,6.25e-08,10.505100059105766,1e-08,0.49858987741935473,0.9569155677419354,0.937954706451613,1.0629057096774193,0.1875,0.216666666666665,0.17499999999999993,243,0.23333333333333495,0.0016588541666666648,769803051410.2767
6.161937010210118,6.25e-08,12.525783359415387,1e-08,0.49858987741935473,0.9569155677419354,0.937954706451613,1.0629057096774193,0.1875,0.216666666666665,0.17499999999999993,244,0.31666666666667,0.0022513020833333387,547787356722.29126
6.161937010210118,6.25e-08,6.161937010210118,2.75e-08,0.49858987741935473,0.7818426129032257,0.937954706451613,1.1504422258064517,0.17500000000000004,0.216666666666665,0.17499999999999993,245,0.216666666666665,0.001437673611111089,344445068367.86835
6.161937010210118,6.25e-08,8.710177771895829,2.75e-08,0.49858987741935473,0.7818426129032257,0.937954706451613,1.1504422258064517,0.17500000000000004,0.216666666666665,0.17499999999999993,246,0.23333333333333006,0.0015482638888888551,711861844644.8425
6.161937010210118,6.25e-08,10.505100059105766,2.75e-08,0.49858987741935473,0.7818426129032257,0.937954706451613,1.1504422258064517,0.17500000000000004,0.216666666666665,0.17499999999999993,247,0.23333333333333495,0.0015482638888888877,769803051410.2767
6.161937010210118,6.25e-08,12.525783359415387,2.75e-08,0.49858987741935473,0.7818426129032257,0.937954706451613,1.1504422258064517,0.17500000000000004,0.216666666666665,0.17499999999999993,248,0.31666666666667,0.0021012152777777834,547787356722.29126
6.161937010210118,6.25e-08,6.161937010210118,4.5000000000000006e-08,0.49858987741935473,0.6500532032258066,0.937954706451613,1.2163369677419353,0.17500000000000004,0.216666666666665,0.17499999999999993,249,0.216666666666665,0.001437673611111089,344445068367.86835
6.161937010210118,6.25e-08,8.710177771895829,4.5000000000000006e-08,0.49858987741935473,0.6500532032258066,0.937954706451613,1.2163369677419353,0.17500000000000004,0.216666666666665,0.17499999999999993,250,0.23333333333333006,0.0015482638888888551,711861844644.8425
6.161937010210118,6.25e-08,10.505100059105766,4.5000000000000006e-08,0.49858987741935473,0.6500532032258066,0.937954706451613,1.2163369677419353,0.17500000000000004,0.216666666666665,0.17499999999999993,251,0.23333333333333495,0.0015482638888888877,769803051410.2767
6.161937010210118,6.25e-08,12.525783359415387,4.5000000000000006e-08,0.49858987741935473,0.6500532032258066,0.937954706451613,1.2163369677419353,0.17500000000000004,0.216666666666665,0.17499999999999993,252,0.31666666666667,0.0021012152777777834,547787356722.29126
6.161937010210118,6.25e-08,6.161937010210118,6.25e-08,0.49858987741935473,0.5495415290322581,0.937954706451613,1.2664075161290327,0.17499999999999993,0.216666666666665,0.17499999999999993,253,0.216666666666665,0.001437673611111088,344445068367.86835
6.161937010210118,6.25e-08,8.710177771895829,6.25e-08,0.49858987741935473,0.5495415290322581,0.937954706451613,1.2664075161290327,0.17499999999999993,0.216666666666665,0.17499999999999993,254,0.23333333333333006,0.001548263888888854,711861844644.8425
6.161937010210118,6.25e-08,10.505100059105766,6.25e-08,0.49858987741935473,0.5495415290322581,0.937954706451613,1.2664075161290327,0.17499999999999993,0.216666666666665,0.17499999999999993,255,0.23333333333333495,0.0015482638888888866,769803051410.2767
6.161937010210118,6.25e-08,12.525783359415387,6.25e-08,0.49858987741935473,0.5495415290322581,0.937954706451613,1.2664075161290327,0.17499999999999993,0.216666666666665,0.17499999999999993,256,0.31666666666667,0.002101215277777782,547787356722.29126
6.161937010210118,6.25e-08,6.161937010210118,8e-08,0.49858987741935473,0.4718142161290324,0.937954706451613,1.3054563870967741,0.2875,0.216666666666665,0.17499999999999993,257,0.216666666666665,0.0023618923611110738,344445068367.86835
6.161937010210118,6.25e-08,8.710177771895829,8e-08,0.49858987741935473,0.4718142161290324,0.937954706451613,1.3054563870967741,0.2875,0.216666666666665,0.17499999999999993,258,0.23333333333333006,0.0025435763888888327,711861844644.8425
6.161937010210118,6.25e-08,10.505100059105766,8e-08,0.49858987741935473,0.4718142161290324,0.937954706451613,1.3054563870967741,0.2875,0.216666666666665,0.17499999999999993,259,0.23333333333333495,0.0025435763888888856,769803051410.2767
6.161937010210118,6.25e-08,12.525783359415387,8e-08,0.49858987741935473,0.4718142161290324,0.937954706451613,1.3054563870967741,0.2875,0.216666666666665,0.17499999999999993,260,0.31666666666667,0.003451996527777786,547787356722.29126
8.710177771895829,6.25e-08,6.161937010210118,1e-08,0.49858987741935473,0.9569155677419354,0.937954706451613,1.0629057096774193,0.1875,0.23333333333333006,0.17499999999999993,261,0.216666666666665,0.00165885416666663,711861844644.8425
8.710177771895829,6.25e-08,8.710177771895829,1e-08,0.49858987741935473,0.9569155677419354,0.937954706451613,1.0629057096774193,0.1875,0.23333333333333006,0.17499999999999993,262,0.23333333333333006,0.0017864583333332823,1471199132745.1675
8.710177771895829,6.25e-08,10.505100059105766,1e-08,0.49858987741935473,0.9569155677419354,0.937954706451613,1.0629057096774193,0.1875,0.23333333333333006,0.17499999999999993,263,0.23333333333333495,0.0017864583333333198,1590945757437.5532
8.710177771895829,6.25e-08,12.525783359415387,1e-08,0.49858987741935473,0.9569155677419354,0.937954706451613,1.0629057096774193,0.1875,0.23333333333333006,0.17499999999999993,264,0.31666666666667,0.002424479166666657,1132107711912.3853
8.710177771895829,6.25e-08,6.161937010210118,2.75e-08,0.49858987741935473,0.7818426129032257,0.937954706451613,1.1504422258064517,0.17500000000000004,0.23333333333333006,0.17499999999999993,265,0.216666666666665,0.001548263888888855,711861844644.8425
8.710177771895829,6.25e-08,8.710177771895829,2.75e-08,0.49858987741935473,0.7818426129032257,0.937954706451613,1.1504422258064517,0.17500000000000004,0.23333333333333006,0.17499999999999993,266,0.23333333333333006,0.001667361111111064,1471199132745.1675
8.710177771895829,6.25e-08,10.505100059105766,2.75e-08,0.49858987741935473,0.7818426129032257,0.937954706451613,1.1504422258064517,0.17500000000000004,0.23333333333333006,0.17499999999999993,267,0.23333333333333495,0.0016673611111110989,1590945757437.5532
8.710177771895829,6.25e-08,12.525783359415387,2.75e-08,0.49858987741935473,0.7818426129032257,0.937954706451613,1.1504422258064517,0.17500000000000004,0.23333333333333006,0.17499999999999993,268,0.31666666666667,0.002262847222222214,1132107711912.3853
8.710177771895829,6.25e-08,6.161937010210118,4.5000000000000006e-08,0.49858987741935473,0.6500532032258066,0.937954706451613,1.2163369677419353,0.17500000000000004,0.23333333333333006,0.17499999999999993,269,0.216666666666665,0.001548263888888855,711861844644.8425
8.710177771895829,6.25e-08,8.710177771895829,4.5000000000000006e-08,0.49858987741935473,0.6500532032258066,0.937954706451613,1.2163369677419353,0.17500000000000004,0.23333333333333006,0.17499999999999993,270,0.23333333333333006,0.001667361111111064,1471199132745.1675
8.710177771895829,6.25e-08,10.505100059105766,4.5000000000000006e-08,0.49858987741935473,0.6500532032258066,0.937954706451613,1.2163369677419353,0.17500000000000004,0.23333333333333006,0.17499999999999993,271,0.23333333333333495,0.0016673611111110989,1590945757437.5532
8.710177771895829,6.25e-08,12.525783359415387,4.5000000000000006e-08,0.49858987741935473,0.6500532032258066,0.937954706451613,1.2163369677419353,0.17500000000000004,0.23333333333333006,0.17499999999999993,272,0.31666666666667,0.002262847222222214,1132107711912.3853
8.710177771895829,6.25e-08,6.161937010210118,6.25e-08,0.49858987741935473,0.5495383774193549,0.937954706451613,1.2664633225806452,0.17499999999999993,0.23333333333333006,0.17499999999999993,273,0.216666666666665,0.001548263888888854,711861844644.8425
8.710177771895829,6.25e-08,8.710177771895829,6.25e-08,0.49858987741935473,0.5495383774193549,0.937954706451613,1.2664633225806452,0.17499999999999993,0.23333333333333006,0.17499999999999993,274,0.23333333333333006,0.001667361111111063,1471199132745.1675
8.710177771895829,6.25e-08,10.505100059105766,6.25e-08,0.49858987741935473,0.5495383774193549,0.937954706451613,1.2664633225806452,0.17499999999999993,0.23333333333333006,0.17499999999999993,275,0.23333333333333495,0.001667361111111098,1590945757437.5532
8.710177771895829,6.25e-08,12.525783359415387,6.25e-08,0.49858987741935473,0.5495383774193549,0.937954706451613,1.2664633225806452,0.17499999999999993,0.23333333333333006,0.17499999999999993,276,0.31666666666667,0.002262847222222212,1132107711912.3853
8.710177771895829,6.25e-08,6.161937010210118,8e-08,0.49858987741935473,0.4718142161290324,0.937954706451613,1.3054563870967741,0.2875,0.23333333333333006,0.17499999999999993,277,0.216666666666665,0.0025435763888888327,711861844644.8425
8.710177771895829,6.25e-08,8.710177771895829,8e-08,0.49858987741935473,0.4718142161290324,0.937954706451613,1.3054563870967741,0.2875,0.23333333333333006,0.17499999999999993,278,0.23333333333333006,0.002739236111111033,1471199132745.1675
8.710177771895829,6.25e-08,10.505100059105766,8e-08,0.49858987741935473,0.4718142161290324,0.937954706451613,1.3054563870967741,0.2875,0.23333333333333006,0.17499999999999993,279,0.23333333333333495,0.0027392361111110903,1590945757437.5532
8.710177771895829,6.25e-08,12.525783359415387,8e-08,0.49858987741935473,0.4718142161290324,0.937954706451613,1.3054563870967741,0.2875,0.23333333333333006,0.17499999999999993,280,0.31666666666667,0.003717534722222207,1132107711912.3853
10.505100059105766,6.25e-08,6.161937010210118,1e-08,0.49858987741935473,0.9569155677419354,0.937954706451613,1.0629057096774193,0.1875,0.23333333333333495,0.17499999999999993,281,0.216666666666665,0.0016588541666666648,769803051410.2767
10.505100059105766,6.25e-08,8.710177771895829,1e-08,0.49858987741935473,0.9569155677419354,0.937954706451613,1.0629057096774193,0.1875,0.23333333333333495,0.17499999999999993,282,0.23333333333333006,0.00178645833333332,1590945757437.5532
10.505100059105766,6.25e-08,10.505100059105766,1e-08,0.49858987741935473,0.9569155677419354,0.937954706451613,1.0629057096774193,0.1875,0.23333333333333495,0.17499999999999993,283,0.23333333333333495,0.0017864583333333573,1720439026079.1255
10.505100059105766,6.25e-08,12.525783359415387,1e-08,0.49858987741935473,0.9569155677419354,0.937954706451613,1.0629057096774193,0.1875,0.23333333333333495,0.17499999999999993,284,0.31666666666667,0.002424479166666708,1224254365803.3308
10.505100059105766,6.25e-08,6.161937010210118,2.75e-08,0.49858987741935473,0.7818426129032257,0.937954706451613,1.1504422258064517,0.17500000000000004,0.23333333333333495,0.17499999999999993,285,0.216666666666665,0.0015482638888888877,769803051410.2767
10.505100059105766,6.25e-08,8.710177771895829,2.75e-08,0.49858987741935473,0.7818426129032257,0.937954706451613,1.1504422258064517,0.17500000000000004,0.23333333333333495,0.17499999999999993,286,0.23333333333333006,0.0016673611111110993,1590945757437.5532
10.505100059105766,6.25e-08,10.505100059105766,2.75e-08,0.49858987741935473,0.7818426129032257,0.937954706451613,1.1504422258064517,0.17500000000000004,0.23333333333333495,0.17499999999999993,287,0.23333333333333495,0.0016673611111111342,1720439026079.1255
10.505100059105766,6.25e-08,12.525783359415387,2.75e-08,0.49858987741935473,0.7818426129032257,0.937954706451613,1.1504422258064517,0.17500000000000004,0.23333333333333495,0.17499999999999993,288,0.31666666666667,0.0022628472222222615,1224254365803.3308
10.505100059105766,6.25e-08,6.161937010210118,4.5000000000000006e-08,0.49858987741935473,0.6500532032258066,0.937954706451613,1.2163369677419353,0.17500000000000004,0.23333333333333495,0.17499999999999993,289,0.216666666666665,0.0015482638888888877,769803051410.2767
10.505100059105766,6.25e-08,8.710177771895829,4.5000000000000006e-08,0.49858987741935473,0.6500532032258066,0.937954706451613,1.2163369677419353,0.17500000000000004,0.23333333333333495,0.17499999999999993,290,0.23333333333333006,0.0016673611111110993,1590945757437.5532
10.505100059105766,6.25e-08,10.505100059105766,4.5000000000000006e-08,0.49858987741935473,0.6500532032258066,0.937954706451613,1.2163369677419353,0.17500000000000004,0.23333333333333495,0.17499999999999993,291,0.23333333333333495,0.0016673611111111342,1720439026079.1255
10.505100059105766,6.25e-08,12.525783359415387,4.5000000000000006e-08,0.49858987741935473,0.6500532032258066,0.937954706451613,1.2163369677419353,0.17500000000000004,0.23333333333333495,0.17499999999999993,292,0.31666666666667,0.0022628472222222615,1224254365803.3308
10.505100059105766,6.25e-08,6.161937010210118,6.25e-08,0.49858987741935473,0.549537058064516,0.937954706451613,1.266486322580645,0.17499999999999993,0.23333333333333495,0.17499999999999993,293,0.216666666666665,0.0015482638888888868,769803051410.2767
10.505100059105766,6.25e-08,8.710177771895829,6.25e-08,0.49858987741935473,0.549537058064516,0.937954706451613,1.266486322580645,0.17499999999999993,0.23333333333333495,0.17499999999999993,294,0.23333333333333006,0.0016673611111110982,1590945757437.5532
10.505100059105766,6.25e-08,10.505100059105766,6.25e-08,0.49858987741935473,0.549537058064516,0.937954706451613,1.266486322580645,0.17499999999999993,0.23333333333333495,0.17499999999999993,295,0.23333333333333495,0.0016673611111111331,1720439026079.1255
10.505100059105766,6.25e-08,12.525783359415387,6.25e-08,0.49858987741935473,0.549537058064516,0.937954706451613,1.266486322580645,0.17499999999999993,0.23333333333333495,0.17499999999999993,296,0.31666666666667,0.0022628472222222602,1224254365803.3308
10.505100059105766,6.25e-08,6.161937010210118,8e-08,0.49858987741935473,0.4718142161290324,0.937954706451613,1.3054563870967741,0.2875,0.23333333333333495,0.17499999999999993,297,0.216666666666665,0.002543576388888886,769803051410.2767
10.505100059105766,6.25e-08,8.710177771895829,8e-08,0.49858987741935473,0.4718142161290324,0.937954706451613,1.3054563870967741,0.2875,0.23333333333333495,0.17499999999999993,298,0.23333333333333006,0.0027392361111110907,1590945757437.5532
10.505100059105766,6.25e-08,10.505100059105766,8e-08,0.49858987741935473,0.4718142161290324,0.937954706451613,1.3054563870967741,0.2875,0.23333333333333495,0.17499999999999993,299,0.23333333333333495,0.002739236111111148,1720439026079.1255
10.505100059105766,6.25e-08,12.525783359415387,8e-08,0.49858987741935473,0.4718142161290324,0.937954706451613,1.3054563870967741,0.2875,0.23333333333333495,0.17499999999999993,300,0.31666666666667,0.0037175347222222857,1224254365803.3308
12.525783359415387,6.25e-08,6.161937010210118,1e-08,0.49858987741935473,0.9569155677419354,0.937954706451613,1.0629057096774193,0.1875,0.31666666666667,0.17499999999999993,301,0.216666666666665,0.0022513020833333387,547787356722.2912
12.525783359415387,6.25e-08,8.710177771895829,1e-08,0.49858987741935473,0.9569155677419354,0.937954706451613,1.0629057096774193,0.1875,0.31666666666667,0.17499999999999993,302,0.23333333333333006,0.0024244791666666573,1132107711912.3853
12.525783359415387,6.25e-08,10.505100059105766,1e-08,0.49858987741935473,0.9569155677419354,0.937954706451613,1.0629057096774193,0.1875,0.31666666666667,0.17499999999999993,303,0.23333333333333495,0.002424479166666708,1224254365803.3306
12.525783359415387,6.25e-08,12.525783359415387,1e-08,0.49858987741935473,0.9569155677419354,0.937954706451613,1.0629057096774193,0.1875,0.31666666666667,0.17499999999999993,304,0.31666666666667,0.0032903645833334007,871172258632.3053
12.525783359415387,6.25e-08,6.161937010210118,2.75e-08,0.49858987741935473,0.7818426129032257,0.937954706451613,1.1504422258064517,0.17500000000000004,0.31666666666667,0.17499999999999993,305,0.216666666666665,0.0021012152777777834,547787356722.2912
12.525783359415387,6.25e-08,8.710177771895829,2.75e-08,0.49858987741935473,0.7818426129032257,0.937954706451613,1.1504422258064517,0.17500000000000004,0.31666666666667,0.17499999999999993,306,0.23333333333333006,0.002262847222222214,1132107711912.3853
12.525783359415387,6.25e-08,10.505100059105766,2.75e-08,0.49858987741935473,0.7818426129032257,0.937954706451613,1.1504422258064517,0.17500000000000004,0.31666666666667,0.17499999999999993,307,0.23333333333333495,0.002262847222222261,1224254365803.3306
12.525783359415387,6.25e-08,12.525783359415387,2.75e-08,0.49858987741935473,0.7818426129032257,0.937954706451613,1.1504422258064517,0.17500000000000004,0.31666666666667,0.17499999999999993,308,0.31666666666667,0.003071006944444508,871172258632.3053
12.525783359415387,6.25e-08,6.161937010210118,4.5000000000000006e-08,0.49858987741935473,0.6500532032258066,0.937954706451613,1.2163369677419353,0.17500000000000004,0.31666666666667,0.17499999999999993,309,0.216666666666665,0.0021012152777777834,547787356722.2912
12.525783359415387,6.25e-08,8.710177771895829,4.5000000000000006e-08,0.49858987741935473,0.6500532032258066,0.937954706451613,1.2163369677419353,0.17500000000000004,0.31666666666667,0.17499999999999993,310,0.23333333333333006,0.002262847222222214,1132107711912.3853
12.525783359415387,6.25e-08,10.505100059105766,4.5000000000000006e-08,0.49858987741935473,0.6500532032258066,0.937954706451613,1.2163369677419353,0.17500000000000004,0.31666666666667,0.17499999999999993,311,0.23333333333333495,0.002262847222222261,1224254365803.3306
12.525783359415387,6.25e-08,12.525783359415387,4.5000000000000006e-08,0.49858987741935473,0.6500532032258066,0.937954706451613,1.2163369677419353,0.17500000000000004,0.31666666666667,0.17499999999999993,312,0.31666666666667,0.003071006944444508,871172258632.3053
12.525783359415387,6.25e-08,6.161937010210118,6.25e-08,0.49858987741935473,0.5495360516129032,0.937954706451613,1.2665043548387096,0.17499999999999993,0.31666666666667,0.17499999999999993,313,0.216666666666665,0.002101215277777782,547787356722.2912
12.525783359415387,6.25e-08,8.710177771895829,6.25e-08,0.49858987741935473,0.5495360516129032,0.937954706451613,1.2665043548387096,0.17499999999999993,0.31666666666667,0.17499999999999993,314,0.23333333333333006,0.0022628472222222125,1132107711912.3853
12.525783359415387,6.25e-08,10.505100059105766,6.25e-08,0.49858987741935473,0.5495360516129032,0.937954706451613,1.2665043548387096,0.17499999999999993,0.31666666666667,0.17499999999999993,315,0.23333333333333495,0.00226284722222226,1224254365803.3306
12.525783359415387,6.25e-08,12.525783359415387,6.25e-08,0.49858987741935473,0.5495360516129032,0.937954706451613,1.2665043548387096,0.17499999999999993,0.31666666666667,0.17499999999999993,316,0.31666666666667,0.0030710069444445064,871172258632.3053
12.525783359415387,6.25e-08,6.161937010210118,8e-08,0.49858987741935473,0.4718142161290324,0.937954706451613,1.3054563870967741,0.2875,0.31666666666667,0.17499999999999993,317,0.216666666666665,0.003451996527777786,547787356722.2912
12.525783359415387,6.25e-08,8.710177771895829,8e-08,0.49858987741935473,0.4718142161290324,0.937954706451613,1.3054563870967741,0.2875,0.31666666666667,0.17499999999999993,318,0.23333333333333006,0.0037175347222222076,1132107711912.3853
12.525783359415387,6.25e-08,10.505100059105766,8e-08,0.49858987741935473,0.4718142161290324,0.937954706451613,1.3054563870967741,0.2875,0.31666666666667,0.17499999999999993,319,0.23333333333333495,0.0037175347222222852,1224254365803.3306
12.525783359415387,6.25e-08,12.525783359415387,8e-08,0.49858987741935473,0.4718142161290324,0.937954706451613,1.3054563870967741,0.2875,0.31666666666667,0.17499999999999993,320,0.31666666666667,0.005045225694444548,871172258632.3053
6.161937010210118,8e-08,6.161937010210118,1e-08,0.42633709354838706,0.9569155677419354,0.937954706451613,1.0629057096774193,0.1875,0.216666666666665,0.2875,321,0.216666666666665,0.002530598958333294,344445068367.86835
6.161937010210118,8e-08,8.710177771895829,1e-08,0.42633709354838706,0.9569155677419354,0.937954706451613,1.0629057096774193,0.1875,0.216666666666665,0.2875,322,0.23333333333333006,0.002725260416666607,711861844644.8425
6.161937010210118,8e-08,10.505100059105766,1e-08,0.42633709354838706,0.9569155677419354,0.937954706451613,1.0629057096774193,0.1875,0.216666666666665,0.2875,323,0.23333333333333495,0.0027252604166666645,769803051410.2767
6.161937010210118,8e-08,12.525783359415387,1e-08,0.42633709354838706,0.9569155677419354,0.937954706451613,1.0629057096774193,0.1875,0.216666666666665,0.2875,324,0.31666666666667,0.003698567708333343,547787356722.29126
6.161937010210118,8e-08,6.161937010210118,2.75e-08,0.42633709354838706,0.7818426129032257,0.937954706451613,1.1504422258064517,0.17500000000000004,0.216666666666665,0.2875,325,0.216666666666665,0.0023618923611110755,344445068367.86835
6.161937010210118,8e-08,8.710177771895829,2.75e-08,0.42633709354838706,0.7818426129032257,0.937954706451613,1.1504422258064517,0.17500000000000004,0.216666666666665,0.2875,326,0.23333333333333006,0.002543576388888834,711861844644.8425
6.161937010210118,8e-08,10.505100059105766,2.75e-08,0.42633709354838706,0.7818426129032257,0.937954706451613,1.1504422258064517,0.17500000000000004,0.216666666666665,0.2875,327,0.23333333333333495,0.0025435763888888873,769803051410.2767
6.161937010210118,8e-08,12.525783359415387,2.75e-08,0.42633709354838706,0.7818426129032257,0.937954706451613,1.1504422258064517,0.17500000000000004,0.216666666666665,0.2875,328,0.31666666666667,0.003451996527777788,547787356722.29126
6.161937010210118,8e-08,6.161937010210118,4.5000000000000006e-08,0.42633709354838706,0.6500532032258066,0.937954706451613,1.2163369677419353,0.17500000000000004,0.216666666666665,0.2875,329,0.216666666666665,0.0023618923611110755,344445068367.86835
6.161937010210118,8e-08,8.710177771895829,4.5000000000000006e-08,0.42633709354838706,0.6500532032258066,0.937954706451613,1.2163369677419353,0.17500000000000004,0.216666666666665,0.2875,330,0.23333333333333006,0.002543576388888834,711861844644.8425
6.161937010210118,8e-08,10.505100059105766,4.5000000000000006e-08,0.42633709354838706,0.6500532032258066,0.937954706451613,1.2163369677419353,0.17500000000000004,0.216666666666665,0.2875,331,0.23333333333333495,0.0025435763888888873,769803051410.2767
6.161937010210118,8e-08,12.525783359415387,4.5000000000000006e-08,0.42633709354838706,0.6500532032258066,0.937954706451613,1.2163369677419353,0.17500000000000004,0.216666666666665,0.2875,332,0.31666666666667,0.003451996527777788,547787356722.29126
6.161937010210118,8e-08,6.161937010210118,6.25e-08,0.42633709354838706,0.5495307322580644,0.937954706451613,1.2665980967741939,0.17499999999999993,0.216666666666665,0.2875,333,0.216666666666665,0.0023618923611110738,344445068367.86835
6.161937010210118,8e-08,8.710177771895829,6.25e-08,0.42633709354838706,0.5495307322580644,0.937954706451613,1.2665980967741939,0.17499999999999993,0.216666666666665,0.2875,334,0.23333333333333006,0.0025435763888888327,711861844644.8425
6.161937010210118,8e-08,10.505100059105766,6.25e-08,0.42633709354838706,0.5495307322580644,0.937954706451613,1.2665980967741939,0.17499999999999993,0.216666666666665,0.2875,335,0.23333333333333495,0.0025435763888888856,769803051410.2767
6.161937010210118,8e-08,12.525783359415387,6.25e-08,0.42633709354838706,0.5495307322580644,0.937954706451613,1.2665980967741939,0.17499999999999993,0.216666666666665,0.2875,336,0.31666666666667,0.003451996527777786,547787356722.29126
6.161937010210118,8e-08,6.161937010210118,8e-08,0.42633709354838706,0.47185178064516137,0.937954706451613,1.3054820645161291,0.2875,0.216666666666665,0.2875,337,0.216666666666665,0.003880251736111051,344445068367.86835
6.161937010210118,8e-08,8.710177771895829,8e-08,0.42633709354838706,0.47185178064516137,0.937954706451613,1.3054820645161291,0.2875,0.216666666666665,0.2875,338,0.23333333333333006,0.004178732638888798,711861844644.8425
6.161937010210118,8e-08,10.505100059105766,8e-08,0.42633709354838706,0.47185178064516137,0.937954706451613,1.3054820645161291,0.2875,0.216666666666665,0.2875,339,0.23333333333333495,0.004178732638888885,769803051410.2767
6.161937010210118,8e-08,12.525783359415387,8e-08,0.42633709354838706,0.47185178064516137,0.937954706451613,1.3054820645161291,0.2875,0.216666666666665,0.2875,340,0.31666666666667,0.005671137152777793,547787356722.29126
8.710177771895829,8e-08,6.161937010210118,1e-08,0.42633709354838706,0.9569155677419354,0.937954706451613,1.0629057096774193,0.1875,0.23333333333333006,0.2875,341,0.216666666666665,0.002725260416666607,711861844644.8425
8.710177771895829,8e-08,8.710177771895829,1e-08,0.42633709354838706,0.9569155677419354,0.937954706451613,1.0629057096774193,0.1875,0.23333333333333006,0.2875,342,0.23333333333333006,0.002934895833333251,1471199132745.1675
8.710177771895829,8e-08,10.505100059105766,1e-08,0.42633709354838706,0.9569155677419354,0.937954706451613,1.0629057096774193,0.1875,0.23333333333333006,0.2875,343,0.23333333333333495,0.002934895833333312,1590945757437.5532
8.710177771895829,8e-08,12.525783359415387,1e-08,0.42633709354838706,0.9569155677419354,0.937954706451613,1.0629057096774193,0.1875,0.23333333333333006,0.2875,344,0.31666666666667,0.003983072916666652,1132107711912.3853
8.710177771895829,8e-08,6.161937010210118,2.75e-08,0.42633709354838706,0.7818426129032257,0.937954706451613,1.1504422258064517,0.17500000000000004,0.23333333333333006,0.2875,345,0.216666666666665,0.002543576388888834,711861844644.8425
8.710177771895829,8e-08,8.710177771895829,2.75e-08,0.42633709354838706,0.7818426129032257,0.937954706451613,1.1504422258064517,0.17500000000000004,0.23333333333333006,0.2875,346,0.23333333333333006,0.0027392361111110344,1471199132745.1675
8.710177771895829,8e-08,10.505100059105766,2.75e-08,0.42633709354838706,0.7818426129032257,0.937954706451613,1.1504422258064517,0.17500000000000004,0.23333333333333006,0.2875,347,0.23333333333333495,0.002739236111111092,1590945757437.5532
8.710177771895829,8e-08,12.525783359415387,2.75e-08,0.42633709354838706,0.7818426129032257,0.937954706451613,1.1504422258064517,0.17500000000000004,0.23333333333333006,0.2875,348,0.31666666666667,0.0037175347222222093,1132107711912.3853
8.710177771895829,8e-08,6.161937010210118,4.5000000000000006e-08,0.42633709354838706,0.6500532032258066,0.937954706451613,1.2163369677419353,0.17500000000000004,0.23333333333333006,0.2875,349,0.216666666666665,0.002543576388888834,711861844644.8425
8.710177771895829,8e-08,8.710177771895829,4.5000000000000006e-08,0.42633709354838706,0.6500532032258066,0.937954706451613,1.2163369677419353,0.17500000000000004,0.23333333333333006,0.2875,350,0.23333333333333006,0.0027392361111110344,1471199132745.1675
8.710177771895829,8e-08,10.505100059105766,4.5000000000000006e-08,0.42633709354838706,0.6500532032258066,0.937954706451613,1.2163369677419353,0.17500000000000004,0.23333333333333006,0.2875,351,0.23333333333333495,0.002739236111111092,1590945757437.5532
8.710177771895829,8e-08,12.525783359415387,4.5000000000000006e-08,0.42633709354838706,0.6500532032258066,0.937954706451613,1.2163369677419353,0.17500000000000004,0.23333333333333006,0.2875,352,0.31666666666667,0.0037175347222222093,1132107711912.3853
8.710177771895829,8e-08,6.161937010210118,6.25e-08,0.42633709354838706,0.5495307322580644,0.937954706451613,1.2665980967741939,0.17499999999999993,0.23333333333333006,0.2875,353,0.216666666666665,0.0025435763888888327,711861844644.8425
8.710177771895829,8e-08,8.710177771895829,6.25e-08,0.42633709354838706,0.5495307322580644,0.937954706451613,1.2665980967741939,0.17499999999999993,0.23333333333333006,0.2875,354,0.23333333333333006,0.002739236111111033,1471199132745.1675
8.710177771895829,8e-08,10.505100059105766,6.25e-08,0.42633709354838706,0.5495307322580644,0.937954706451613,1.2665980967741939,0.17499999999999993,0.23333333333333006,0.2875,355,0.23333333333333495,0.0027392361111110903,1590945757437.5532
8.710177771895829,8e-08,12.525783359415387,6.25e-08,0.42633709354838706,0.5495307322580644,0.937954706451613,1.2665980967741939,0.17499999999999993,0.23333333333333006,0.2875,356,0.31666666666667,0.003717534722222207,1132107711912.3853
8.710177771895829,8e-08,6.161937010210118,8e-08,0.42633709354838706,0.4718407967741936,0.937954706451613,1.305474451612903,0.2875,0.23333333333333006,0.2875,357,0.216666666666665,0.004178732638888797,711861844644.8425
8.710177771895829,8e-08,8.710177771895829,8e-08,0.42633709354838706,0.4718407967741936,0.937954706451613,1.305474451612903,0.2875,0.23333333333333006,0.2875,358,0.23333333333333006,0.0045001736111109835,1471199132745.1675
8.710177771895829,8e-08,10.505100059105766,8e-08,0.42633709354838706,0.4718407967741936,0.937954706451613,1.305474451612903,0.2875,0.23333333333333006,0.2875,359,0.23333333333333495,0.004500173611111078,1590945757437.5532
8.710177771895829,8e-08,12.525783359415387,8e-08,0.42633709354838706,0.4718407967741936,0.937954706451613,1.305474451612903,0.2875,0.23333333333333006,0.2875,360,0.31666666666667,0.006107378472222199,1132107711912.3853
10.505100059105766,8e-08,6.161937010210118,1e-08,0.42633709354838706,0.9569155677419354,0.937954706451613,1.0629057096774193,0.1875,0.23333333333333495,0.2875,361,0.216666666666665,0.0027252604166666645,769803051410.2767
10.505100059105766,8e-08,8.710177771895829,1e-08,0.42633709354838706,0.9569155677419354,0.937954706451613,1.0629057096774193,0.1875,0.23333333333333495,0.2875,362,0.23333333333333006,0.0029348958333333124,1590945757437.5532
10.505100059105766,8e-08,10.505100059105766,1e-08,0.42633709354838706,0.9569155677419354,0.937954706451613,1.0629057096774193,0.1875,0.23333333333333495,0.2875,363,0.23333333333333495,0.0029348958333333735,1720439026079.1255
10.505100059105766,8e-08,12.525783359415387,1e-08,0.42633709354838706,0.9569155677419354,0.937954706451613,1.0629057096774193,0.1875,0.23333333333333495,0.2875,364,0.31666666666667,0.003983072916666735,1224254365803.3308
10.505100059105766,8e-08,6.161937010210118,2.75e-08,0.42633709354838706,0.7818426129032257,0.937954706451613,1.1504422258064517,0.17500000000000004,0.23333333333333495,0.2875,365,0.216666666666665,0.0025435763888888873,769803051410.2767
10.505100059105766,8e-08,8.710177771895829,2.75e-08,0.42633709354838706,0.7818426129032257,0.937954706451613,1.1504422258064517,0.17500000000000004,0.23333333333333495,0.2875,366,0.23333333333333006,0.002739236111111092,1590945757437.5532
10.505100059105766,8e-08,10.505100059105766,2.75e-08,0.42633709354838706,0.7818426129032257,0.937954706451613,1.1504422258064517,0.17500000000000004,0.23333333333333495,0.2875,367,0.23333333333333495,0.0027392361111111493,1720439026079.1255
10.505100059105766,8e-08,12.525783359415387,2.75e-08,0.42633709354838706,0.7818426129032257,0.937954706451613,1.1504422258064517,0.17500000000000004,0.23333333333333495,0.2875,368,0.31666666666667,0.0037175347222222874,1224254365803.3308
10.505100059105766,8e-08,6.161937010210118,4.5000000000000006e-08,0.42633709354838706,0.6500532032258066,0.937954706451613,1.2163369677419353,0.17500000000000004,0.23333333333333495,0.2875,369,0.216666666666665,0.0025435763888888873,769803051410.2767
10.505100059105766,8e-08,8.710177771895829,4.5000000000000006e-08,0.42633709354838706,0.6500532032258066,0.937954706451613,1.2163369677419353,0.17500000000000004,0.23333333333333495,0.2875,370,0.23333333333333006,0.002739236111111092,1590945757437.5532
10.505100059105766,8e-08,10.505100059105766,4.5000000000000006e-08,0.42633709354838706,0.6500532032258066,0.937954706451613,1.2163369677419353,0.17500000000000004,0.23333333333333495,0.2875,371,0.23333333333333495,0.0027392361111111493,1720439026079.1255
10.505100059105766,8e-08,12.525783359415387,4.5000000000000006e-08,0.42633709354838706,0.6500532032258066,0.937954706451613,1.2163369677419353,0.17500000000000004,0.23333333333333495,0.2875,372,0.31666666666667,0.0037175347222222874,1224254365803.3308
10.505100059105766,8e-08,6.161937010210118,6.25e-08,0.42633709354838706,0.5495307322580644,0.937954706451613,1.2665980967741939,0.17499999999999993,0.23333333333333495,0.2875,373,0.216666666666665,0.0025435763888888856,769803051410.2767
10.505100059105766,8e-08,8.710177771895829,6.25e-08,0.42633709354838706,0.5495307322580644,0.937954706451613,1.2665980967741939,0.17499999999999993,0.23333333333333495,0.2875,374,0.23333333333333006,0.00273923611111109,1590945757437.5532
10.505100059105766,8e-08,10.505100059105766,6.25e-08,0.42633709354838706,0.5495307322580644,0.937954706451613,1.2665980967741939,0.17499999999999993,0.23333333333333495,0.2875,375,0.23333333333333495,0.002739236111111147,1720439026079.1255
10.505100059105766,8e-08,12.525783359415387,6.25e-08,0.42633709354838706,0.5495307322580644,0.937954706451613,1.2665980967741939,0.17499999999999993,0.23333333333333495,0.2875,376,0.31666666666667,0.003717534722222285,1224254365803.3308
10.505100059105766,8e-08,6.161937010210118,8e-08,0.42633709354838706,0.4718362483870968,0.937954706451613,1.3054715483870967,0.2875,0.23333333333333495,0.2875,377,0.216666666666665,0.004178732638888885,769803051410.2767
10.505100059105766,8e-08,8.710177771895829,8e-08,0.42633709354838706,0.4718362483870968,0.937954706451613,1.3054715483870967,0.2875,0.23333333333333495,0.2875,378,0.23333333333333006,0.004500173611111078,1590945757437.5532
10.505100059105766,8e-08,10.505100059105766,8e-08,0.42633709354838706,0.4718362483870968,0.937954706451613,1.3054715483870967,0.2875,0.23333333333333495,0.2875,379,0.23333333333333495,0.004500173611111172,1720439026079.1255
10.505100059105766,8e-08,12.525783359415387,8e-08,0.42633709354838706,0.4718362483870968,0.937954706451613,1.3054715483870967,0.2875,0.23333333333333495,0.2875,380,0.31666666666667,0.0061073784722223265,1224254365803.3308
12.525783359415387,8e-08,6.161937010210118,1e-08,0.42633709354838706,0.9569155677419354,0.937954706451613,1.0629057096774193,0.1875,0.31666666666667,0.2875,381,0.216666666666665,0.0036985677083333436,547787356722.2912
12.525783359415387,8e-08,8.710177771895829,1e-08,0.42633709354838706,0.9569155677419354,0.937954706451613,1.0629057096774193,0.1875,0.31666666666667,0.2875,382,0.23333333333333006,0.003983072916666652,1132107711912.3853
12.525783359415387,8e-08,10.505100059105766,1e-08,0.42633709354838706,0.9569155677419354,0.937954706451613,1.0629057096774193,0.1875,0.31666666666667,0.2875,383,0.23333333333333495,0.003983072916666735,1224254365803.3306
12.525783359415387,8e-08,12.525783359415387,1e-08,0.42633709354838706,0.9569155677419354,0.937954706451613,1.0629057096774193,0.1875,0.31666666666667,0.2875,384,0.31666666666667,0.005405598958333446,871172258632.3053
12.525783359415387,8e-08,6.161937010210118,2.75e-08,0.42633709354838706,0.7818426129032257,0.937954706451613,1.1504422258064517,0.17500000000000004,0.31666666666667,0.2875,385,0.216666666666665,0.003451996527777788,547787356722.2912
12.525783359415387,8e-08,8.710177771895829,2.75e-08,0.42633709354838706,0.7818426129032257,0.937954706451613,1.1504422258064517,0.17500000000000004,0.31666666666667,0.2875,386,0.23333333333333006,0.0037175347222222098,1132107711912.3853
12.525783359415387,8e-08,10.505100059105766,2.75e-08,0.42633709354838706,0.7818426129032257,0.937954706451613,1.1504422258064517,0.17500000000000004,0.31666666666667,0.2875,387,0.23333333333333495,0.003717534722222288,1224254365803.3306
12.525783359415387,8e-08,12.525783359415387,2.75e-08,0.42633709354838706,0.7818426129032257,0.937954706451613,1.1504422258064517,0.17500000000000004,0.31666666666667,0.2875,388,0.31666666666667,0.005045225694444552,871172258632.3053
12.525783359415387,8e-08,6.161937010210118,4.5000000000000006e-08,0.42633709354838706,0.6500532032258066,0.937954706451613,1.2163369677419353,0.17500000000000004,0.31666666666667,0.2875,389,0.216666666666665,0.003451996527777788,547787356722.2912
12.525783359415387,8e-08,8.710177771895829,4.5000000000000006e-08,0.42633709354838706,0.6500532032258066,0.937954706451613,1.2163369677419353,0.17500000000000004,0.31666666666667,0.2875,390,0.23333333333333006,0.0037175347222222098,1132107711912.3853
12.525783359415387,8e-08,10.505100059105766,4.5000000000000006e-08,0.42633709354838706,0.6500532032258066,0.937954706451613,1.2163369677419353,0.17500000000000004,0.31666666666667,0.2875,391,0.23333333333333495,0.003717534722222288,1224254365803.3306
12.525783359415387,8e-08,12.525783359415387,4.5000000000000006e-08,0.42633709354838706,0.6500532032258066,0.937954706451613,1.2163369677419353,0.17500000000000004,0.31666666666667,0.2875,392,0.31666666666667,0.005045225694444552,871172258632.3053
12.525783359415387,8e-08,6.161937010210118,6.25e-08,0.42633709354838706,0.5495307322580644,0.937954706451613,1.2665980967741939,0.17499999999999993,0.31666666666667,0.2875,393,0.216666666666665,0.003451996527777786,547787356722.2912
12.525783359415387,8e-08,8.710177771895829,6.25e-08,0.42633709354838706,0.5495307322580644,0.937954706451613,1.2665980967741939,0.17499999999999993,0.31666666666667,0.2875,394,0.23333333333333006,0.0037175347222222076,1132107711912.3853
12.525783359415387,8e-08,10.505100059105766,6.25e-08,0.42633709354838706,0.5495307322580644,0.937954706451613,1.2665980967741939,0.17499999999999993,0.31666666666667,0.2875,395,0.23333333333333495,0.0037175347222222852,1224254365803.3306
12.525783359415387,8e-08,12.525783359415387,6.25e-08,0.42633709354838706,0.5495307322580644,0.937954706451613,1.2665980967741939,0.17499999999999993,0.31666666666667,0.2875,396,0.31666666666667,0.005045225694444548,871172258632.3053
12.525783359415387,8e-08,6.161937010210118,8e-08,0.42633709354838706,0.47183269032258063,0.937954706451613,1.3054689677419353,0.2875,0.31666666666667,0.2875,397,0.216666666666665,0.005671137152777793,547787356722.2912
12.525783359415387,8e-08,8.710177771895829,8e-08,0.42633709354838706,0.47183269032258063,0.937954706451613,1.3054689677419353,0.2875,0.31666666666667,0.2875,398,0.23333333333333006,0.0061073784722222,1132107711912.3853
12.525783359415387,8e-08,10.505100059105766,8e-08,0.42633709354838706,0.47183269032258063,0.937954706451613,1.3054689677419353,0.2875,0.31666666666667,0.2875,399,0.23333333333333495,0.006107378472222327,1224254365803.3306
12.525783359415387,8e-08,12.525783359415387,8e-08,0.42633709354838706,0.47183269032258063,0.937954706451613,1.3054689677419353,0.2875,0.31666666666667,0.2875,400,0.31666666666667,0.008288585069444618,871172258632.3053
