y0,angle,r,t,prefix,ProbabilityWeight,ProbabilityWeight-y0,ProbabilityWeight-angle,PointProbability
0.796542984386,34.9632091517,87.3823710936,3.5542086336,1,1.0,1.0,1.0,0.0125
0.183434787715,81.0571449427,28.2336676293,6.05420712018,2,1.0,1.0,1.0,0.0125
0.779690997624,63.5595150801,73.6147976718,5.51089845641,3,1.0,1.0,1.0,0.0125
0.59685016158,52.8926789127,88.8225764628,4.90751530771,4,1.0,1.0,1.0,0.0125
0.445832757616,17.4814910843,54.0062101357,1.88737733594,5,1.0,1.0,1.0,0.0125
0.0999749205308,17.4795619055,52.9372861359,1.85000159039,6,1.0,1.0,1.0,0.0125
0.459248887948,9.64668888707,32.839802838,1.1103608028,7,1.0,1.0,1.0,0.0125
0.333708611395,74.2940919076,47.9576433718,5.90539270941,8,1.0,1.0,1.0,0.0125
0.142866814309,53.0892009214,88.3070677862,4.90128432131,9,1.0,1.0,1.0,0.0125
0.650888473413,61.6458062773,77.114868175,5.41247210727,10,1.0,1.0,1.0,0.0125
0.0564115764705,6.64675990158,21.5903827354,0.724549386888,11,1.0,1.0,1.0,0.0125
0.721998771588,82.5927877793,23.5751482219,6.09552969807,12,1.0,1.0,1.0,0.0125
0.938552714404,71.595410925,55.3346960947,5.8420766855,13,1.0,1.0,1.0,0.0125
0.000778764719325,21.9871289509,63.7673981898,2.29230381855,14,1.0,1.0,1.0,0.0125
0.992211564442,19.545997366,60.580788396,2.14284489592,15,1.0,1.0,1.0,0.0125
0.617481507505,19.6723607962,59.9018626421,2.12049562003,16,1.0,1.0,1.0,0.0125
0.611653162542,29.3393792827,79.5265260687,3.04093692616,17,1.0,1.0,1.0,0.0125
0.00706630852238,46.9805149273,91.6239545204,4.476577611,18,1.0,1.0,1.0,0.0125
0.0230624284649,39.5556016906,90.2111887851,3.90014594495,19,1.0,1.0,1.0,0.0125
0.524774661876,28.2983312065,77.6293511155,2.93886543173,20,1.0,1.0,1.0,0.0125
0.399860977754,53.9482318351,87.6831701467,4.96634321085,21,1.0,1.0,1.0,0.0125
0.0466656682656,16.1595089946,49.2594625907,1.70952435196,22,1.0,1.0,1.0,0.0125
0.973755522625,28.3715718108,78.5583694392,2.97608658273,23,1.0,1.0,1.0,0.0125
0.232771340346,34.308947611,85.8553533333,3.46466039971,24,1.0,1.0,1.0,0.0125
0.090606435456,41.485599232,91.2489089283,4.06025897082,25,1.0,1.0,1.0,0.0125
0.618386014741,67.8140768182,64.4737463288,5.69133786001,26,1.0,1.0,1.0,0.0125
0.382461990086,20.9739026837,62.3705699027,2.22654172365,27,1.0,1.0,1.0,0.0125
0.983230886046,46.1387549064,92.699559905,4.45940483822,28,1.0,1.0,1.0,0.0125
0.466762898599,52.3931658192,89.1535972645,4.86986794773,29,1.0,1.0,1.0,0.0125
0.859940403341,8.71603254315,32.2910405019,1.08894365839,30,1.0,1.0,1.0,0.0125
0.680307538873,53.6035880932,88.224909101,4.95616198667,31,1.0,1.0,1.0,0.0125
0.450499253452,18.6419300022,56.9362096471,2.00295945019,32,1.0,1.0,1.0,0.0125
0.0132649580513,10.2041275439,32.0976444012,1.08711656763,33,1.0,1.0,1.0,0.0125
0.942201754298,80.9108424922,28.8007466272,6.07721428217,34,1.0,1.0,1.0,0.0125
0.56328821498,82.2505628311,24.6169777613,6.08542452328,35,1.0,1.0,1.0,0.0125
0.385416506181,69.6717879513,59.9760648597,5.75479853721,36,1.0,1.0,1.0,0.0125
0.015966257317,29.369101679,78.5308649348,3.00374105031,37,1.0,1.0,1.0,0.0125
0.230893820811,12.8137693572,40.7116034372,1.39171254085,38,1.0,1.0,1.0,0.0125
0.241025469089,59.738642344,80.0889271054,5.29746266568,39,1.0,1.0,1.0,0.0125
0.683263524362,40.2121993609,91.358267505,3.98774486248,40,1.0,1.0,1.0,0.0125
0.609996656796,14.763058538,47.46615222,1.63622015992,41,1.0,1.0,1.0,0.0125
0.833194913304,44.614152843,92.6652715419,4.33916018455,42,1.0,1.0,1.0,0.0125
0.173364647239,7.75108184729,25.759310786,0.866561158021,43,1.0,1.0,1.0,0.0125
0.391060609462,77.7456321923,38.1815643223,5.99625822502,44,1.0,1.0,1.0,0.0125
0.182236086852,25.7023984801,72.1537266081,2.66921985726,45,1.0,1.0,1.0,0.0125
0.75536140887,58.0017824408,83.0091065579,5.22175389475,46,1.0,1.0,1.0,0.0125
0.425155877468,29.9368858582,80.1631209873,3.08352077921,47,1.0,1.0,1.0,0.0125
0.207941663733,46.6054416731,91.8887476396,4.45833445435,48,1.0,1.0,1.0,0.0125
0.567700327273,48.7368221869,91.5519586861,4.62721052946,49,1.0,1.0,1.0,0.0125
0.0313132917581,19.788356818,58.5970763094,2.07581352703,50,1.0,1.0,1.0,0.0125
0.842284772974,82.566770296,23.6716617378,6.09918101255,51,1.0,1.0,1.0,0.0125
0.449754129036,67.0106260809,66.2284136447,5.65242600311,52,1.0,1.0,1.0,0.0125
0.395150231522,80.1599151257,30.9961891446,6.04571788686,53,1.0,1.0,1.0,0.0125
0.926658862253,76.5861880387,41.6664687589,5.98701583721,54,1.0,1.0,1.0,0.0125
0.727271996142,52.8319981247,88.9740586317,4.90901503357,55,1.0,1.0,1.0,0.0125
0.326540771482,78.7499389038,35.209411554,6.01588406854,56,1.0,1.0,1.0,0.0125
0.570443976105,12.0793999562,40.085106753,1.3664248673,57,1.0,1.0,1.0,0.0125
0.520834266097,20.6786290965,62.0311920096,2.21008963661,58,1.0,1.0,1.0,0.0125
0.961172028901,8.61818298782,32.5194437649,1.0963606026,59,1.0,1.0,1.0,0.0125
0.844533850636,31.0264260941,82.507339283,3.20941701895,60,1.0,1.0,1.0,0.0125
0.747320111084,36.0941830164,88.4480589208,3.64862289691,61,1.0,1.0,1.0,0.0125
0.5396921296,26.7079225419,74.800798482,2.79114981529,62,1.0,1.0,1.0,0.0125
0.586751168498,71.2990007704,55.9798720412,5.81978787987,63,1.0,1.0,1.0,0.0125
0.965255310984,33.5402660325,86.0183909532,3.44005700262,64,1.0,1.0,1.0,0.0125
0.607034250071,27.4747609213,76.3315856385,2.86783770167,65,1.0,1.0,1.0,0.0125
0.275999183831,48.4156870012,91.4289961332,4.59173530161,66,1.0,1.0,1.0,0.0125
0.296273506315,16.273937973,50.4034026488,1.75024055674,67,1.0,1.0,1.0,0.0125
0.16526694134,69.1757586375,61.0936999634,5.72839000067,68,1.0,1.0,1.0,0.0125
0.0156364049799,10.9640514865,34.3762938459,1.16718136426,69,1.0,1.0,1.0,0.0125
0.423401476914,83.9509548058,19.2924551636,6.10251899314,70,1.0,1.0,1.0,0.0125
0.394881516787,66.7795817512,66.7196851595,5.64078602097,71,1.0,1.0,1.0,0.0125
0.293488176375,20.8972545564,61.9648657248,2.21092682609,72,1.0,1.0,1.0,0.0125
0.0140798236276,5.44176979001,17.4865597739,0.58552422894,73,1.0,1.0,1.0,0.0125
0.19884240306,70.2369143593,58.5190652084,5.76886380643,74,1.0,1.0,1.0,0.0125
0.711341949113,61.548587395,77.3193589016,5.40982321528,75,1.0,1.0,1.0,0.0125
0.790175535434,63.3205730231,74.0837394964,5.49992859896,76,1.0,1.0,1.0,0.0125
0.605959980424,66.7016273881,66.9825952534,5.64511649122,77,1.0,1.0,1.0,0.0125
0.926300878154,10.9235716625,38.4422110985,1.30505351643,78,1.0,1.0,1.0,0.0125
0.651077030611,33.6772580139,85.7226455223,3.43368157678,79,1.0,1.0,1.0,0.0125
0.914959675613,14.2695243678,47.2185337231,1.62405823651,80,1.0,1.0,1.0,0.0125
0.850038575206,74.0482736912,48.7765147522,5.91601875309,81,1.0,1.0,1.0,0.0125
0.449450674339,54.8638500203,86.7617579303,5.02511098665,82,1.0,1.0,1.0,0.0125
0.0954101160391,31.4718419561,81.9416812767,3.2024850325,83,1.0,1.0,1.0,0.0125
0.37081825509,10.0846680824,33.6281959401,1.13853007285,84,1.0,1.0,1.0,0.0125
0.668841257149,29.8785857542,80.4851809822,3.09409753519,85,1.0,1.0,1.0,0.0125
0.665922352268,31.0146657997,82.2019971157,3.19714499799,86,1.0,1.0,1.0,0.0125
0.591297785656,63.3684939654,73.8923324748,5.49486647145,87,1.0,1.0,1.0,0.0125
0.274721791333,56.0045976869,85.3288840219,5.08703623633,88,1.0,1.0,1.0,0.0125
0.561243422926,75.9770195724,43.3194876333,5.95921210735,89,1.0,1.0,1.0,0.0125
0.382926874418,42.7771937935,91.9724309624,4.17676653947,90,1.0,1.0,1.0,0.0125
0.971712093561,14.5675391726,48.1824413862,1.65942899383,91,1.0,1.0,1.0,0.0125
0.848913819261,62.0595827273,76.4767390188,5.44063102206,92,1.0,1.0,1.0,0.0125
0.721729518082,65.8628034733,68.8633979171,5.61339583478,93,1.0,1.0,1.0,0.0125
0.235984919182,49.902176141,90.6937241309,4.69360284325,94,1.0,1.0,1.0,0.0125
0.256068322169,66.6773748169,66.8862771433,5.63146417506,95,1.0,1.0,1.0,0.0125
0.0404335917068,44.503647806,91.8640727211,4.29348114757,96,1.0,1.0,1.0,0.0125
0.710662889925,46.8186260857,92.3138859232,4.49668880711,97,1.0,1.0,1.0,0.0125
0.110890826469,39.2032816713,90.0988519379,3.87567808172,98,1.0,1.0,1.0,0.0125
0.439336507451,7.03353004577,25.4453331823,0.854608993797,99,1.0,1.0,1.0,0.0125
0.201719206339,13.6313142648,42.8836294547,1.47088572179,100,1.0,1.0,1.0,0.0125
0.895763598358,7.5143348804,29.3275534454,0.986053167994,101,1.0,1.0,1.0,0.0125
0.475370224676,55.9128327414,85.5743104504,5.08958714544,102,1.0,1.0,1.0,0.0125
0.563275574838,30.1484785101,80.7281621854,3.11189477225,103,1.0,1.0,1.0,0.0125
0.695516080525,45.6856554655,92.4845485465,4.41288692136,104,1.0,1.0,1.0,0.0125
0.139331453512,77.6053183881,38.5362282127,5.98449964351,105,1.0,1.0,1.0,0.0125
0.604417377758,24.9433783861,71.5105434681,2.62889498869,106,1.0,1.0,1.0,0.0125
0.539841089058,37.8306337522,89.6657286653,3.78419179801,107,1.0,1.0,1.0,0.0125
0.203061229597,65.4440911627,69.5201712211,5.57614317485,108,1.0,1.0,1.0,0.0125
0.942853572998,23.3038527375,68.856168455,2.49908120568,109,1.0,1.0,1.0,0.0125
0.598865465866,11.1583930082,37.6825930139,1.28028908837,110,1.0,1.0,1.0,0.0125
0.694784936191,28.1801163087,77.7330428137,2.93953180049,111,1.0,1.0,1.0,0.0125
0.88046783858,17.8977028497,56.3150898058,1.97263177012,112,1.0,1.0,1.0,0.0125
0.624354044354,79.3758118512,33.3994086172,6.0385963321,113,1.0,1.0,1.0,0.0125
0.295633687939,69.6496304275,59.9969400276,5.7507989163,114,1.0,1.0,1.0,0.0125
0.105494258019,55.6723009168,85.6094627522,5.06033067549,115,1.0,1.0,1.0,0.0125
0.456534570888,74.7168470523,46.8266255154,5.92166216983,116,1.0,1.0,1.0,0.0125
0.218440438439,69.2937665396,60.8301670904,5.73474648248,117,1.0,1.0,1.0,0.0125
0.416509945741,19.925604671,59.9760160848,2.12650159266,118,1.0,1.0,1.0,0.0125
0.883280261858,76.4047199095,42.1774576094,5.98103900099,119,1.0,1.0,1.0,0.0125
0.324345022283,48.1473793562,91.572665562,4.57485785278,120,1.0,1.0,1.0,0.0125
0.122087953175,69.5952128211,60.0650122828,5.74262159955,121,1.0,1.0,1.0,0.0125
0.356297841379,76.6873043011,41.2412560291,5.97010541807,122,1.0,1.0,1.0,0.0125
0.906828447689,30.4402775749,81.7437984381,3.16043479969,123,1.0,1.0,1.0,0.0125
0.27213224775,13.8041538021,43.6395579349,1.49791627036,124,1.0,1.0,1.0,0.0125
0.647690123564,23.2348130686,68.0584172469,2.46884781158,125,1.0,1.0,1.0,0.0125
0.000520376488688,39.1686236379,89.9413520072,3.86699582326,126,1.0,1.0,1.0,0.0125
0.352568852797,70.4411814328,58.0661317219,5.78161846317,127,1.0,1.0,1.0,0.0125
0.304781258643,73.8584466439,49.1383372947,5.8916458205,128,1.0,1.0,1.0,0.0125
0.16465585054,5.55617045624,19.2558580704,0.644891794195,129,1.0,1.0,1.0,0.0125
0.534089422443,45.8597840278,92.3107801101,4.41836919967,130,1.0,1.0,1.0,0.0125
0.484829976569,38.3928801197,90.012821064,3.82819567576,131,1.0,1.0,1.0,0.0125
0.692436032158,22.7686245036,67.1546369791,2.42766300722,132,1.0,1.0,1.0,0.0125
0.269412333441,14.5892295636,45.7854999397,1.57703231396,133,1.0,1.0,1.0,0.0125
0.244125520634,32.009213778,82.943966607,3.2605188148,134,1.0,1.0,1.0,0.0125
0.168291045858,80.432776491,30.1311305021,6.04297700855,135,1.0,1.0,1.0,0.0125
0.218764222976,30.8562348284,81.2341585619,3.15427043117,136,1.0,1.0,1.0,0.0125
0.558102002264,46.5032499939,92.2368656526,4.4668054674,137,1.0,1.0,1.0,0.0125
0.403836172867,61.241516633,77.6899244705,5.38259025545,138,1.0,1.0,1.0,0.0125
0.0648922466358,34.0903684565,85.3534079912,3.43548621383,139,1.0,1.0,1.0,0.0125
0.253915412643,82.7425667825,23.049441242,6.08191965151,140,1.0,1.0,1.0,0.0125
0.246876063581,81.99578382,25.3612939408,6.07110181093,141,1.0,1.0,1.0,0.0125
0.696304270694,25.1425837959,72.0976206978,2.65478634197,142,1.0,1.0,1.0,0.0125
0.712270588314,44.7798800747,92.5462643654,4.3460082836,143,1.0,1.0,1.0,0.0125
0.148086928797,29.0702650007,78.2665787641,2.98491170101,144,1.0,1.0,1.0,0.0125
0.997740490362,27.7872392588,77.6009186051,2.92386306662,145,1.0,1.0,1.0,0.0125
0.266781015849,7.95095592806,26.9461374225,0.906922980636,146,1.0,1.0,1.0,0.0125
0.976614952548,53.7651464457,88.2815690421,4.97840753238,147,1.0,1.0,1.0,0.0125
0.411037019317,45.2143216413,92.2403416093,4.364608234,148,1.0,1.0,1.0,0.0125
0.0330507359544,9.11830047241,28.9440109825,0.977148355192,149,1.0,1.0,1.0,0.0125
0.345071248558,27.2917170129,75.5062190156,2.83213752394,150,1.0,1.0,1.0,0.0125
0.634351343064,77.6612705161,38.4809818936,6.0025959299,151,1.0,1.0,1.0,0.0125
0.680705457386,24.1649511874,70.0856622279,2.56056966168,152,1.0,1.0,1.0,0.0125
0.530934584451,16.5915894722,51.9867407459,1.80817565432,153,1.0,1.0,1.0,0.0125
0.447783163154,44.1562207693,92.2557793192,4.28632271939,154,1.0,1.0,1.0,0.0125
0.552893088561,83.8520365951,19.6170112872,6.10571684628,155,1.0,1.0,1.0,0.0125
0.592696724132,24.3644219496,70.3089856546,2.57276312882,156,1.0,1.0,1.0,0.0125
0.0808533257993,58.7708438127,81.4782966364,5.23845934079,157,1.0,1.0,1.0,0.0125
0.369654459732,65.9295692064,68.5635932105,5.60353300237,158,1.0,1.0,1.0,0.0125
0.242159936633,24.0110038638,68.8109509231,2.51098019599,159,1.0,1.0,1.0,0.0125
0.803139754991,63.2573079826,74.2121442452,5.49738474331,160,1.0,1.0,1.0,0.0125
0.470300630776,34.4226507725,86.3286670441,3.48849172372,161,1.0,1.0,1.0,0.0125
0.983423136636,55.584466227,86.3081054165,5.09020571316,162,1.0,1.0,1.0,0.0125
0.398824443435,55.6823767281,85.7971017787,5.07272836771,163,1.0,1.0,1.0,0.0125
0.816431879722,47.8619744356,92.111644724,4.57639240818,164,1.0,1.0,1.0,0.0125
0.798345122439,12.2231814096,41.3897954227,1.41166177666,165,1.0,1.0,1.0,0.0125
0.150717543473,71.8241995729,54.4846303609,5.82224552146,166,1.0,1.0,1.0,0.0125
0.508198781523,30.6624054037,81.4215843472,3.15518900248,167,1.0,1.0,1.0,0.0125
0.695812810142,19.9214805139,60.6995201791,2.15209790817,168,1.0,1.0,1.0,0.0125
0.858358801077,8.26201133506,31.0867709026,1.04709317985,169,1.0,1.0,1.0,0.0125
0.325958906516,52.2714356257,89.1457658407,4.85605735981,170,1.0,1.0,1.0,0.0125
0.220241048192,59.205149313,80.9072506603,5.26775238003,171,1.0,1.0,1.0,0.0125
0.711149534609,6.32702622594,25.231973121,0.846220026156,172,1.0,1.0,1.0,0.0125
0.809501051626,45.9674442282,92.560427024,4.43892115024,173,1.0,1.0,1.0,0.0125
0.34866598699,23.1196621475,67.1345578996,2.43323986398,174,1.0,1.0,1.0,0.0125
0.0961765512117,56.6138237649,84.4562568915,5.11596304334,175,1.0,1.0,1.0,0.0125
0.940523261423,18.949314117,59.0300752168,2.0804147226,176,1.0,1.0,1.0,0.0125
0.397572019929,60.2750188241,79.3148253801,5.33204592925,177,1.0,1.0,1.0,0.0125
0.517751345066,35.9388279801,87.9896029125,3.62256307668,178,1.0,1.0,1.0,0.0125
0.837710106708,79.9383989337,31.7434531267,6.05651635277,179,1.0,1.0,1.0,0.0125
0.675690116984,16.0016751315,50.9225638922,1.76583862089,180,1.0,1.0,1.0,0.0125
0.735216124154,32.2853081551,84.0869245281,3.31547359968,181,1.0,1.0,1.0,0.0125
0.209071617855,14.0778820238,44.153279023,1.51734801895,182,1.0,1.0,1.0,0.0125
0.541447974402,78.9754895666,34.5806520086,6.02779372837,183,1.0,1.0,1.0,0.0125
0.695784399681,75.1871484123,45.5810867609,5.94286956646,184,1.0,1.0,1.0,0.0125
0.22855001833,25.635330123,72.115909464,2.66632045144,185,1.0,1.0,1.0,0.0125
0.17495492454,57.7987240937,82.9331559445,5.18758462917,186,1.0,1.0,1.0,0.0125
0.982168342914,70.3777759116,58.4467783476,5.80145203256,187,1.0,1.0,1.0,0.0125
0.516635891869,49.4160650774,91.1881964755,4.67228306647,188,1.0,1.0,1.0,0.0125
0.260829176814,47.3720466258,91.7615583615,4.51648031235,189,1.0,1.0,1.0,0.0125
0.996253699296,24.3481827014,71.125221912,2.60229712251,190,1.0,1.0,1.0,0.0125
0.965419351581,12.4482211302,42.6278641541,1.45513732668,191,1.0,1.0,1.0,0.0125
0.55829344796,76.7772605251,41.0298862603,5.9791875006,192,1.0,1.0,1.0,0.0125
0.882636345896,77.0334441383,40.3643976468,5.99637370833,193,1.0,1.0,1.0,0.0125
0.188707110982,55.6481169655,85.6944566327,5.0622260171,194,1.0,1.0,1.0,0.0125
0.278871351918,32.122383273,83.1553540955,3.27287574279,195,1.0,1.0,1.0,0.0125
0.700357828918,32.9367655953,84.8818487515,3.37125250643,196,1.0,1.0,1.0,0.0125
0.846661139244,63.0764540979,74.5806633343,5.49031747129,197,1.0,1.0,1.0,0.0125
0.856324289892,76.7688203398,41.1237075173,5.98910512852,198,1.0,1.0,1.0,0.0125
0.404508126295,75.966914145,43.3092230139,5.95359580571,199,1.0,1.0,1.0,0.0125
0.887770094184,67.3900435824,65.5547961186,5.6837747854,200,1.0,1.0,1.0,0.0125
0.850928452763,56.3625316255,85.2697984535,5.13114514269,201,1.0,1.0,1.0,0.0125
0.93563499696,11.7311968298,40.6203088223,1.38289587695,202,1.0,1.0,1.0,0.0125
0.785340645301,17.9302967929,56.1258136639,1.96636328458,203,1.0,1.0,1.0,0.0125
0.668988251982,76.8843347933,40.7467856544,5.98554818707,204,1.0,1.0,1.0,0.0125
0.580686628255,53.5143247918,88.2378499293,4.94644108837,205,1.0,1.0,1.0,0.0125
0.372282769385,5.73576394486,21.4243263117,0.717737649436,206,1.0,1.0,1.0,0.0125
0.940133443321,13.117723411,44.2949870936,1.51605992521,207,1.0,1.0,1.0,0.0125
0.973663842532,58.0801409979,83.0314886204,5.2346242555,208,1.0,1.0,1.0,0.0125
0.283920977564,5.4049270601,19.830407204,0.663965652249,209,1.0,1.0,1.0,0.0125
0.305363859354,17.8646445118,54.5598886272,1.9107940221,210,1.0,1.0,1.0,0.0125
0.485613748777,48.8987031867,91.409303522,4.63494442664,211,1.0,1.0,1.0,0.0125
0.448424138699,60.3516159522,79.2178018018,5.33802668333,212,1.0,1.0,1.0,0.0125
0.994457467691,57.156900459,84.3282889743,5.18298691507,213,1.0,1.0,1.0,0.0125
0.175925248111,22.9415448052,66.3445535385,2.40143108321,214,1.0,1.0,1.0,0.0125
0.0180753625506,61.9743377103,76.1916955004,5.40519612892,215,1.0,1.0,1.0,0.0125
0.178822707194,31.0319761247,81.431251087,3.16774331354,217,1.0,1.0,1.0,0.0125
0.366468785183,64.7193125588,71.0986732288,5.54955756763,218,1.0,1.0,1.0,0.0125
0.744170518532,56.9706320697,84.4163353548,5.16242655434,219,1.0,1.0,1.0,0.0125
0.493893715901,23.9799267098,69.2977592396,2.52813385039,216,1.0,1.0,1.0,0.0125
0.720939919986,72.9378725374,51.7397688664,5.87801332104,220,1.0,1.0,1.0,0.0125
0.308060794908,57.6090315107,83.2790061709,5.18200398214,221,1.0,1.0,1.0,0.0125
0.542540233476,50.464687954,90.6165618589,4.74516486085,222,1.0,1.0,1.0,0.0125
0.508814080271,12.4939813296,40.9687757795,1.39875002547,223,1.0,1.0,1.0,0.0125
0.636332621248,34.4172642076,86.5604526691,3.49763272135,224,1.0,1.0,1.0,0.0125
0.250461821735,26.21618968,73.2980857435,2.72341775827,225,1.0,1.0,1.0,0.0125
0.5898708472,24.5191713654,70.6203189906,2.58732965051,226,1.0,1.0,1.0,0.0125
0.978892856738,82.840843908,22.8343194707,6.10742712651,227,1.0,1.0,1.0,0.0125
0.486742150617,36.4478179141,88.4290256853,3.66439651904,228,1.0,1.0,1.0,0.0125
0.906098784857,76.3637242819,42.3004563361,5.98078764972,229,1.0,1.0,1.0,0.0125
0.434394365743,55.4910903169,86.0448268944,5.06264222498,230,1.0,1.0,1.0,0.0125
0.350078408688,68.5849041081,62.5701695422,5.71226018287,231,1.0,1.0,1.0,0.0125
0.645103357882,45.2109676134,92.4702104747,4.37522708203,232,1.0,1.0,1.0,0.0125
0.668924059409,51.1523108851,90.2626463254,4.79672224192,233,1.0,1.0,1.0,0.0125
0.864167563818,44.401415577,92.6907821872,4.32454253827,234,1.0,1.0,1.0,0.0125
0.230185269199,20.6194389648,61.1444698859,2.17764894557,235,1.0,1.0,1.0,0.0125
0.499193381402,62.7961694584,74.9353835546,5.4638647028,236,1.0,1.0,1.0,0.0125
0.57200419986,27.4617889948,76.2428625178,2.86416717604,237,1.0,1.0,1.0,0.0125
0.768554016894,6.94527689413,27.1671711249,0.912266494672,238,1.0,1.0,1.0,0.0125
0.0436037776628,56.6377839566,84.3912993546,5.1152745287,239,1.0,1.0,1.0,0.0125
0.994550506583,19.1688540611,59.6960264072,2.10667196932,240,1.0,1.0,1.0,0.0125
0.469944513745,80.2366869886,30.7766100976,6.04962898692,241,1.0,1.0,1.0,0.0125
0.279560338072,81.3142865329,27.4618648664,6.06164626849,242,1.0,1.0,1.0,0.0125
0.883494020878,78.1891510806,36.9824427312,6.02276569623,243,1.0,1.0,1.0,0.0125
0.747718780243,34.6126956189,86.9358135155,3.52104907701,244,1.0,1.0,1.0,0.0125
0.953071841261,6.23652890353,26.3900077481,0.884903868343,245,1.0,1.0,1.0,0.0125
0.330750308077,79.2654852556,33.6746697389,6.02651137814,246,1.0,1.0,1.0,0.0125
0.552764962789,39.2547318419,90.6675353135,3.90300082654,247,1.0,1.0,1.0,0.0125
0.572292469109,82.3323855729,24.3645047926,6.08689462963,248,1.0,1.0,1.0,0.0125
0.980331583875,82.089597638,25.172894732,6.09700486474,249,1.0,1.0,1.0,0.0125
0.0753462582536,73.2407564084,50.7354775218,5.86501884085,250,1.0,1.0,1.0,0.0125
0.305697023008,28.5559117476,77.6759220776,2.94779333157,251,1.0,1.0,1.0,0.0125
0.190911032071,35.8078185541,87.4134125736,3.59289512592,252,1.0,1.0,1.0,0.0125
0.268474854591,73.090933987,51.1940065735,5.8670993056,253,1.0,1.0,1.0,0.0125
0.485279873592,30.3537607066,80.9141639216,3.12558900002,254,1.0,1.0,1.0,0.0125
0.37268686699,18.5594200933,56.5093669943,1.98698031332,255,1.0,1.0,1.0,0.0125
0.394691462022,49.5441012188,91.0191819019,4.6758326092,256,1.0,1.0,1.0,0.0125
0.844213140626,79.8923820059,31.883763036,6.05587746407,257,1.0,1.0,1.0,0.0125
0.930016831246,60.6823836583,78.9355704135,5.37359886266,258,1.0,1.0,1.0,0.0125
0.0704161331687,50.6048937062,90.1424632422,4.73438915205,259,1.0,1.0,1.0,0.0125
0.20891871704,12.7741198074,40.5074975869,1.38451766341,260,1.0,1.0,1.0,0.0125
0.671143512863,54.2005783248,87.6224638441,4.99316411587,261,1.0,1.0,1.0,0.0125
0.358646785458,84.2043082042,18.4891419668,6.10314559026,262,1.0,1.0,1.0,0.0125
0.254163652252,16.2067210887,50.086222651,1.73863234945,263,1.0,1.0,1.0,0.0125
0.295290584046,46.466372507,91.996151173,4.45212918524,264,1.0,1.0,1.0,0.0125
0.322550764615,75.189845597,45.4754322482,5.93014994106,265,1.0,1.0,1.0,0.0125
0.848669791559,64.2614892263,72.2560803051,5.54624026176,266,1.0,1.0,1.0,0.0125
0.136621328103,60.7612592112,78.3612253862,5.34761395329,267,1.0,1.0,1.0,0.0125
0.708910999286,61.1987264958,77.9303152356,5.39190937968,268,1.0,1.0,1.0,0.0125
0.552819976246,33.7592920542,85.6766298775,3.43511917267,269,1.0,1.0,1.0,0.0125
0.296510139782,28.4873478914,77.5412371956,2.94076898744,270,1.0,1.0,1.0,0.0125
0.419780856329,69.7488926129,59.8003619612,5.75886375198,271,1.0,1.0,1.0,0.0125
0.256206941152,69.809071474,59.5931375318,5.75529533955,272,1.0,1.0,1.0,0.0125
0.611513709559,74.3657855851,47.8382139977,5.91702091763,273,1.0,1.0,1.0,0.0125
0.0815941828959,78.0592443964,37.1970319431,5.99275046873,274,1.0,1.0,1.0,0.0125
0.00518486043559,45.907392381,91.7956942945,4.39748192546,275,1.0,1.0,1.0,0.0125
0.627894409846,45.1213036571,92.4569529429,4.36771945085,276,1.0,1.0,1.0,0.0125
0.194273953138,68.8636144399,61.8499990482,5.71749404285,277,1.0,1.0,1.0,0.0125
0.0709409134162,56.997114432,83.9468432016,5.1373679444,278,1.0,1.0,1.0,0.0125
0.396783824404,61.1573505346,77.8313996122,5.37800285831,279,1.0,1.0,1.0,0.0125
0.050768527447,68.6634138188,62.2681858255,5.70462694896,280,1.0,1.0,1.0,0.0125
0.88661715083,76.2004270384,42.763045592,5.97600907826,281,1.0,1.0,1.0,0.0125
0.0276167723415,32.0396129477,82.6420037055,3.24972692262,282,1.0,1.0,1.0,0.0125
0.578864895175,35.0466363761,87.1668544405,3.54905995522,283,1.0,1.0,1.0,0.0125
0.438474126029,12.5185549463,40.7493043127,1.39138922165,284,1.0,1.0,1.0,0.0125
0.672026142169,51.2624112997,90.1871326129,4.80418064197,285,1.0,1.0,1.0,0.0125
0.328152668273,7.87538209997,27.1108483607,0.912299363677,286,1.0,1.0,1.0,0.0125
0.155041618542,42.2478418139,91.5836560724,4.12403314357,287,1.0,1.0,1.0,0.0125
0.981840893156,48.4115707603,92.0495040032,4.62252413047,288,1.0,1.0,1.0,0.0125
0.838933502752,27.9233001971,77.5495873957,2.92559824297,289,1.0,1.0,1.0,0.0125
0.860404624106,52.2666608093,89.5590134727,4.8780428769,290,1.0,1.0,1.0,0.0125
0.250251364021,7.44002023769,25.3650545307,0.852680570629,291,1.0,1.0,1.0,0.0125
0.0388347304051,7.98785543139,25.5499922295,0.860010621137,292,1.0,1.0,1.0,0.0125
0.30326551532,70.8080447805,57.1293366156,5.79286279008,293,1.0,1.0,1.0,0.0125
0.537082428703,33.8152513906,85.7202995389,3.4391168363,294,1.0,1.0,1.0,0.0125
0.326651238912,15.1648413227,47.5506483821,1.64220788768,295,1.0,1.0,1.0,0.0125
0.827868999873,46.7794603207,92.4311126377,4.49912289285,296,1.0,1.0,1.0,0.0125
0.271542920561,66.5994844729,67.0645342035,5.62872936326,297,1.0,1.0,1.0,0.0125
0.965251828536,22.2656818333,66.6821079513,2.40182457794,298,1.0,1.0,1.0,0.0125
0.457265162481,54.8312378791,86.8028373785,5.02342816637,299,1.0,1.0,1.0,0.0125
0.842023075987,11.8277967551,40.5060987132,1.37949258971,300,1.0,1.0,1.0,0.0125
0.194380037299,9.13453780211,29.9509652167,1.01118911439,301,1.0,1.0,1.0,0.0125
0.411353907876,47.5083706441,91.8602119433,4.53306654243,302,1.0,1.0,1.0,0.0125
0.699512206647,48.2508095827,91.8662076048,4.59879818891,303,1.0,1.0,1.0,0.0125
0.13835308867,55.994392459,85.2495079631,5.08096222707,304,1.0,1.0,1.0,0.0125
0.132745418496,63.0873069861,74.1999460516,5.4643288606,305,1.0,1.0,1.0,0.0125
0.969536867451,83.0681660208,22.1224736918,6.11007988896,306,1.0,1.0,1.0,0.0125
0.714595104036,46.3040279507,92.4193869748,4.45933032536,307,1.0,1.0,1.0,0.0125
0.0410675150438,30.836518357,80.9084001599,3.14097586362,308,1.0,1.0,1.0,0.0125
0.398820904875,68.6148956566,62.5184133885,5.71516372833,309,1.0,1.0,1.0,0.0125
0.433520738602,26.6665804064,74.5175387218,2.77957179183,310,1.0,1.0,1.0,0.0125
0.744042648409,40.1177137241,91.3808654931,3.98318336909,311,1.0,1.0,1.0,0.0125
0.250860533037,11.2765107691,36.439027899,1.23854447956,312,1.0,1.0,1.0,0.0125
0.184333673023,7.02805943834,23.7111123097,0.796353935391,313,1.0,1.0,1.0,0.0125
0.0808729671596,82.0118735165,25.2883878023,6.06576313313,314,1.0,1.0,1.0,0.0125
0.428314476839,71.878409811,54.4349451692,5.83375059995,315,1.0,1.0,1.0,0.0125
0.68849990044,60.6779362391,78.8089743156,5.36423930086,316,1.0,1.0,1.0,0.0125
0.0581935942308,37.7162358986,88.9595416989,3.74858385529,317,1.0,1.0,1.0,0.0125
0.915213732495,18.863545529,58.7568839132,2.06972512586,318,1.0,1.0,1.0,0.0125
0.442352231229,17.5149631529,54.080946525,1.890337304,319,1.0,1.0,1.0,0.0125
0.0938732896684,48.9381336709,91.0520829118,4.62047738743,321,1.0,1.0,1.0,0.0125
0.182865997819,62.1676739997,75.9306509906,5.42107417747,322,1.0,1.0,1.0,0.0125
0.934613998266,57.815789723,83.3835489498,5.21822556616,323,1.0,1.0,1.0,0.0125
0.239787362339,25.0194317335,70.901119423,2.60810360093,320,1.0,1.0,1.0,0.0125
0.638270586878,27.394711753,76.2461943769,2.86255259643,324,1.0,1.0,1.0,0.0125
0.516696258568,81.3892224423,27.2678829019,6.07080789294,325,1.0,1.0,1.0,0.0125
0.657111331741,64.0317530695,72.624260997,5.52856388933,326,1.0,1.0,1.0,0.0125
0.435672895153,49.3483245103,91.1534330263,4.66406781886,327,1.0,1.0,1.0,0.0125
0.730039320125,53.9376596662,87.9318979963,4.97916899752,328,1.0,1.0,1.0,0.0125
0.0477161263227,38.5680053834,89.5915550116,3.81954801964,329,1.0,1.0,1.0,0.0125
0.566037213794,24.8184790322,71.1788588446,2.61405734524,330,1.0,1.0,1.0,0.0125
0.158646446224,33.4778144836,84.7475590388,3.3867886487,331,1.0,1.0,1.0,0.0125
0.120164652616,65.6276888541,69.09522552,5.58122977526,332,1.0,1.0,1.0,0.0125
0.34187967245,6.15147933391,22.3464171618,0.749194383696,333,1.0,1.0,1.0,0.0125
0.0917990717785,14.2858114301,44.2791607693,1.52307012437,334,1.0,1.0,1.0,0.0125
0.0941569912467,8.68021138098,28.0058436757,0.944344579429,335,1.0,1.0,1.0,0.0125
0.311413309842,8.25830429868,28.1019599017,0.946547142555,336,1.0,1.0,1.0,0.0125
0.979510530359,73.4368463951,50.4771867374,5.9022730194,337,1.0,1.0,1.0,0.0125
0.175330267329,61.2926290129,77.4767064329,5.37655947409,338,1.0,1.0,1.0,0.0125
0.0171611045993,42.9339065305,91.616443413,4.17117180592,339,1.0,1.0,1.0,0.0125
0.76336442534,12.8267328646,42.8681355556,1.46550832413,340,1.0,1.0,1.0,0.0125
0.806912978368,44.3292698169,92.6302938607,4.31640110732,341,1.0,1.0,1.0,0.0125
0.346304320578,42.8777415766,91.9563033118,4.18283243705,342,1.0,1.0,1.0,0.0125
0.464673816567,18.8561493191,57.5053926398,2.02555172975,343,1.0,1.0,1.0,0.0125
0.649773680756,39.7081321,91.0501284423,3.94510493458,344,1.0,1.0,1.0,0.0125
0.0480589254405,36.8803791403,88.2366752587,3.67703269517,345,1.0,1.0,1.0,0.0125
0.94914573197,54.2680074576,87.7501756505,5.00861825942,346,1.0,1.0,1.0,0.0125
0.886680387865,55.8074916272,85.9770189657,5.09969209083,347,1.0,1.0,1.0,0.0125
0.260893625035,8.62432064573,28.8546950428,0.972823055527,348,1.0,1.0,1.0,0.0125
0.0153045377264,34.9690097268,86.2861499594,3.5098691956,349,1.0,1.0,1.0,0.0125
0.933436308739,55.0687931781,86.869701416,5.05709862506,350,1.0,1.0,1.0,0.0125
0.501039884868,45.2509008628,92.3272258953,4.37153216211,351,1.0,1.0,1.0,0.0125
0.539377448973,73.5191869895,50.1253425455,5.88959696273,352,1.0,1.0,1.0,0.0125
0.683963771137,57.6954902086,83.3957920458,5.20164957612,353,1.0,1.0,1.0,0.0125
0.6158511675,18.0347538584,55.8999543105,1.95960958248,354,1.0,1.0,1.0,0.0125
0.943891603487,10.6454996592,37.7787869646,1.28134619952,355,1.0,1.0,1.0,0.0125
0.94425159738,56.3935421154,85.2918515432,5.1366514593,356,1.0,1.0,1.0,0.0125
0.867198935679,7.12090462496,28.1621462762,0.94603519123,357,1.0,1.0,1.0,0.0125
0.636403597807,51.8620467109,89.7116620926,4.84228771156,358,1.0,1.0,1.0,0.0125
0.800949295005,80.2184193384,30.8886130651,6.06041587076,359,1.0,1.0,1.0,0.0125
0.67716834221,51.0379342656,90.3488385897,4.78944107443,360,1.0,1.0,1.0,0.0125
0.573367037478,36.0535940786,88.1755119266,3.63550317831,361,1.0,1.0,1.0,0.0125
0.12850034985,56.4630579137,84.667448373,5.10837719734,362,1.0,1.0,1.0,0.0125
0.811204179379,41.6602307643,92.11618315,4.10994579135,363,1.0,1.0,1.0,0.0125
0.820639471249,48.6493430016,91.8092130173,4.63215729639,364,1.0,1.0,1.0,0.0125
0.625939669932,80.3171844211,30.5590564669,6.05632079385,365,1.0,1.0,1.0,0.0125
0.820426836801,35.8882105795,88.3500185869,3.63507497262,366,1.0,1.0,1.0,0.0125
0.651484766894,81.8952447355,25.7287123781,6.08315415245,367,1.0,1.0,1.0,0.0125
0.206684360794,77.4280514178,39.0668337502,5.98270415287,368,1.0,1.0,1.0,0.0125
0.273961133387,20.6632908284,61.3623256068,2.18603800348,369,1.0,1.0,1.0,0.0125
0.214589121569,10.5489041669,34.1723930842,1.15866231625,370,1.0,1.0,1.0,0.0125
0.377259086207,13.062240446,42.0032382159,1.43729784189,371,1.0,1.0,1.0,0.0125
0.0389631381349,6.45774604787,20.8654108072,0.699954858486,372,1.0,1.0,1.0,0.0125
0.618253883351,12.555436829,41.5751617581,1.41979142882,373,1.0,1.0,1.0,0.0125
0.336554219559,59.6405417227,80.2994807712,5.29585631832,374,1.0,1.0,1.0,0.0125
0.655722638978,10.6950917853,36.6660629317,1.24380867385,375,1.0,1.0,1.0,0.0125
0.38539662128,30.5180503301,80.9988225799,3.13413489133,376,1.0,1.0,1.0,0.0125
0.681613671054,72.5900249527,52.6515962469,5.86568391206,377,1.0,1.0,1.0,0.0125
0.340624570227,6.86175512193,24.3225823485,0.81660180894,378,1.0,1.0,1.0,0.0125
0.260694530388,70.1574784855,58.7378271191,5.76817731989,379,1.0,1.0,1.0,0.0125
0.496037454925,27.5483818405,76.2563079962,2.86692742725,380,1.0,1.0,1.0,0.0125
0.692890359483,14.4531858548,46.9346503349,1.61561964812,381,1.0,1.0,1.0,0.0125
0.348336603806,60.738973407,78.5168340847,5.35451294628,382,1.0,1.0,1.0,0.0125
0.936648147864,55.3154274193,86.5906149097,5.07215987868,383,1.0,1.0,1.0,0.0125
0.0391863265632,75.1977615967,45.3785999707,5.92061650404,384,1.0,1.0,1.0,0.0125
0.417946031414,63.8056833248,72.9552017109,5.50916908115,385,1.0,1.0,1.0,0.0125
0.967580556163,69.2784742416,61.1483224578,5.76067307898,386,1.0,1.0,1.0,0.0125
0.547971882752,27.5627659314,76.3790774235,2.87191924971,387,1.0,1.0,1.0,0.0125
0.423470937746,19.1951634209,58.2235139064,2.05503527521,388,1.0,1.0,1.0,0.0125
0.568520283226,65.0491799554,70.5130999769,5.57186537857,389,1.0,1.0,1.0,0.0125
0.575924568478,69.5467793906,60.3510935379,5.75689286346,390,1.0,1.0,1.0,0.0125
0.731647752861,84.2404112404,18.4129228915,6.1159554013,391,1.0,1.0,1.0,0.0125
0.127689727379,38.0094143639,89.2791691237,3.77704798847,392,1.0,1.0,1.0,0.0125
0.250016447215,34.761447038,86.3925072268,3.50533708452,393,1.0,1.0,1.0,0.0125
0.580544017158,67.1130366395,66.0537565984,5.66138004305,394,1.0,1.0,1.0,0.0125
0.867116605599,32.2642831382,84.2616941214,3.32159472942,395,1.0,1.0,1.0,0.0125
0.561866693097,79.4605862709,33.1334748424,6.03814943957,396,1.0,1.0,1.0,0.0125
0.238596859211,73.6730200957,49.6215853883,5.88382489937,397,1.0,1.0,1.0,0.0125
0.679844779586,39.3195220908,90.8597696067,3.9148961151,398,1.0,1.0,1.0,0.0125
0.73990876012,65.0696852198,70.5494813549,5.57903199065,399,1.0,1.0,1.0,0.0125
0.238236152157,65.3634302459,69.7055852011,5.57384665435,400,1.0,1.0,1.0,0.0125
0.377728886292,13.2499094327,42.5229420336,1.45619588791,401,1.0,1.0,1.0,0.0125
0.534327473616,77.2042325307,39.7900932775,5.98861132034,402,1.0,1.0,1.0,0.0125
0.496561189065,45.4201900494,92.313607015,4.38397351689,403,1.0,1.0,1.0,0.0125
0.389618089513,71.1165973512,56.3782875743,5.80662722335,404,1.0,1.0,1.0,0.0125
0.2976351707,30.6039683022,80.9833585359,3.13631236851,405,1.0,1.0,1.0,0.0125
0.0999848884763,76.6418587211,41.311032647,5.96022921632,406,1.0,1.0,1.0,0.0125
0.0534852973776,36.1361345721,87.5489839817,3.61346450083,407,1.0,1.0,1.0,0.0125
0.95854149688,5.86701175218,25.5069724062,0.854709522695,408,1.0,1.0,1.0,0.0125
0.847143147804,77.4305577745,39.2015002784,6.00450481364,409,1.0,1.0,1.0,0.0125
0.354905190029,12.3029341379,39.8018404029,1.35791294066,410,1.0,1.0,1.0,0.0125
0.956800884557,30.5450905546,81.9821571248,3.17306671481,411,1.0,1.0,1.0,0.0125
0.676769904484,81.0049572205,28.4707258913,6.06990858058,412,1.0,1.0,1.0,0.0125
0.482520949906,81.0485720625,28.3067851241,6.0641199748,413,1.0,1.0,1.0,0.0125
0.493025659,50.875031102,90.3115740829,4.77071203986,414,1.0,1.0,1.0,0.0125
0.0832844113659,55.5469771965,85.7399954839,5.05187656986,415,1.0,1.0,1.0,0.0125
0.0917041460266,40.8756420845,90.9924810935,4.01131510587,416,1.0,1.0,1.0,0.0125
0.602440926154,28.4568614195,78.0413046599,2.95888020508,417,1.0,1.0,1.0,0.0125
0.553703051888,31.2931637527,82.4249476004,3.21525025445,418,1.0,1.0,1.0,0.0125
0.212727894125,58.8014768562,81.5124712881,5.24528253416,419,1.0,1.0,1.0,0.0125
0.946194541861,65.1899618609,70.3927465713,5.591903524,420,1.0,1.0,1.0,0.0125
0.781296048262,68.3263234569,63.3475198405,5.71749397643,421,1.0,1.0,1.0,0.0125
0.113464602761,68.1694518177,63.4487083871,5.68746546203,422,1.0,1.0,1.0,0.0125
0.930929106877,12.2964879142,42.097131382,1.43618578094,423,1.0,1.0,1.0,0.0125
0.974248214153,44.5536239724,92.8046947715,4.34116649065,424,1.0,1.0,1.0,0.0125
0.995931241195,9.60470032054,35.2597946132,1.19203602771,425,1.0,1.0,1.0,0.0125
0.0558711572215,48.9623111216,91.0083286648,4.62049550318,426,1.0,1.0,1.0,0.0125
0.737035550814,40.3224397533,91.47551348,3.99937560568,427,1.0,1.0,1.0,0.0125
0.545915774197,76.0163347216,43.2040137515,5.95970222604,428,1.0,1.0,1.0,0.0125
0.705831485499,33.0732007763,85.0624173768,3.38365357843,429,1.0,1.0,1.0,0.0125
0.968651946394,14.3653610557,47.6493572563,1.63957598493,430,1.0,1.0,1.0,0.0125
0.688030006524,16.4393343617,52.0865533071,1.81022040375,431,1.0,1.0,1.0,0.0125
0.836963875647,65.9208502204,68.7895165411,5.62008266824,432,1.0,1.0,1.0,0.0125
0.866868708485,54.457444765,87.4926071858,5.01700120309,433,1.0,1.0,1.0,0.0125
0.838480764497,13.0898141135,43.849195883,1.50063191427,434,1.0,1.0,1.0,0.0125
0.42609147295,11.7285443486,38.5052369882,1.31087682923,435,1.0,1.0,1.0,0.0125
0.222576418711,61.0775306206,77.872765375,5.36728919571,436,1.0,1.0,1.0,0.0125
0.396651597786,10.8210404417,35.8316365295,1.2160105295,437,1.0,1.0,1.0,0.0125
0.891896909776,70.7488045436,57.4825171033,5.81141581544,438,1.0,1.0,1.0,0.0125
0.146604821353,61.499378564,77.1013713073,5.3860362339,439,1.0,1.0,1.0,0.0125
0.513326174699,11.5079022214,38.2722546534,1.30191393925,440,1.0,1.0,1.0,0.0125
0.233228066292,11.7870170639,37.814184281,1.28762403422,441,1.0,1.0,1.0,0.0125
0.581305416203,83.9311662873,19.3713214741,6.10756040816,442,1.0,1.0,1.0,0.0125
0.863138522222,34.9416634324,87.4523187083,3.556118871,443,1.0,1.0,1.0,0.0125
0.880359967677,34.6513712475,87.1650444778,3.53197961973,444,1.0,1.0,1.0,0.0125
0.236685190405,70.0239656086,59.0585509655,5.76247784902,445,1.0,1.0,1.0,0.0125
0.907693700611,80.7798862261,29.1959536381,6.07384598377,446,1.0,1.0,1.0,0.0125
0.59188873614,83.8800852184,19.5330309527,6.10733527943,447,1.0,1.0,1.0,0.0125
0.350218244677,65.2702546819,69.9519460742,5.57378910185,448,1.0,1.0,1.0,0.0125
0.708181201412,35.1007665205,87.4043776424,3.56109228788,449,1.0,1.0,1.0,0.0125
0.481666986477,11.6800576091,38.6114529099,1.314262424,450,1.0,1.0,1.0,0.0125
0.377987588611,67.1717535849,65.8368874116,5.65652717837,451,1.0,1.0,1.0,0.0125
0.705084362697,49.6723399602,91.212644158,4.69811389747,452,1.0,1.0,1.0,0.0125
0.248724149831,38.9377610837,90.0949709167,3.86095818584,453,1.0,1.0,1.0,0.0125
0.330252532458,77.5083510933,38.8606438562,5.98876971757,454,1.0,1.0,1.0,0.0125
0.434451847671,13.8957984394,44.5089457167,1.52836037315,455,1.0,1.0,1.0,0.0125
0.253682176642,44.4100082385,92.0754946057,4.29646700303,456,1.0,1.0,1.0,0.0125
0.405202087342,5.9082915636,22.1332239745,0.741714169276,457,1.0,1.0,1.0,0.0125
0.571473031671,42.4928515305,92.1048811778,4.16371373289,458,1.0,1.0,1.0,0.0125
0.740973864622,9.5042620796,33.8258081794,1.14321954665,459,1.0,1.0,1.0,0.0125
0.767194854041,14.5054333493,47.3290900102,1.62958103384,460,1.0,1.0,1.0,0.0125
0.822790354216,14.4020997755,47.2491755431,1.62607342599,461,1.0,1.0,1.0,0.0125
0.744211652955,56.9368238868,84.460902901,5.16046930934,462,1.0,1.0,1.0,0.0125
0.681039423375,64.6835899492,71.3194228411,5.55944992296,463,1.0,1.0,1.0,0.0125
0.237506470465,51.6695013006,89.5465513133,4.81280395022,464,1.0,1.0,1.0,0.0125
0.40022289576,81.9738041975,25.4506565042,6.07591844897,465,1.0,1.0,1.0,0.0125
0.477714895149,34.9896466429,86.9641399666,3.53833943359,466,1.0,1.0,1.0,0.0125
0.082891320829,27.8569671565,76.0352701709,2.86671278048,467,1.0,1.0,1.0,0.0125
0.528370119754,74.4879303848,47.4787743628,5.91765534242,468,1.0,1.0,1.0,0.0125
0.436335829188,22.8876669188,66.8289903765,2.41800458248,469,1.0,1.0,1.0,0.0125
0.802109254944,82.0578027882,25.2468728986,6.09059905416,470,1.0,1.0,1.0,0.0125
0.97790066455,5.97235759743,25.8739834756,0.867172948964,471,1.0,1.0,1.0,0.0125
0.556005041244,82.5903064007,23.5614337107,6.08995498928,472,1.0,1.0,1.0,0.0125
0.322686384973,8.45279328605,28.7244832889,0.967997837016,473,1.0,1.0,1.0,0.0125
0.0434007828691,76.2914494591,42.2981633295,5.94953219618,474,1.0,1.0,1.0,0.0125
0.924643327697,47.2160885768,92.4099930081,4.53500184696,475,1.0,1.0,1.0,0.0125
0.919115721229,84.4371833465,17.8099750235,6.12424363491,476,1.0,1.0,1.0,0.0125
0.25299016462,10.9037251039,35.3825948308,1.20110406011,477,1.0,1.0,1.0,0.0125
0.695411120238,49.3083423852,91.3942393561,4.67259304453,478,1.0,1.0,1.0,0.0125
0.0754345487979,82.5442031765,23.6420615349,6.07322016967,479,1.0,1.0,1.0,0.0125
0.166215430518,46.8478277609,91.8013227198,4.47415187045,480,1.0,1.0,1.0,0.0125
0.216809105179,55.3518910823,86.0555572263,5.04545910904,481,1.0,1.0,1.0,0.0125
0.294493946781,60.6598951983,78.6194101412,5.34833836888,482,1.0,1.0,1.0,0.0125
0.995831370586,41.3632851551,92.2150539443,4.09552710856,483,1.0,1.0,1.0,0.0125
0.696925056562,55.2046463755,86.5533213587,5.05585911771,484,1.0,1.0,1.0,0.0125
0.38420182522,51.7451451269,89.6048226934,4.82399551091,485,1.0,1.0,1.0,0.0125
0.737100710798,77.0926406961,40.1596525202,5.99285142654,486,1.0,1.0,1.0,0.0125
0.915254342117,8.63571032966,32.3461759215,1.09056966413,487,1.0,1.0,1.0,0.0125
0.958702402645,27.4770548061,76.9863778489,2.89249898101,488,1.0,1.0,1.0,0.0125
0.0578638946307,81.0329192868,28.2878561361,6.04957278877,489,1.0,1.0,1.0,0.0125
0.394521796469,76.2211026231,42.5841633704,5.95976725879,490,1.0,1.0,1.0,0.0125
0.106756066695,41.4525403726,91.2542386173,4.05842612692,491,1.0,1.0,1.0,0.0125
0.335660067465,54.6106081385,86.9550481796,5.00492183934,492,1.0,1.0,1.0,0.0125
0.169679908354,27.1904946729,74.9836243433,2.80997873138,493,1.0,1.0,1.0,0.0125
0.646848359063,20.0496928988,60.8757300801,2.16010265979,494,1.0,1.0,1.0,0.0125
0.388268383077,42.0958726381,91.7930222806,4.12354163349,495,1.0,1.0,1.0,0.0125
0.229394747696,33.2681785776,84.5912268834,3.37240351204,496,1.0,1.0,1.0,0.0125
0.265937930733,51.6924891171,89.5517271777,4.81552624857,497,1.0,1.0,1.0,0.0125
0.360345088961,11.2187712468,36.7831301408,1.24998980874,498,1.0,1.0,1.0,0.0125
0.259949856265,82.9515846255,22.3999751432,6.08489897782,499,1.0,1.0,1.0,0.0125
0.453240847786,83.896859884,19.4655603444,6.1029040787,500,1.0,1.0,1.0,0.0125
0.0323159541079,60.8529375065,78.1487829245,5.34841138747,501,1.0,1.0,1.0,0.0125
0.279763506791,47.8877094488,91.6227675526,4.55436487057,502,1.0,1.0,1.0,0.0125
0.411206719561,29.7622090636,79.8617552828,3.06655892305,503,1.0,1.0,1.0,0.0125
0.602781879856,70.1036015863,58.9940712131,5.77828654792,504,1.0,1.0,1.0,0.0125
0.270957644859,59.7784941585,80.0431323822,5.30075404523,505,1.0,1.0,1.0,0.0125
0.133185121262,18.0093555928,54.4111514042,1.90714355118,506,1.0,1.0,1.0,0.0125
0.0762003739542,77.8741749732,37.7378544815,5.98844576266,507,1.0,1.0,1.0,0.0125
0.940531821442,70.8029794101,57.3623125601,5.81500942924,508,1.0,1.0,1.0,0.0125
0.416639056619,80.9839931494,28.4938645589,6.06083282253,509,1.0,1.0,1.0,0.0125
0.581162617677,63.0575609156,74.4830843343,5.47957647834,510,1.0,1.0,1.0,0.0125
0.919176554521,54.0732153992,87.9301323466,4.99531242208,511,1.0,1.0,1.0,0.0125
0.0827484152007,38.4594428803,89.557687881,3.8123511372,512,1.0,1.0,1.0,0.0125
0.876661486429,79.6182785916,32.7169042299,6.05178170861,513,1.0,1.0,1.0,0.0125
0.551587878389,74.285111164,48.0432554921,5.91263908193,514,1.0,1.0,1.0,0.0125
0.16483426191,8.61749373461,28.2577843207,0.95268126931,515,1.0,1.0,1.0,0.0125
0.411255119231,7.10935812493,25.4768136679,0.855806790106,516,1.0,1.0,1.0,0.0125
0.777602282767,35.1170688938,87.5178575135,3.56642911413,517,1.0,1.0,1.0,0.0125
0.480370078581,69.8442661913,59.588879072,5.76451383368,518,1.0,1.0,1.0,0.0125
0.985286053034,83.9820903537,19.253397297,6.12155687733,519,1.0,1.0,1.0,0.0125
0.376738967927,17.0333513646,52.6446807136,1.83533055356,520,1.0,1.0,1.0,0.0125
0.749578303134,52.530457165,89.253017556,4.89052581288,521,1.0,1.0,1.0,0.0125
0.392989447432,35.4712688621,87.3513840574,3.57525683347,522,1.0,1.0,1.0,0.0125
0.829164220679,82.5931517402,23.5878288742,6.09910638934,523,1.0,1.0,1.0,0.0125
0.569081466778,72.3695140116,53.1977343902,5.85471224817,524,1.0,1.0,1.0,0.0125
0.0635118261128,72.0662965782,53.8287427898,5.82720457684,525,1.0,1.0,1.0,0.0125
0.0368218664166,42.495452789,91.5261693468,4.13772445564,526,1.0,1.0,1.0,0.0125
0.13385212378,38.1855601522,89.4206891653,3.79216462803,527,1.0,1.0,1.0,0.0125
0.0136719690668,26.8725657514,74.0835957342,2.76840164125,528,1.0,1.0,1.0,0.0125
0.0753590590496,9.5100399676,30.3728245351,1.02653550583,529,1.0,1.0,1.0,0.0125
0.69171439756,74.1777897973,48.3770165967,5.91435233661,530,1.0,1.0,1.0,0.0125
0.534346268637,70.0320807251,59.1462092761,5.77328047228,531,1.0,1.0,1.0,0.0125
0.74991074315,84.9774139933,16.084218413,6.123931365,532,1.0,1.0,1.0,0.0125
0.913165748798,84.7309465333,16.8797652622,6.12699450499,533,1.0,1.0,1.0,0.0125
0.585149531855,49.4345364823,91.2368511629,4.67653627713,534,1.0,1.0,1.0,0.0125
0.726120841858,66.5189928705,67.4375687987,5.64172888046,535,1.0,1.0,1.0,0.0125
0.757081197984,80.5812580314,29.7777596735,6.0653837759,536,1.0,1.0,1.0,0.0125
0.377850551712,72.9717912124,51.5448592576,5.86718805453,537,1.0,1.0,1.0,0.0125
0.241084833686,24.7878482984,70.4301429074,2.58592165358,538,1.0,1.0,1.0,0.0125
0.205045329455,41.0435309531,91.1972115522,4.03057949314,539,1.0,1.0,1.0,0.0125
0.251442432462,15.3327533068,47.738820747,1.65002430179,540,1.0,1.0,1.0,0.0125
0.274731795367,81.32408237,27.4311096147,6.06164169579,541,1.0,1.0,1.0,0.0125
0.207227648051,53.4939708674,87.9826623079,4.92976814356,542,1.0,1.0,1.0,0.0125
0.878220662679,23.2914244612,68.6885581566,2.49276506619,543,1.0,1.0,1.0,0.0125
0.756999129373,58.7360546118,81.9378580818,5.26273647754,544,1.0,1.0,1.0,0.0125
0.0468964653664,54.4502597976,86.9186197948,4.98321295174,545,1.0,1.0,1.0,0.0125
0.268672488227,33.6530177921,85.128288304,3.40891346966,546,1.0,1.0,1.0,0.0125
0.0221847384288,14.0846074952,43.4422681188,1.49295775481,547,1.0,1.0,1.0,0.0125
0.498165188706,58.7258558287,81.7973547488,5.25217243755,548,1.0,1.0,1.0,0.0125
0.476210696035,46.6246158168,92.1368568775,4.47195553134,549,1.0,1.0,1.0,0.0125
0.831371486846,66.7854712489,66.8923746913,5.65674133056,550,1.0,1.0,1.0,0.0125
0.307777237452,46.6130803995,91.9811894913,4.46344905427,551,1.0,1.0,1.0,0.0125
0.816385731291,73.1745197596,51.1353790122,5.88864556295,552,1.0,1.0,1.0,0.0125
0.967973764047,49.1525469264,91.7030016948,4.67361698661,553,1.0,1.0,1.0,0.0125
0.0884082236067,49.8750377551,90.584681074,4.68532453122,554,1.0,1.0,1.0,0.0125
0.791817842701,75.1322882972,45.7598646737,5.94465777824,555,1.0,1.0,1.0,0.0125
0.589955900002,37.2786293999,89.2895145675,3.74050421498,556,1.0,1.0,1.0,0.0125
0.480045973901,15.7212182718,49.5545240525,1.71601091542,557,1.0,1.0,1.0,0.0125
0.420535778259,7.30261411571,26.0720748363,0.876176137566,558,1.0,1.0,1.0,0.0125
0.784668260437,65.410980261,69.8541799527,5.59585696865,559,1.0,1.0,1.0,0.0125
0.639361354904,54.6247641113,87.1539046437,5.0181129646,560,1.0,1.0,1.0,0.0125
0.805044668448,61.3263809998,77.7602694988,5.4020492387,561,1.0,1.0,1.0,0.0125
0.903151059268,22.0371327216,66.0390229235,2.37480168098,562,1.0,1.0,1.0,0.0125
0.61726371935,15.9097177747,50.496851467,1.75027288205,563,1.0,1.0,1.0,0.0125
0.980462722941,6.16357317221,26.3596205557,0.883762674422,564,1.0,1.0,1.0,0.0125
0.608087849246,33.0470044417,84.8827201174,3.375500798,565,1.0,1.0,1.0,0.0125
0.636644322806,52.1934145985,89.447998972,4.86396466173,566,1.0,1.0,1.0,0.0125
0.554815608672,36.3795238248,88.4569520268,3.66233232233,567,1.0,1.0,1.0,0.0125
0.091002088527,39.9979942001,90.5487415757,3.93998384165,568,1.0,1.0,1.0,0.0125
0.726397030457,77.3326957022,39.4598876827,5.9981426236,569,1.0,1.0,1.0,0.0125
0.547446308785,32.8604373959,84.553159517,3.35530517812,570,1.0,1.0,1.0,0.0125
0.450910441682,46.1191589667,92.1982656954,4.43371194213,571,1.0,1.0,1.0,0.0125
0.91047127892,67.6922409196,64.8725685421,5.69685097937,572,1.0,1.0,1.0,0.0125
0.297959453729,36.7234229184,88.4282446363,3.67747121961,573,1.0,1.0,1.0,0.0125
0.523602271807,54.7669361275,86.9192249745,5.02216770951,574,1.0,1.0,1.0,0.0125
0.697641868307,73.9890966353,48.895066156,5.90904899042,575,1.0,1.0,1.0,0.0125
0.796471781283,80.9616495101,28.6221464966,6.0731934286,576,1.0,1.0,1.0,0.0125
0.459346803245,16.7658782591,52.2119776797,1.81766557144,577,1.0,1.0,1.0,0.0125
0.842091415274,79.1270099567,34.1857882443,6.0409854556,578,1.0,1.0,1.0,0.0125
0.768917743296,44.3693031649,92.5938982468,4.31765317802,579,1.0,1.0,1.0,0.0125
0.0662359788702,25.6595515322,71.8289338996,2.65624928583,580,1.0,1.0,1.0,0.0125
0.0458612600448,41.7308609087,91.290817861,4.07759583761,581,1.0,1.0,1.0,0.0125
0.62080568206,83.4026056897,21.0344226072,6.10266667397,582,1.0,1.0,1.0,0.0125
0.34741340609,44.4094476941,92.1705131705,4.30085958202,583,1.0,1.0,1.0,0.0125
0.20913079316,31.300128928,81.8767752733,3.19410307461,584,1.0,1.0,1.0,0.0125
0.579649935146,55.6720681979,85.9317664683,5.07935166771,585,1.0,1.0,1.0,0.0125
0.341563212299,24.2116495825,69.4515051456,2.53832992009,586,1.0,1.0,1.0,0.0125
0.537263419139,11.0690662651,37.1651598145,1.26232232084,587,1.0,1.0,1.0,0.0125
0.460119163259,15.310377928,48.4016470783,1.67275496613,588,1.0,1.0,1.0,0.0125
0.584766108446,15.2436671802,48.6483526108,1.68074648175,589,1.0,1.0,1.0,0.0125
0.400300490297,17.152215804,53.0242828777,1.84974411683,590,1.0,1.0,1.0,0.0125
0.697667572577,16.1061737899,51.2617565587,1.77853398085,591,1.0,1.0,1.0,0.0125
0.180067271735,56.2699796193,84.9416048415,5.09902304378,592,1.0,1.0,1.0,0.0125
0.696501464512,19.5504064706,59.8193235079,2.11596841047,593,1.0,1.0,1.0,0.0125
0.41166121336,32.6533828554,84.0764619116,3.32864011743,594,1.0,1.0,1.0,0.0125
0.874317608744,76.7430723253,41.2021851361,5.98908801146,595,1.0,1.0,1.0,0.0125
0.515236056064,42.91693096,92.1448832154,4.1940750502,596,1.0,1.0,1.0,0.0125
0.973110355431,58.4046190356,82.5597347744,5.25272113151,597,1.0,1.0,1.0,0.0125
0.601935400768,18.7855896572,57.7141184965,2.03205071744,598,1.0,1.0,1.0,0.0125
0.223849069845,20.3831218405,60.5635672093,2.15363630564,599,1.0,1.0,1.0,0.0125
0.821790640434,8.26948914753,30.9231353035,1.04160120386,600,1.0,1.0,1.0,0.0125
0.345082629785,18.5148049177,56.3185654989,1.97975436831,601,1.0,1.0,1.0,0.0125
0.34761921534,27.2872274235,75.5028562437,2.83189690794,602,1.0,1.0,1.0,0.0125
0.0318046857211,19.160839248,57.0371327666,2.01274179294,603,1.0,1.0,1.0,0.0125
0.548715309601,12.0962027477,40.0413686195,1.36501964516,604,1.0,1.0,1.0,0.0125
0.534423501355,14.6508693718,46.9045847092,1.61603143133,605,1.0,1.0,1.0,0.0125
0.355991485379,41.862301388,91.6820179178,4.10347633399,606,1.0,1.0,1.0,0.0125
0.894217263417,21.506697409,64.8407905935,2.32310663493,607,1.0,1.0,1.0,0.0125
0.128748398304,34.1415888325,85.5079709771,3.44379240333,608,1.0,1.0,1.0,0.0125
0.330099514064,45.2733817232,92.1583615961,4.36526491382,609,1.0,1.0,1.0,0.0125
0.321582770516,60.231586335,79.3426630552,5.32684675007,610,1.0,1.0,1.0,0.0125
0.48114539275,68.9528320879,61.747650465,5.7311236194,612,1.0,1.0,1.0,0.0125
0.687784721537,55.2320312081,86.5159036701,5.05715235112,613,1.0,1.0,1.0,0.0125
0.511657012513,11.5407225132,38.3556975663,1.30490482896,614,1.0,1.0,1.0,0.0125
0.0922905861149,8.14497128202,26.3894987354,0.888613616822,611,1.0,1.0,1.0,0.0125
0.15697767822,74.8862903914,46.2760454145,5.91609023112,615,1.0,1.0,1.0,0.0125
0.377285968367,78.6697923936,35.4572438349,6.0159287661,616,1.0,1.0,1.0,0.0125
0.00259502604664,9.88623730952,31.0819528797,1.05168194626,617,1.0,1.0,1.0,0.0125
0.86830110193,27.150211805,76.2358574758,2.85587484255,618,1.0,1.0,1.0,0.0125
0.0845170037552,69.4961023481,60.2913379292,5.7375880232,619,1.0,1.0,1.0,0.0125
0.597278081485,64.8607751866,70.9162543044,5.56442531674,620,1.0,1.0,1.0,0.0125
0.98625699896,19.7616814856,61.071340698,2.16310274804,621,1.0,1.0,1.0,0.0125
0.536590646612,21.7479458118,64.5291083865,2.31580253242,622,1.0,1.0,1.0,0.0125
0.924041761068,34.6377682382,87.2116397179,3.53328798221,623,1.0,1.0,1.0,0.0125
0.236116531593,43.7618390747,91.9968636708,4.24601593285,624,1.0,1.0,1.0,0.0125
0.759955412652,54.4603817466,87.4141177954,5.01286014909,625,1.0,1.0,1.0,0.0125
0.531265753678,34.5130912656,86.5177882183,3.49992432503,626,1.0,1.0,1.0,0.0125
0.720516056223,42.0027772982,92.1278204098,4.13252071825,627,1.0,1.0,1.0,0.0125
0.0623413680732,64.797675251,70.7954969584,5.54194740371,628,1.0,1.0,1.0,0.0125
0.147739096113,7.93465638602,26.130877774,0.879448975016,629,1.0,1.0,1.0,0.0125
0.133116927495,25.1949559013,71.0329419605,2.61670630892,630,1.0,1.0,1.0,0.0125
0.687165499359,62.0679665862,76.3766497605,5.43501010062,631,1.0,1.0,1.0,0.0125
0.84444067414,76.6165467891,41.5597175325,5.98497477634,632,1.0,1.0,1.0,0.0125
0.749616230547,45.9341951741,92.5078253549,4.43373796698,633,1.0,1.0,1.0,0.0125
0.0304721582286,47.5690790737,91.4955484354,4.52030226681,634,1.0,1.0,1.0,0.0125
0.867214981901,13.5737606158,45.2311372154,1.551026951,635,1.0,1.0,1.0,0.0125
0.354146668071,40.7929896088,91.2568022196,4.01795517199,636,1.0,1.0,1.0,0.0125
0.397163834981,47.6093811268,91.8171561098,4.53968553873,637,1.0,1.0,1.0,0.0125
0.104869171769,24.3976404936,69.3247854472,2.53741569786,638,1.0,1.0,1.0,0.0125
0.737405208577,26.5394584885,74.8680377827,2.78954429651,639,1.0,1.0,1.0,0.0125
0.182283884655,35.1827330213,86.7546973475,3.53818366834,640,1.0,1.0,1.0,0.0125
0.563965091147,6.60569565408,25.0665114812,0.841134392131,641,1.0,1.0,1.0,0.0125
0.840709988224,30.7663331986,82.1209806728,3.18572264153,642,1.0,1.0,1.0,0.0125
0.0892043311822,21.9158406223,63.8217685291,2.29310810253,643,1.0,1.0,1.0,0.0125
0.53533557,31.1997883269,82.2602823065,3.20565565219,644,1.0,1.0,1.0,0.0125
0.233216410557,14.5809706137,45.6294533686,1.5715985103,645,1.0,1.0,1.0,0.0125
0.342926862729,76.2421825694,42.5115099026,5.95853900004,646,1.0,1.0,1.0,0.0125
0.473969942069,52.4873963668,89.0802979207,4.87628190012,647,1.0,1.0,1.0,0.0125
0.355104299578,59.3281853884,80.797860546,5.27966498047,648,1.0,1.0,1.0,0.0125
0.648822838592,68.1336987538,63.7454772008,5.70518147361,649,1.0,1.0,1.0,0.0125
0.479582105176,44.8753758613,92.315038476,4.34233790096,650,1.0,1.0,1.0,0.0125
0.584199481547,11.9536229612,39.7980008286,1.35600420498,651,1.0,1.0,1.0,0.0125
0.736822476084,47.9685231771,92.0035468077,4.58044407764,652,1.0,1.0,1.0,0.0125
0.557742263786,51.9472891388,89.5839847987,4.84458118141,653,1.0,1.0,1.0,0.0125
0.586535433211,64.6351577294,71.3740721934,5.55378770189,654,1.0,1.0,1.0,0.0125
0.564458544265,39.532763668,90.8482522336,3.92639605738,655,1.0,1.0,1.0,0.0125
0.378772626021,15.2064243355,47.8443098731,1.65267530027,656,1.0,1.0,1.0,0.0125
0.337446832177,27.7020724171,76.2352408929,2.87016179227,657,1.0,1.0,1.0,0.0125
0.899647396966,34.0465832756,86.5166320315,3.48050699535,658,1.0,1.0,1.0,0.0125
0.6075552254,56.6733794221,84.7150617263,5.13974953979,659,1.0,1.0,1.0,0.0125
0.244353158922,50.6622642571,90.2485624432,4.74575010414,660,1.0,1.0,1.0,0.0125
0.498247696668,33.4877382099,85.2673201493,3.4079504055,661,1.0,1.0,1.0,0.0125
0.330348478009,83.9212199484,19.3760018662,6.09907767924,662,1.0,1.0,1.0,0.0125
0.933691827798,53.4619850778,88.5459494796,4.95759114451,663,1.0,1.0,1.0,0.0125
0.0075343670341,23.9781433388,68.2180266297,2.48870838786,664,1.0,1.0,1.0,0.0125
0.225332801283,13.1425980684,41.6121229205,1.42437926199,665,1.0,1.0,1.0,0.0125
0.365356819091,17.228731013,53.1133117711,1.85361553057,666,1.0,1.0,1.0,0.0125
0.487809803218,24.6766183944,70.726209172,2.59447095396,667,1.0,1.0,1.0,0.0125
0.850817523396,17.8545094125,56.1248881655,1.96549133803,668,1.0,1.0,1.0,0.0125
0.0878876291886,19.9253620615,59.089486388,2.09506569868,669,1.0,1.0,1.0,0.0125
0.805864892389,27.8076135607,77.2878604169,2.9126135604,670,1.0,1.0,1.0,0.0125
0.0556534880436,18.8698881524,56.3734386955,1.98584282592,671,1.0,1.0,1.0,0.0125
0.842314036759,76.7412338945,41.2000204331,5.98795783621,672,1.0,1.0,1.0,0.0125
0.0516354744443,11.4187000334,35.8972662075,1.2207380833,673,1.0,1.0,1.0,0.0125
0.0182424853598,46.9609114998,91.6387121756,4.47565788327,674,1.0,1.0,1.0,0.0125
0.696961456141,37.8317458818,89.8653842504,3.79267509437,675,1.0,1.0,1.0,0.0125
0.997255539521,83.5902888325,20.4880689733,6.11744665698,676,1.0,1.0,1.0,0.0125
0.896610261383,13.9631121999,46.3560239357,1.59224974324,677,1.0,1.0,1.0,0.0125
0.57599841514,36.8284476064,88.8885256225,3.70168107926,678,1.0,1.0,1.0,0.0125
0.917395609179,82.5576346362,23.7098198536,6.10155594049,679,1.0,1.0,1.0,0.0125
0.00530000357081,74.2405701404,48.0118298873,5.89249304602,680,1.0,1.0,1.0,0.0125
0.97506716614,70.3657652031,58.4743187758,5.8007751091,681,1.0,1.0,1.0,0.0125
0.490748784852,25.6322261739,72.6451362766,2.68581758056,682,1.0,1.0,1.0,0.0125
0.722896092972,18.6710069919,57.7684264159,2.03258425698,683,1.0,1.0,1.0,0.0125
0.820861473172,58.4914574524,82.3396951137,5.25166785507,684,1.0,1.0,1.0,0.0125
0.718457267088,79.3500791663,33.4941312923,6.04125840277,685,1.0,1.0,1.0,0.0125
0.535036730239,49.5410313933,91.1394316476,4.68171592589,686,1.0,1.0,1.0,0.0125
0.476619487972,50.7290150145,90.3945055595,4.76019425275,687,1.0,1.0,1.0,0.0125
0.838582555959,27.3983273335,76.6252786858,2.87687885294,688,1.0,1.0,1.0,0.0125
0.205077559735,66.5594347523,67.1238497866,5.62462390904,689,1.0,1.0,1.0,0.0125
0.967994070139,19.9634994042,61.4959755853,2.18091643225,690,1.0,1.0,1.0,0.0125
0.710952476531,30.8943388858,82.0986846177,3.18910725616,691,1.0,1.0,1.0,0.0125
0.199506928027,39.0349153136,90.098479778,3.86641137447,692,1.0,1.0,1.0,0.0125
0.736247186488,45.6088298654,92.5311895577,4.40906120725,693,1.0,1.0,1.0,0.0125
0.52984002501,24.3927785799,70.2333749942,2.57057283223,694,1.0,1.0,1.0,0.0125
0.70723009126,14.1869458205,46.2811120245,1.59123445128,695,1.0,1.0,1.0,0.0125
0.767779502498,53.8496034147,88.047065078,4.97519614773,696,1.0,1.0,1.0,0.0125
0.0872901764436,28.09044479,76.4610525353,2.88901171839,697,1.0,1.0,1.0,0.0125
0.506103962079,51.4990574975,89.8844364895,4.81287627215,698,1.0,1.0,1.0,0.0125
0.932014345874,17.3490168556,55.1083293972,1.92449730854,699,1.0,1.0,1.0,0.0125
0.32064219106,43.4912080221,92.0461499352,4.22920692661,700,1.0,1.0,1.0,0.0125
0.593883097776,47.6071544463,91.9956672696,4.5483179694,701,1.0,1.0,1.0,0.0125
0.369230480252,9.14588272668,30.9587528541,1.04524682228,702,1.0,1.0,1.0,0.0125
0.454267976679,31.9283423077,83.1640255444,3.26629070841,703,1.0,1.0,1.0,0.0125
0.548603118525,15.7531739983,49.8650232566,1.72703451625,704,1.0,1.0,1.0,0.0125
0.548921974736,10.0699977216,34.4573296803,1.16654848264,705,1.0,1.0,1.0,0.0125
0.201730460208,84.1968186943,18.4968092674,6.09782352196,706,1.0,1.0,1.0,0.0125
0.684571543635,30.7883074195,81.8992361417,3.1778462961,707,1.0,1.0,1.0,0.0125
0.0878681137897,69.7899556497,59.5780618099,5.74862435154,708,1.0,1.0,1.0,0.0125
0.138824775382,25.3712523031,71.4016378136,2.63411383564,709,1.0,1.0,1.0,0.0125
0.00271089561347,59.5202178635,80.292371778,5.27648159166,710,1.0,1.0,1.0,0.0125
0.116696061594,65.8182290338,68.6888838516,5.58946786544,711,1.0,1.0,1.0,0.0125
0.473166200908,52.651099164,88.940508452,4.88683762787,712,1.0,1.0,1.0,0.0125
0.606101879293,42.7260951599,92.1991770526,4.18361319034,713,1.0,1.0,1.0,0.0125
0.794289448018,37.9472730758,90.0749344404,3.80748850424,714,1.0,1.0,1.0,0.0125
0.106699250198,32.9094618065,83.9431112758,3.33294009483,715,1.0,1.0,1.0,0.0125
0.850727454957,79.3623313481,33.482002731,6.04594619854,716,1.0,1.0,1.0,0.0125
0.745974524819,71.449552734,55.6470045725,5.83046155898,717,1.0,1.0,1.0,0.0125
0.408518296063,82.2021528327,24.7458892444,6.07954769034,718,1.0,1.0,1.0,0.0125
0.932938066528,14.9437775672,49.0250404235,1.69137132261,719,1.0,1.0,1.0,0.0125
0.990929472025,63.4693978677,73.8945046445,5.51440324297,720,1.0,1.0,1.0,0.0125
0.205001808984,80.06723659,31.2432428963,6.03760809648,721,1.0,1.0,1.0,0.0125
0.379228585022,19.4986452755,58.8431993256,2.08077362789,722,1.0,1.0,1.0,0.0125
0.926449418284,10.3197008756,36.8416707208,1.24824797468,723,1.0,1.0,1.0,0.0125
0.721596553857,64.2896516573,72.1387561669,5.54288667772,724,1.0,1.0,1.0,0.0125
0.0480946439896,50.9578494276,89.8968659554,4.75726391234,725,1.0,1.0,1.0,0.0125
0.781514487411,72.3463022679,53.3257939867,5.86133467416,726,1.0,1.0,1.0,0.0125
0.827940883773,16.1817897696,51.8636828615,1.80010545116,727,1.0,1.0,1.0,0.0125
0.750501924369,68.6213846653,62.6397779267,5.72791497461,728,1.0,1.0,1.0,0.0125
0.799537136173,21.1301853732,63.7640663988,2.27867869797,729,1.0,1.0,1.0,0.0125
0.825132676127,18.0924754807,56.6376327006,1.98612185881,730,1.0,1.0,1.0,0.0125
0.186404981694,18.141264099,54.9090696493,1.92604254988,731,1.0,1.0,1.0,0.0125
0.235691745355,70.1659775677,58.7078227386,5.76760174586,732,1.0,1.0,1.0,0.0125
0.633758562997,58.2157777746,82.6275894442,5.22904749819,733,1.0,1.0,1.0,0.0125
0.907866134752,46.8452339158,92.4897296077,4.50748532799,734,1.0,1.0,1.0,0.0125
0.316196581422,33.706438604,85.263922455,3.4164669775,735,1.0,1.0,1.0,0.0125
0.588306675104,75.1760431542,45.5839388014,5.93888876089,736,1.0,1.0,1.0,0.0125
0.68298206145,36.3956086411,88.6424204845,3.67077049744,737,1.0,1.0,1.0,0.0125
0.451948599762,70.3279550339,58.3834273704,5.78106622416,738,1.0,1.0,1.0,0.0125
0.713782453843,40.1307923801,91.3523370399,3.9827059777,739,1.0,1.0,1.0,0.0125
0.899667449272,35.1555540669,87.7267082755,3.57663027441,740,1.0,1.0,1.0,0.0125
0.624101548601,42.0143828255,92.0260602108,4.12870928026,741,1.0,1.0,1.0,0.0125
0.53978105647,29.1102297101,79.0262862623,3.01505508635,742,1.0,1.0,1.0,0.0125
0.43874467873,64.8087505763,70.9493132503,5.5562706057,743,1.0,1.0,1.0,0.0125
0.57748626931,45.2176311333,92.4036678187,4.37259093919,744,1.0,1.0,1.0,0.0125
0.355362448924,23.5770158513,68.1379382463,2.47813090901,745,1.0,1.0,1.0,0.0125
0.391482110692,76.9659656454,40.4470315801,5.97807640448,746,1.0,1.0,1.0,0.0125
0.531857475995,35.7112978098,87.785167936,3.603800466,747,1.0,1.0,1.0,0.0125
0.0666191103092,48.4842291017,91.2172793276,4.5872901321,748,1.0,1.0,1.0,0.0125
0.229025387957,77.5177688879,38.8108818056,5.98554196094,749,1.0,1.0,1.0,0.0125
0.542849311266,54.9390396965,86.7442470712,5.03348717261,750,1.0,1.0,1.0,0.0125
0.431528137399,14.3518433369,45.7339305697,1.57357265815,751,1.0,1.0,1.0,0.0125
0.332815781779,80.1865698013,30.904792666,6.04410281018,752,1.0,1.0,1.0,0.0125
0.730549138675,55.2166439337,86.5627776108,5.05793573079,753,1.0,1.0,1.0,0.0125
0.693717608623,31.7924488957,83.3528304068,3.26888407046,754,1.0,1.0,1.0,0.0125
0.16673075854,16.1417662937,49.6203268835,1.72189353938,755,1.0,1.0,1.0,0.0125
0.878629114218,68.5220148935,62.9246922406,5.72859706023,756,1.0,1.0,1.0,0.0125
0.495423622545,54.6058207121,87.0728900968,5.01111513799,757,1.0,1.0,1.0,0.0125
0.741460911404,47.67688728,92.1064134636,4.55987589579,758,1.0,1.0,1.0,0.0125
0.573150849569,76.5114064309,41.7974514717,5.97315219678,759,1.0,1.0,1.0,0.0125
0.997692621545,68.0877763739,63.9912616588,5.71576546258,760,1.0,1.0,1.0,0.0125
0.752403123479,17.1339900261,54.0451084565,1.88517047696,761,1.0,1.0,1.0,0.0125
0.706980466076,29.9377650081,80.6422002619,3.10197625099,762,1.0,1.0,1.0,0.0125
0.778571939743,24.8791308002,71.7418330972,2.6360246096,763,1.0,1.0,1.0,0.0125
0.143127985332,64.5157037441,71.4070110505,5.53203468362,764,1.0,1.0,1.0,0.0125
0.20454458967,7.68259519774,25.766049665,0.866647475464,765,1.0,1.0,1.0,0.0125
0.714064076942,50.5911747659,90.6761602408,4.7610316066,766,1.0,1.0,1.0,0.0125
0.493981481645,65.9966947467,68.474348112,5.61095887076,767,1.0,1.0,1.0,0.0125
0.754635291583,75.1412509918,45.7250048956,5.94363143394,768,1.0,1.0,1.0,0.0125
0.102916029539,32.3665398423,83.2126977289,3.28394854096,769,1.0,1.0,1.0,0.0125
0.536481353579,70.7005841624,57.4808564199,5.79727955708,770,1.0,1.0,1.0,0.0125
0.378821562598,13.8505392915,44.1758987453,1.51662820227,771,1.0,1.0,1.0,0.0125
0.457000221232,72.716183138,52.2480162233,5.86189872761,772,1.0,1.0,1.0,0.0125
0.603957873677,15.1990930574,48.5958057917,1.67857568867,773,1.0,1.0,1.0,0.0125
0.502288344899,36.7829833813,88.7516366829,3.6937866735,774,1.0,1.0,1.0,0.0125
0.539860637751,68.783629477,62.1733443744,5.72671098495,775,1.0,1.0,1.0,0.0125
0.48635748692,16.9933939753,52.8818572057,1.84320577789,776,1.0,1.0,1.0,0.0125
0.408955172498,23.3401116399,67.7492107166,2.4595759897,777,1.0,1.0,1.0,0.0125
0.771881978207,62.7802052297,75.1043831728,5.47322058208,778,1.0,1.0,1.0,0.0125
0.0122030735976,62.6029229485,75.0448417565,5.43620624709,779,1.0,1.0,1.0,0.0125
0.598442700365,56.2918108449,85.1920698938,5.11697891385,780,1.0,1.0,1.0,0.0125
0.56550834411,60.5158755685,79.0116760649,5.35111095113,781,1.0,1.0,1.0,0.0125
0.716179078844,48.4179551069,91.8149613905,4.61132491993,782,1.0,1.0,1.0,0.0125
0.599029368395,25.1439245465,71.9006850434,2.64756383456,783,1.0,1.0,1.0,0.0125
0.826798831072,32.6556790684,84.7127444736,3.35391708516,784,1.0,1.0,1.0,0.0125
0.959074794771,19.5278169621,60.4523892963,2.13806245465,785,1.0,1.0,1.0,0.0125
0.342524254542,77.6760448871,38.3743650846,5.99302988363,786,1.0,1.0,1.0,0.0125
0.22735098126,51.6713435498,89.5371804895,4.81249602237,787,1.0,1.0,1.0,0.0125
0.423596864199,37.0681132265,88.8963003818,3.71367034204,788,1.0,1.0,1.0,0.0125
0.287929615306,41.9604643893,91.6394158253,4.10788198179,789,1.0,1.0,1.0,0.0125
0.614950264482,80.7826670622,29.1403457635,6.06409062919,790,1.0,1.0,1.0,0.0125
0.911852410508,17.2681119135,54.8491945435,1.91460509574,791,1.0,1.0,1.0,0.0125
0.139116192036,51.8983867129,89.2959889554,4.82374883261,792,1.0,1.0,1.0,0.0125
0.100794602442,45.4710948003,91.9233616963,4.36938185125,793,1.0,1.0,1.0,0.0125
0.256015531778,53.9163391406,87.6106097872,4.95844253963,794,1.0,1.0,1.0,0.0125
0.726095581363,6.44881453399,25.6355561107,0.859959855757,795,1.0,1.0,1.0,0.0125
0.59296290078,74.7699128813,46.7165356536,5.92783483508,796,1.0,1.0,1.0,0.0125
0.1022126626,79.56946276,32.7221636868,6.0247385835,797,1.0,1.0,1.0,0.0125
0.918750520777,50.2106542059,91.08063026,4.74402873462,798,1.0,1.0,1.0,0.0125
0.790084631366,60.7320655081,78.7740316081,5.37089700503,799,1.0,1.0,1.0,0.0125
0.023022600455,78.7999509261,35.0009625235,6.00662908876,800,1.0,1.0,1.0,0.0125
0.651367216988,61.5790905004,77.2332834672,5.40911601561,801,1.0,1.0,1.0,0.0125
0.771246668131,17.2031231439,54.2746884965,1.89388442654,802,1.0,1.0,1.0,0.0125
0.374435372272,51.1030691038,90.0616926931,4.78094323492,803,1.0,1.0,1.0,0.0125
0.0689215380859,53.5372041465,87.8398627467,4.926791233,804,1.0,1.0,1.0,0.0125
0.0773210642108,38.9304540572,89.8788834647,3.85130108439,805,1.0,1.0,1.0,0.0125
0.104246962141,63.9155393231,72.5857130465,5.50272457111,806,1.0,1.0,1.0,0.0125
0.840439627143,79.7493608284,32.3150960337,6.05306259808,807,1.0,1.0,1.0,0.0125
0.910686197437,79.0454808981,34.4427929551,6.0416499562,808,1.0,1.0,1.0,0.0125
0.122810781031,41.0671500573,91.1134209173,4.02832235314,809,1.0,1.0,1.0,0.0125
0.235906028244,14.0590437709,44.2041394653,1.51897070274,810,1.0,1.0,1.0,0.0125
0.165520509976,83.7872962092,19.778365961,6.09203669124,811,1.0,1.0,1.0,0.0125
0.186320879307,72.1118470624,53.749865715,5.83299604924,812,1.0,1.0,1.0,0.0125
0.837490787459,14.9730143906,48.7860086969,1.68335417081,813,1.0,1.0,1.0,0.0125
0.332146406251,78.6673508756,35.4554725893,6.0143491701,814,1.0,1.0,1.0,0.0125
0.311444265142,74.5917093543,47.1328501654,5.91313855653,815,1.0,1.0,1.0,0.0125
0.227395620716,46.507044854,91.9249230558,4.45200962378,816,1.0,1.0,1.0,0.0125
0.607894394223,52.3020346387,89.3369480838,4.86983388238,817,1.0,1.0,1.0,0.0125
0.379305701325,36.9202164635,88.7102555743,3.6986983032,818,1.0,1.0,1.0,0.0125
0.744249654176,9.38093081219,33.5090341411,1.13210809174,819,1.0,1.0,1.0,0.0125
0.205579804537,31.8157793644,82.6117609097,3.24063942113,820,1.0,1.0,1.0,0.0125
0.787789894451,69.2282757871,61.2023591642,5.75244347675,821,1.0,1.0,1.0,0.0125
0.603721535207,5.37056185314,22.0913191884,0.739624119074,822,1.0,1.0,1.0,0.0125
0.114267297581,31.6799338224,82.2721263621,3.22258524111,823,1.0,1.0,1.0,0.0125
0.41450458472,36.8534958064,88.6981046934,3.69496120703,824,1.0,1.0,1.0,0.0125
0.863518139781,47.9916481774,92.1076691811,4.58768240197,825,1.0,1.0,1.0,0.0125
0.922960230597,78.5884489663,35.8076299469,6.03263951349,826,1.0,1.0,1.0,0.0125
0.465700121239,32.7076792968,84.2305185484,3.3367672112,827,1.0,1.0,1.0,0.0125
0.48083697876,32.7562561882,84.3169858755,3.34201336755,828,1.0,1.0,1.0,0.0125
0.918454727837,64.0000993337,72.8133577437,5.53667952383,829,1.0,1.0,1.0,0.0125
0.587068229818,41.1774352277,91.68666228,4.06048436966,830,1.0,1.0,1.0,0.0125
0.0328466729337,22.9683860061,66.0687878736,2.3919239251,831,1.0,1.0,1.0,0.0125
0.912749468096,41.1951609599,92.0590685846,4.07808075865,832,1.0,1.0,1.0,0.0125
0.24822644639,16.2685618203,50.2304525185,1.74418715486,833,1.0,1.0,1.0,0.0125
0.577631956101,19.1109590079,58.4410466602,2.06166061768,834,1.0,1.0,1.0,0.0125
0.165513318769,44.8694218415,92.0017502211,4.32715367892,835,1.0,1.0,1.0,0.0125
0.033879158095,38.5140360411,89.5356264605,3.81430046259,836,1.0,1.0,1.0,0.0125
0.311473168505,78.1876723452,36.8679832703,6.00338447795,837,1.0,1.0,1.0,0.0125
0.780495709921,33.9915117689,86.2815201131,3.46879735172,838,1.0,1.0,1.0,0.0125
0.277587170312,51.4470684264,89.7416605855,4.79975823006,839,1.0,1.0,1.0,0.0125
0.220097219856,55.5811433053,85.7939603887,5.05945462414,840,1.0,1.0,1.0,0.0125
0.212680783405,6.04755690346,21.0759336329,0.706462733432,841,1.0,1.0,1.0,0.0125
0.515173684926,58.0829898392,82.7449795295,5.21697804399,842,1.0,1.0,1.0,0.0125
0.975541312475,19.2428768832,59.8217489719,2.1120590356,843,1.0,1.0,1.0,0.0125
0.458988988879,81.8856254958,25.731155004,6.07656786862,844,1.0,1.0,1.0,0.0125
0.557305370354,16.8930181889,52.843294566,1.84087891717,845,1.0,1.0,1.0,0.0125
0.860632022345,38.1699297841,90.3207460288,3.82951283444,846,1.0,1.0,1.0,0.0125
0.535069718616,11.8279736319,39.2477445078,1.33663841826,847,1.0,1.0,1.0,0.0125
0.18446286935,84.7499405778,16.7530357243,6.10293270683,848,1.0,1.0,1.0,0.0125
0.299595908797,45.1756009553,92.1318152794,4.35650775236,849,1.0,1.0,1.0,0.0125
0.309936933059,52.630801212,88.8340958456,4.87872629784,850,1.0,1.0,1.0,0.0125
0.397318116715,10.366118179,34.5538947653,1.17090799544,851,1.0,1.0,1.0,0.0125
0.426788908063,64.9968378013,70.5560195253,5.56433360066,852,1.0,1.0,1.0,0.0125
0.799782020925,21.7924474591,65.2557384498,2.34260616715,853,1.0,1.0,1.0,0.0125
0.349387004354,76.844343299,40.7879668292,5.97370361498,854,1.0,1.0,1.0,0.0125
0.468231833882,21.4111715407,63.5960366675,2.27701700434,855,1.0,1.0,1.0,0.0125
0.62497599065,20.2550178057,61.3035024191,2.17814430179,856,1.0,1.0,1.0,0.0125
0.37772595053,7.9239734269,27.5497013635,0.927176179664,857,1.0,1.0,1.0,0.0125
0.836564812771,42.7653556591,92.4532226476,4.19779842829,858,1.0,1.0,1.0,0.0125
0.587453608072,50.1872904518,90.8223810481,4.72826294037,859,1.0,1.0,1.0,0.0125
0.294044673511,10.2566912969,33.7323135558,1.14267042841,860,1.0,1.0,1.0,0.0125
0.71405920077,67.0422091666,66.2688575044,5.66323679431,861,1.0,1.0,1.0,0.0125
0.527647730319,41.2631067346,91.6540024494,4.06435850835,862,1.0,1.0,1.0,0.0125
0.534455892987,46.951221256,92.1203485893,4.49836645562,863,1.0,1.0,1.0,0.0125
0.481087949239,40.2610199794,91.1476170457,3.98141963011,864,1.0,1.0,1.0,0.0125
0.497011951519,37.0610448979,88.9861408213,3.71707707758,865,1.0,1.0,1.0,0.0125
0.765356284279,49.771226152,91.2088656061,4.70749713417,866,1.0,1.0,1.0,0.0125
0.102981478698,17.4192201748,52.7892533751,1.84421767554,867,1.0,1.0,1.0,0.0125
0.334362806597,19.5542502437,58.8563377775,2.08195464969,868,1.0,1.0,1.0,0.0125
0.0755033618946,73.9428501737,48.8430471898,5.88620727437,869,1.0,1.0,1.0,0.0125
0.753246218607,80.6892366511,29.4478597033,6.06712496097,870,1.0,1.0,1.0,0.0125
0.272301854862,34.8647457244,86.5381361782,3.51565058763,871,1.0,1.0,1.0,0.0125
0.897430409421,26.6595734893,75.396880983,2.81219935719,872,1.0,1.0,1.0,0.0125
0.526578463969,56.5199633994,84.8579813159,5.12755881225,873,1.0,1.0,1.0,0.0125
0.800749771483,37.6987337211,89.894517837,3.7870874924,874,1.0,1.0,1.0,0.0125
0.978931439803,7.03090827959,28.5228437622,0.957965102781,875,1.0,1.0,1.0,0.0125
0.839788861535,17.4922077946,55.1969362651,1.92910380661,876,1.0,1.0,1.0,0.0125
0.866993756701,62.277778121,76.0874839121,5.45212603385,877,1.0,1.0,1.0,0.0125
0.407984496888,57.7139156434,83.1972014644,5.19190378754,878,1.0,1.0,1.0,0.0125
0.551722599322,7.16767907193,26.5026203493,0.890378770469,879,1.0,1.0,1.0,0.0125
0.253888562846,22.7577732172,66.1197911624,2.39006303392,880,1.0,1.0,1.0,0.0125
0.196113099855,23.4859840429,67.5828219857,2.45624171409,881,1.0,1.0,1.0,0.0125
0.505507886062,58.7514196834,81.7636631839,5.25386898965,882,1.0,1.0,1.0,0.0125
0.595048980693,6.57684318758,25.1819779605,0.844959829582,883,1.0,1.0,1.0,0.0125
0.339271245603,13.3286867496,42.5883704731,1.45891018121,884,1.0,1.0,1.0,0.0125
0.569443517497,68.9932867661,61.6846542855,5.73580239061,885,1.0,1.0,1.0,0.0125
0.887460482048,19.283572476,59.6870194323,2.10782543554,886,1.0,1.0,1.0,0.0125
0.556721589425,57.2196883085,83.9651085643,5.16944400776,887,1.0,1.0,1.0,0.0125
0.720813097367,24.0546223193,69.9434235329,2.55317182549,888,1.0,1.0,1.0,0.0125
0.805314966199,12.9553109612,43.368960255,1.48339140494,889,1.0,1.0,1.0,0.0125
0.988728782159,24.4537752726,71.3226520853,2.61170316249,890,1.0,1.0,1.0,0.0125
0.60319740316,62.7813544445,75.0162695219,5.46701249863,891,1.0,1.0,1.0,0.0125
0.806850145992,73.4557174119,50.3754093284,5.89690291311,892,1.0,1.0,1.0,0.0125
0.962649319312,71.4175887933,55.8012582034,5.83692093333,893,1.0,1.0,1.0,0.0125
0.944409725243,36.7746818698,89.3232697383,3.71717505931,894,1.0,1.0,1.0,0.0125
0.141081852173,58.4468109285,81.9909418415,5.22278677939,895,1.0,1.0,1.0,0.0125
0.406392309211,21.3987437674,63.415087177,2.27034517245,896,1.0,1.0,1.0,0.0125
0.323990059626,28.451818792,77.5298735243,2.93934946403,897,1.0,1.0,1.0,0.0125
0.0869250188318,76.706865726,41.1215784384,5.96138251603,898,1.0,1.0,1.0,0.0125
0.633240776517,6.04015361542,24.0103291927,0.804812305422,899,1.0,1.0,1.0,0.0125
0.735904611818,11.8406821431,40.113906938,1.36620032067,900,1.0,1.0,1.0,0.0125
0.848128100123,21.6309003198,65.0093782275,2.33114348859,901,1.0,1.0,1.0,0.0125
0.122776891832,7.1225765725,23.5415740002,0.790821780485,902,1.0,1.0,1.0,0.0125
0.876444075926,19.5148348097,60.2070787395,2.12921533242,903,1.0,1.0,1.0,0.0125
0.642925567143,51.6433245611,89.8844121783,4.82817322186,904,1.0,1.0,1.0,0.0125
0.70394613261,38.7139641386,90.5045527568,3.86633792779,905,1.0,1.0,1.0,0.0125
0.910623997662,76.4137363786,42.1581401622,5.98219241956,906,1.0,1.0,1.0,0.0125
0.624761269573,70.3954848427,58.2763999311,5.78955962303,907,1.0,1.0,1.0,0.0125
0.335865857623,32.3453882959,83.548681414,3.29643690954,908,1.0,1.0,1.0,0.0125
0.825107335771,25.7538743552,73.5513702779,2.72210181963,909,1.0,1.0,1.0,0.0125
0.363059208347,35.3753924627,87.2108259299,3.56525787694,910,1.0,1.0,1.0,0.0125
0.0342281139535,52.2235958016,88.9591929892,4.84067175648,911,1.0,1.0,1.0,0.0125
0.830654506532,26.4450909806,74.8716131106,2.78738840839,912,1.0,1.0,1.0,0.0125
0.345192142843,54.9319125083,86.6143522849,5.02505914785,913,1.0,1.0,1.0,0.0125
0.773834526486,37.7529318148,89.9022003743,3.79018372214,914,1.0,1.0,1.0,0.0125
0.362757893364,49.1637748024,91.1808826942,4.64806089635,915,1.0,1.0,1.0,0.0125
0.861068022638,39.8901218443,91.398402377,3.97068914325,916,1.0,1.0,1.0,0.0125
0.219510518531,28.5572608429,77.5218260474,2.94198310314,917,1.0,1.0,1.0,0.0125
0.974547265557,80.8762643477,28.9117607211,6.07771301483,918,1.0,1.0,1.0,0.0125
0.779758776487,66.0884634734,68.4019024272,5.62526288631,919,1.0,1.0,1.0,0.0125
0.114237923202,16.2090544242,49.6229781293,1.72257223232,920,1.0,1.0,1.0,0.0125
0.565776623219,74.4774379184,47.5180227966,5.91864217165,921,1.0,1.0,1.0,0.0125
0.98536731186,43.9944957101,92.7896436876,4.29936063647,922,1.0,1.0,1.0,0.0125
0.471065451966,76.5641781296,41.621819706,5.97098293044,923,1.0,1.0,1.0,0.0125
0.182107142914,68.9884209596,61.5482169612,5.7218502323,924,1.0,1.0,1.0,0.0125
0.484778371054,39.0170803745,90.4356045172,3.87989943489,925,1.0,1.0,1.0,0.0125
0.512457657725,6.79754469586,25.2609368385,0.847992119718,926,1.0,1.0,1.0,0.0125
0.741686942229,26.4941885559,74.7918105432,2.78560574067,927,1.0,1.0,1.0,0.0125
0.698845848837,48.3307368968,91.8345260285,4.60441341223,928,1.0,1.0,1.0,0.0125
0.402550047357,55.6782575815,85.804480656,5.07263039969,929,1.0,1.0,1.0,0.0125
0.218023108369,25.6310148213,72.0856829573,2.66510657929,930,1.0,1.0,1.0,0.0125
0.645054166588,16.1484859351,51.2039537404,1.7769078949,931,1.0,1.0,1.0,0.0125
0.421703930344,71.7944188944,54.6503961056,5.83072919924,932,1.0,1.0,1.0,0.0125
0.13227621306,83.7521744517,19.8847729055,6.09051682927,933,1.0,1.0,1.0,0.0125
0.900572306686,47.0552145229,92.4311516796,4.52233801219,934,1.0,1.0,1.0,0.0125
0.691221855975,18.7343426826,57.8355592713,2.03570798985,935,1.0,1.0,1.0,0.0125
0.683183857399,26.7845861292,75.2189436167,2.80864593744,936,1.0,1.0,1.0,0.0125
0.822583870455,6.47125382011,26.251272568,0.880653479301,937,1.0,1.0,1.0,0.0125
0.529661685119,78.1439045428,37.0423233833,6.0098232423,938,1.0,1.0,1.0,0.0125
0.815054426392,14.4200865201,47.2697104932,1.62691136731,939,1.0,1.0,1.0,0.0125
0.498090753448,51.1213178109,90.1480391727,4.78741710124,940,1.0,1.0,1.0,0.0125
0.0671753960352,26.9244177132,74.2868385438,2.77727128699,941,1.0,1.0,1.0,0.0125
0.4052480842,49.3342402681,91.134501249,4.66176472207,942,1.0,1.0,1.0,0.0125
0.497464889078,57.1136312308,84.068641536,5.16099212471,943,1.0,1.0,1.0,0.0125
0.720202582823,71.3793443484,55.818750713,5.8271825388,944,1.0,1.0,1.0,0.0125
0.106578734728,21.5137020909,62.9338395414,2.25489330746,945,1.0,1.0,1.0,0.0125
0.140018542563,5.87966637706,19.9894979736,0.669840472847,946,1.0,1.0,1.0,0.0125
0.263683802044,15.9508506234,49.4380264551,1.71392408173,947,1.0,1.0,1.0,0.0125
0.266498393907,77.0014916528,40.3157017603,5.97466986384,948,1.0,1.0,1.0,0.0125
0.732184580232,74.911205878,46.3612266782,5.93653920571,949,1.0,1.0,1.0,0.0125
0.250730656379,52.7930481657,88.6496505118,4.88673572538,950,1.0,1.0,1.0,0.0125
0.633098061344,53.0413486734,88.7163207455,4.91853169532,951,1.0,1.0,1.0,0.0125
0.494273853603,58.2029341285,82.5603552496,5.22290329878,952,1.0,1.0,1.0,0.0125
0.573294373595,19.0297020632,58.2313800299,2.05325717406,953,1.0,1.0,1.0,0.0125
0.838106963979,78.152955415,37.0798743132,6.02044584369,954,1.0,1.0,1.0,0.0125
0.404381503445,38.5016422238,89.989641055,3.83298214738,955,1.0,1.0,1.0,0.0125
0.77091138013,35.6510823105,88.0516225569,3.61201219685,956,1.0,1.0,1.0,0.0125
0.422036062326,46.5134166464,92.1071918442,4.46136005218,957,1.0,1.0,1.0,0.0125
0.353871375638,8.75727770938,29.7707260268,1.00406271687,958,1.0,1.0,1.0,0.0125
0.958627176927,18.3026694351,57.5213657587,2.01954597795,959,1.0,1.0,1.0,0.0125
0.184370920105,64.0426894042,72.3736436532,5.51164562952,960,1.0,1.0,1.0,0.0125
0.0903369607614,11.623893717,36.6826905601,1.2483585504,961,1.0,1.0,1.0,0.0125
0.770985928078,53.2521683649,88.6248609095,4.93764046528,962,1.0,1.0,1.0,0.0125
0.0682497089888,24.6279292041,69.7269849565,2.55681875317,963,1.0,1.0,1.0,0.0125
0.837078991075,36.1436490042,88.6145808798,3.6577958716,964,1.0,1.0,1.0,0.0125
0.437193396137,28.0954988168,77.1172121595,2.91394131761,965,1.0,1.0,1.0,0.0125
0.915513672846,33.4538173556,85.8418082002,3.42956877771,966,1.0,1.0,1.0,0.0125
0.72153286513,62.5236722961,75.5580698363,5.45882110497,967,1.0,1.0,1.0,0.0125
0.61040466456,28.7697370033,78.5844983537,2.98836388382,968,1.0,1.0,1.0,0.0125
0.949306798621,50.3123707057,91.0432949542,4.75222127406,969,1.0,1.0,1.0,0.0125
0.396649373322,43.084031967,92.0535826552,4.20133021798,970,1.0,1.0,1.0,0.0125
0.954086935137,58.0936929335,82.9999950159,5.23462651863,971,1.0,1.0,1.0,0.0125
0.135001276884,79.9463794741,31.595399937,6.03300438603,972,1.0,1.0,1.0,0.0125
0.483754945799,63.6057675766,73.3788211809,5.5021665783,973,1.0,1.0,1.0,0.0125
0.269911228043,22.1952301304,64.8987499222,2.33641527726,974,1.0,1.0,1.0,0.0125
0.539842780339,7.49465053959,27.3201499703,0.918518529315,975,1.0,1.0,1.0,0.0125
0.162013877687,25.9811238062,72.6620056201,2.69436348592,976,1.0,1.0,1.0,0.0125
0.841529664547,52.6062340028,89.2573723546,4.89922225141,977,1.0,1.0,1.0,0.0125
0.846407849539,9.11406476146,33.2806984726,1.12354137854,978,1.0,1.0,1.0,0.0125
0.955236314553,44.7092997561,92.7870531077,4.35199910508,979,1.0,1.0,1.0,0.0125
0.154672140757,52.7474280558,88.6163477317,4.87978396666,980,1.0,1.0,1.0,0.0125
0.623332547169,31.7395109187,83.1684834104,3.25978896576,981,1.0,1.0,1.0,0.0125
0.474237308249,66.672976497,66.9896192558,5.63916097044,982,1.0,1.0,1.0,0.0125
0.344383733427,13.5278604199,43.1580079164,1.47965127803,983,1.0,1.0,1.0,0.0125
0.35154015742,11.0110224797,36.1560876084,1.22780627175,984,1.0,1.0,1.0,0.0125
0.412793547011,63.2551005618,74.0212982249,5.48282830263,985,1.0,1.0,1.0,0.0125
0.704925551243,44.6393053326,92.5378482909,4.3350714675,986,1.0,1.0,1.0,0.0125
0.598286056798,60.0721915567,79.7599157518,5.32896160303,987,1.0,1.0,1.0,0.0125
0.45968151662,39.78618699,90.8686527269,3.94170485892,988,1.0,1.0,1.0,0.0125
0.0759334047502,24.7121627302,69.9189754442,2.56559071775,989,1.0,1.0,1.0,0.0125
0.0777653420991,70.5281854201,57.7519654572,5.77502722032,990,1.0,1.0,1.0,0.0125
0.00233938801157,68.9532704055,61.5629124735,5.71409071409,991,1.0,1.0,1.0,0.0125
0.967699390596,60.5757173094,79.1362295952,5.36946796531,992,1.0,1.0,1.0,0.0125
0.0052538153262,26.7716115205,73.8751898069,2.75815547757,993,1.0,1.0,1.0,0.0125
0.103093745909,52.2184533177,89.0166277237,4.84323617557,994,1.0,1.0,1.0,0.0125
0.314596557132,33.8779119097,85.468156258,3.4315165846,995,1.0,1.0,1.0,0.0125
0.807430251224,12.3265655915,41.7015147993,1.42285193088,996,1.0,1.0,1.0,0.0125
0.962098788694,78.3850859649,36.418961159,6.02964240433,997,1.0,1.0,1.0,0.0125
0.790013555621,15.9454905267,51.1409797383,1.77291489534,998,1.0,1.0,1.0,0.0125
0.690560234871,81.0189880794,28.4299365251,6.07060380997,999,1.0,1.0,1.0,0.0125
0.521300669881,40.680461944,91.3972586471,4.01733834404,1000,1.0,1.0,1.0,0.0125
