Asigma,AdecayConstant,Bsigma,BdecayConstant,A,B,C,D,ProbabilityWeight-Asigma,PointProbability,prefix,ProbabilityWeight-Bsigma,ProbabilityWeight-BdecayConstant,ProbabilityWeight,ProbabilityWeight-AdecayConstant
6.161937010210118,1e-08,8.710177771895829,1e-08,0.7716687,0.9140025,0.8784467,1.123975,0.216666666666665,711861844644.8425,2,0.23333333333333006,0.1875,0.0017773437499999615,0.1875
6.161937010210118,1e-08,10.505100059105766,1e-08,0.7716687,0.9140025,0.8784467,1.123975,0.216666666666665,769803051410.2767,3,0.23333333333333495,0.1875,0.0017773437499999988,0.1875
6.161937010210118,1e-08,6.161937010210118,1e-08,0.7716687,0.9140025,0.8784467,1.123975,0.216666666666665,344445068367.86835,1,0.216666666666665,0.1875,0.0016503906249999748,0.1875
6.161937010210118,1e-08,12.525783359415387,1e-08,0.7716687,0.9140025,0.8784467,1.123975,0.216666666666665,547787356722.29126,4,0.31666666666667,0.1875,0.0024121093750000067,0.1875
6.161937010210118,1e-08,8.710177771895829,2.75e-08,0.7716687,0.605285,0.8784467,1.278393,0.216666666666665,711861844644.8425,6,0.23333333333333006,0.17500000000000004,0.0016588541666666312,0.1875
6.161937010210118,1e-08,6.161937010210118,2.75e-08,0.7716687,0.605285,0.8784467,1.278393,0.216666666666665,344445068367.86835,5,0.216666666666665,0.17500000000000004,0.00154036458333331,0.1875
6.161937010210118,1e-08,10.505100059105766,2.75e-08,0.7716687,0.605285,0.8784467,1.278393,0.216666666666665,769803051410.2767,7,0.23333333333333495,0.17500000000000004,0.001658854166666666,0.1875
6.161937010210118,1e-08,12.525783359415387,2.75e-08,0.7716687,0.605285,0.8784467,1.278393,0.216666666666665,547787356722.29126,8,0.31666666666667,0.17500000000000004,0.0022513020833333404,0.1875
6.161937010210118,1e-08,6.161937010210118,4.5000000000000006e-08,0.7716687,0.4059797,0.8784467,1.378046,0.216666666666665,344445068367.86835,9,0.216666666666665,0.17500000000000004,0.00154036458333331,0.1875
6.161937010210118,1e-08,8.710177771895829,4.5000000000000006e-08,0.7716687,0.4059797,0.8784467,1.378046,0.216666666666665,711861844644.8425,10,0.23333333333333006,0.17500000000000004,0.0016588541666666312,0.1875
6.161937010210118,1e-08,10.505100059105766,4.5000000000000006e-08,0.7716687,0.4059797,0.8784467,1.378046,0.216666666666665,769803051410.2767,11,0.23333333333333495,0.17500000000000004,0.001658854166666666,0.1875
6.161937010210118,1e-08,12.525783359415387,4.5000000000000006e-08,0.7716687,0.4059797,0.8784467,1.378046,0.216666666666665,547787356722.29126,12,0.31666666666667,0.17500000000000004,0.0022513020833333404,0.1875
6.161937010210118,1e-08,6.161937010210118,6.25e-08,0.7716687,0.2768028,0.8784467,1.442634,0.216666666666665,344445068367.86835,13,0.216666666666665,0.17499999999999993,0.0015403645833333092,0.1875
6.161937010210118,1e-08,8.710177771895829,6.25e-08,0.7716687,0.2768028,0.8784467,1.442634,0.216666666666665,711861844644.8425,14,0.23333333333333006,0.17499999999999993,0.0016588541666666301,0.1875
6.161937010210118,1e-08,12.525783359415387,6.25e-08,0.7716687,0.2768028,0.8784467,1.442634,0.216666666666665,547787356722.29126,16,0.31666666666667,0.17499999999999993,0.0022513020833333387,0.1875
6.161937010210118,1e-08,10.505100059105766,6.25e-08,0.7716687,0.2768028,0.8784467,1.442634,0.216666666666665,769803051410.2767,15,0.23333333333333495,0.17499999999999993,0.0016588541666666648,0.1875
6.161937010210118,1e-08,6.161937010210118,8e-08,0.7716687,0.1926403,0.8784467,1.484715,0.216666666666665,344445068367.86835,17,0.216666666666665,0.2875,0.002530598958333294,0.1875
6.161937010210118,1e-08,8.710177771895829,8e-08,0.7716687,0.1926403,0.8784467,1.484715,0.216666666666665,711861844644.8425,18,0.23333333333333006,0.2875,0.002725260416666607,0.1875
6.161937010210118,1e-08,10.505100059105766,8e-08,0.7716687,0.1926403,0.8784467,1.484715,0.216666666666665,769803051410.2767,19,0.23333333333333495,0.2875,0.0027252604166666645,0.1875
6.161937010210118,1e-08,12.525783359415387,8e-08,0.7716687,0.1926403,0.8784467,1.484715,0.216666666666665,547787356722.29126,20,0.31666666666667,0.2875,0.003698567708333343,0.1875
8.710177771895829,1e-08,6.161937010210118,1e-08,0.7716687,0.9140133,0.8784467,1.123987,0.23333333333333006,711861844644.8425,21,0.216666666666665,0.1875,0.0017773437499999612,0.1875
8.710177771895829,1e-08,8.710177771895829,1e-08,0.7716687,0.9140133,0.8784467,1.123987,0.23333333333333006,1471199132745.1675,22,0.23333333333333006,0.1875,0.0019140624999999462,0.1875
8.710177771895829,1e-08,10.505100059105766,1e-08,0.7716687,0.9140133,0.8784467,1.123987,0.23333333333333006,1590945757437.5532,23,0.23333333333333495,0.1875,0.0019140624999999863,0.1875
8.710177771895829,1e-08,12.525783359415387,1e-08,0.7716687,0.9140133,0.8784467,1.123987,0.23333333333333006,1132107711912.3853,24,0.31666666666667,0.1875,0.0025976562499999906,0.1875
8.710177771895829,1e-08,6.161937010210118,2.75e-08,0.7716687,0.605285,0.8784467,1.278393,0.23333333333333006,711861844644.8425,25,0.216666666666665,0.17500000000000004,0.0016588541666666312,0.1875
8.710177771895829,1e-08,8.710177771895829,2.75e-08,0.7716687,0.605285,0.8784467,1.278393,0.23333333333333006,1471199132745.1675,26,0.23333333333333006,0.17500000000000004,0.0017864583333332838,0.1875
8.710177771895829,1e-08,10.505100059105766,2.75e-08,0.7716687,0.605285,0.8784467,1.278393,0.23333333333333006,1590945757437.5532,27,0.23333333333333495,0.17500000000000004,0.0017864583333333211,0.1875
8.710177771895829,1e-08,12.525783359415387,2.75e-08,0.7716687,0.605285,0.8784467,1.278393,0.23333333333333006,1132107711912.3853,28,0.31666666666667,0.17500000000000004,0.002424479166666659,0.1875
8.710177771895829,1e-08,6.161937010210118,4.5000000000000006e-08,0.7716687,0.4059797,0.8784467,1.378046,0.23333333333333006,711861844644.8425,29,0.216666666666665,0.17500000000000004,0.0016588541666666312,0.1875
8.710177771895829,1e-08,8.710177771895829,4.5000000000000006e-08,0.7716687,0.4059797,0.8784467,1.378046,0.23333333333333006,1471199132745.1675,30,0.23333333333333006,0.17500000000000004,0.0017864583333332838,0.1875
8.710177771895829,1e-08,10.505100059105766,4.5000000000000006e-08,0.7716687,0.4059797,0.8784467,1.378046,0.23333333333333006,1590945757437.5532,31,0.23333333333333495,0.17500000000000004,0.0017864583333333211,0.1875
8.710177771895829,1e-08,12.525783359415387,4.5000000000000006e-08,0.7716687,0.4059797,0.8784467,1.378046,0.23333333333333006,1132107711912.3853,32,0.31666666666667,0.17500000000000004,0.002424479166666659,0.1875
8.710177771895829,1e-08,6.161937010210118,6.25e-08,0.7716687,0.2768028,0.8784467,1.442634,0.23333333333333006,711861844644.8425,33,0.216666666666665,0.17499999999999993,0.0016588541666666301,0.1875
8.710177771895829,1e-08,8.710177771895829,6.25e-08,0.7716687,0.2768028,0.8784467,1.442634,0.23333333333333006,1471199132745.1675,34,0.23333333333333006,0.17499999999999993,0.0017864583333332825,0.1875
8.710177771895829,1e-08,10.505100059105766,6.25e-08,0.7716687,0.2768028,0.8784467,1.442634,0.23333333333333006,1590945757437.5532,35,0.23333333333333495,0.17499999999999993,0.00178645833333332,0.1875
8.710177771895829,1e-08,12.525783359415387,6.25e-08,0.7716687,0.2768028,0.8784467,1.442634,0.23333333333333006,1132107711912.3853,36,0.31666666666667,0.17499999999999993,0.0024244791666666573,0.1875
8.710177771895829,1e-08,6.161937010210118,8e-08,0.7716687,0.1926403,0.8784467,1.484715,0.23333333333333006,711861844644.8425,37,0.216666666666665,0.2875,0.002725260416666607,0.1875
8.710177771895829,1e-08,8.710177771895829,8e-08,0.7716687,0.1926403,0.8784467,1.484715,0.23333333333333006,1471199132745.1675,38,0.23333333333333006,0.2875,0.002934895833333251,0.1875
8.710177771895829,1e-08,10.505100059105766,8e-08,0.7716687,0.1926403,0.8784467,1.484715,0.23333333333333006,1590945757437.5532,39,0.23333333333333495,0.2875,0.002934895833333312,0.1875
8.710177771895829,1e-08,12.525783359415387,8e-08,0.7716687,0.1926403,0.8784467,1.484715,0.23333333333333006,1132107711912.3853,40,0.31666666666667,0.2875,0.003983072916666652,0.1875
10.505100059105766,1e-08,6.161937010210118,1e-08,0.7716687,0.9140178,0.8784467,1.123992,0.23333333333333495,769803051410.2767,41,0.216666666666665,0.1875,0.001777343749999999,0.1875
10.505100059105766,1e-08,8.710177771895829,1e-08,0.7716687,0.9140178,0.8784467,1.123992,0.23333333333333495,1590945757437.5532,42,0.23333333333333006,0.1875,0.0019140624999999865,0.1875
10.505100059105766,1e-08,10.505100059105766,1e-08,0.7716687,0.9140178,0.8784467,1.123992,0.23333333333333495,1720439026079.1255,43,0.23333333333333495,0.1875,0.0019140625000000266,0.1875
10.505100059105766,1e-08,12.525783359415387,1e-08,0.7716687,0.9140178,0.8784467,1.123992,0.23333333333333495,1224254365803.3308,44,0.31666666666667,0.1875,0.0025976562500000452,0.1875
10.505100059105766,1e-08,6.161937010210118,2.75e-08,0.7716687,0.605285,0.8784467,1.278393,0.23333333333333495,769803051410.2767,45,0.216666666666665,0.17500000000000004,0.0016588541666666657,0.1875
10.505100059105766,1e-08,8.710177771895829,2.75e-08,0.7716687,0.605285,0.8784467,1.278393,0.23333333333333495,1590945757437.5532,46,0.23333333333333006,0.17500000000000004,0.001786458333333321,0.1875
10.505100059105766,1e-08,10.505100059105766,2.75e-08,0.7716687,0.605285,0.8784467,1.278393,0.23333333333333495,1720439026079.1255,47,0.23333333333333495,0.17500000000000004,0.0017864583333333584,0.1875
10.505100059105766,1e-08,12.525783359415387,2.75e-08,0.7716687,0.605285,0.8784467,1.278393,0.23333333333333495,1224254365803.3308,48,0.31666666666667,0.17500000000000004,0.0024244791666667093,0.1875
10.505100059105766,1e-08,6.161937010210118,4.5000000000000006e-08,0.7716687,0.4059797,0.8784467,1.378046,0.23333333333333495,769803051410.2767,49,0.216666666666665,0.17500000000000004,0.0016588541666666657,0.1875
10.505100059105766,1e-08,8.710177771895829,4.5000000000000006e-08,0.7716687,0.4059797,0.8784467,1.378046,0.23333333333333495,1590945757437.5532,50,0.23333333333333006,0.17500000000000004,0.001786458333333321,0.1875
10.505100059105766,1e-08,10.505100059105766,4.5000000000000006e-08,0.7716687,0.4059797,0.8784467,1.378046,0.23333333333333495,1720439026079.1255,51,0.23333333333333495,0.17500000000000004,0.0017864583333333584,0.1875
10.505100059105766,1e-08,12.525783359415387,4.5000000000000006e-08,0.7716687,0.4059797,0.8784467,1.378046,0.23333333333333495,1224254365803.3308,52,0.31666666666667,0.17500000000000004,0.0024244791666667093,0.1875
10.505100059105766,1e-08,6.161937010210118,6.25e-08,0.7716687,0.2768028,0.8784467,1.442634,0.23333333333333495,769803051410.2767,53,0.216666666666665,0.17499999999999993,0.0016588541666666648,0.1875
10.505100059105766,1e-08,8.710177771895829,6.25e-08,0.7716687,0.2768028,0.8784467,1.442634,0.23333333333333495,1590945757437.5532,54,0.23333333333333006,0.17499999999999993,0.00178645833333332,0.1875
10.505100059105766,1e-08,10.505100059105766,6.25e-08,0.7716687,0.2768028,0.8784467,1.442634,0.23333333333333495,1720439026079.1255,55,0.23333333333333495,0.17499999999999993,0.0017864583333333573,0.1875
10.505100059105766,1e-08,12.525783359415387,6.25e-08,0.7716687,0.2768028,0.8784467,1.442634,0.23333333333333495,1224254365803.3308,56,0.31666666666667,0.17499999999999993,0.002424479166666708,0.1875
10.505100059105766,1e-08,6.161937010210118,8e-08,0.7716687,0.1926403,0.8784467,1.484715,0.23333333333333495,769803051410.2767,57,0.216666666666665,0.2875,0.0027252604166666645,0.1875
10.505100059105766,1e-08,8.710177771895829,8e-08,0.7716687,0.1926403,0.8784467,1.484715,0.23333333333333495,1590945757437.5532,58,0.23333333333333006,0.2875,0.0029348958333333124,0.1875
10.505100059105766,1e-08,10.505100059105766,8e-08,0.7716687,0.1926403,0.8784467,1.484715,0.23333333333333495,1720439026079.1255,59,0.23333333333333495,0.2875,0.0029348958333333735,0.1875
10.505100059105766,1e-08,12.525783359415387,8e-08,0.7716687,0.1926403,0.8784467,1.484715,0.23333333333333495,1224254365803.3308,60,0.31666666666667,0.2875,0.003983072916666735,0.1875
12.525783359415387,1e-08,6.161937010210118,1e-08,0.7716687,0.9140213,0.8784467,1.123996,0.31666666666667,547787356722.2912,61,0.216666666666665,0.1875,0.0024121093750000067,0.1875
12.525783359415387,1e-08,8.710177771895829,1e-08,0.7716687,0.9140213,0.8784467,1.123996,0.31666666666667,1132107711912.3853,62,0.23333333333333006,0.1875,0.0025976562499999906,0.1875
12.525783359415387,1e-08,10.505100059105766,1e-08,0.7716687,0.9140213,0.8784467,1.123996,0.31666666666667,1224254365803.3306,63,0.23333333333333495,0.1875,0.0025976562500000452,0.1875
12.525783359415387,1e-08,12.525783359415387,1e-08,0.7716687,0.9140213,0.8784467,1.123996,0.31666666666667,871172258632.3053,64,0.31666666666667,0.1875,0.003525390625000074,0.1875
12.525783359415387,1e-08,6.161937010210118,2.75e-08,0.7716687,0.605285,0.8784467,1.278393,0.31666666666667,547787356722.2912,65,0.216666666666665,0.17500000000000004,0.0022513020833333404,0.1875
12.525783359415387,1e-08,8.710177771895829,2.75e-08,0.7716687,0.605285,0.8784467,1.278393,0.31666666666667,1132107711912.3853,66,0.23333333333333006,0.17500000000000004,0.0024244791666666586,0.1875
12.525783359415387,1e-08,10.505100059105766,2.75e-08,0.7716687,0.605285,0.8784467,1.278393,0.31666666666667,1224254365803.3306,67,0.23333333333333495,0.17500000000000004,0.0024244791666667093,0.1875
12.525783359415387,1e-08,12.525783359415387,2.75e-08,0.7716687,0.605285,0.8784467,1.278393,0.31666666666667,871172258632.3053,68,0.31666666666667,0.17500000000000004,0.0032903645833334033,0.1875
12.525783359415387,1e-08,6.161937010210118,4.5000000000000006e-08,0.7716687,0.4059797,0.8784467,1.378046,0.31666666666667,547787356722.2912,69,0.216666666666665,0.17500000000000004,0.0022513020833333404,0.1875
12.525783359415387,1e-08,8.710177771895829,4.5000000000000006e-08,0.7716687,0.4059797,0.8784467,1.378046,0.31666666666667,1132107711912.3853,70,0.23333333333333006,0.17500000000000004,0.0024244791666666586,0.1875
12.525783359415387,1e-08,10.505100059105766,4.5000000000000006e-08,0.7716687,0.4059797,0.8784467,1.378046,0.31666666666667,1224254365803.3306,71,0.23333333333333495,0.17500000000000004,0.0024244791666667093,0.1875
12.525783359415387,1e-08,12.525783359415387,4.5000000000000006e-08,0.7716687,0.4059797,0.8784467,1.378046,0.31666666666667,871172258632.3053,72,0.31666666666667,0.17500000000000004,0.0032903645833334033,0.1875
12.525783359415387,1e-08,6.161937010210118,6.25e-08,0.7716687,0.2768028,0.8784467,1.442634,0.31666666666667,547787356722.2912,73,0.216666666666665,0.17499999999999993,0.0022513020833333387,0.1875
12.525783359415387,1e-08,8.710177771895829,6.25e-08,0.7716687,0.2768028,0.8784467,1.442634,0.31666666666667,1132107711912.3853,74,0.23333333333333006,0.17499999999999993,0.0024244791666666573,0.1875
12.525783359415387,1e-08,10.505100059105766,6.25e-08,0.7716687,0.2768028,0.8784467,1.442634,0.31666666666667,1224254365803.3306,75,0.23333333333333495,0.17499999999999993,0.002424479166666708,0.1875
12.525783359415387,1e-08,12.525783359415387,6.25e-08,0.7716687,0.2768028,0.8784467,1.442634,0.31666666666667,871172258632.3053,76,0.31666666666667,0.17499999999999993,0.0032903645833334007,0.1875
12.525783359415387,1e-08,6.161937010210118,8e-08,0.7716687,0.1926403,0.8784467,1.484715,0.31666666666667,547787356722.2912,77,0.216666666666665,0.2875,0.0036985677083333436,0.1875
12.525783359415387,1e-08,8.710177771895829,8e-08,0.7716687,0.1926403,0.8784467,1.484715,0.31666666666667,1132107711912.3853,78,0.23333333333333006,0.2875,0.003983072916666652,0.1875
12.525783359415387,1e-08,10.505100059105766,8e-08,0.7716687,0.1926403,0.8784467,1.484715,0.31666666666667,1224254365803.3306,79,0.23333333333333495,0.2875,0.003983072916666735,0.1875
12.525783359415387,1e-08,12.525783359415387,8e-08,0.7716687,0.1926403,0.8784467,1.484715,0.31666666666667,871172258632.3053,80,0.31666666666667,0.2875,0.005405598958333446,0.1875
6.161937010210118,2.75e-08,6.161937010210118,1e-08,0.4902695,0.9140394,0.8784467,1.124016,0.216666666666665,344445068367.86835,81,0.216666666666665,0.1875,0.00154036458333331,0.17500000000000004
6.161937010210118,2.75e-08,8.710177771895829,1e-08,0.4902695,0.9140394,0.8784467,1.124016,0.216666666666665,711861844644.8425,82,0.23333333333333006,0.1875,0.0016588541666666312,0.17500000000000004
6.161937010210118,2.75e-08,10.505100059105766,1e-08,0.4902695,0.9140394,0.8784467,1.124016,0.216666666666665,769803051410.2767,83,0.23333333333333495,0.1875,0.001658854166666666,0.17500000000000004
6.161937010210118,2.75e-08,12.525783359415387,1e-08,0.4902695,0.9140394,0.8784467,1.124016,0.216666666666665,547787356722.29126,84,0.31666666666667,0.1875,0.0022513020833333404,0.17500000000000004
6.161937010210118,2.75e-08,6.161937010210118,2.75e-08,0.4902695,0.6052943,0.8784467,1.278183,0.216666666666665,344445068367.86835,85,0.216666666666665,0.17500000000000004,0.0014376736111110897,0.17500000000000004
6.161937010210118,2.75e-08,8.710177771895829,2.75e-08,0.4902695,0.6052943,0.8784467,1.278183,0.216666666666665,711861844644.8425,86,0.23333333333333006,0.17500000000000004,0.001548263888888856,0.17500000000000004
6.161937010210118,2.75e-08,10.505100059105766,2.75e-08,0.4902695,0.6052943,0.8784467,1.278183,0.216666666666665,769803051410.2767,87,0.23333333333333495,0.17500000000000004,0.0015482638888888883,0.17500000000000004
6.161937010210118,2.75e-08,12.525783359415387,2.75e-08,0.4902695,0.6052943,0.8784467,1.278183,0.216666666666665,547787356722.29126,88,0.31666666666667,0.17500000000000004,0.0021012152777777847,0.17500000000000004
6.161937010210118,2.75e-08,6.161937010210118,4.5000000000000006e-08,0.4902695,0.4059797,0.8784467,1.378046,0.216666666666665,344445068367.86835,89,0.216666666666665,0.17500000000000004,0.0014376736111110897,0.17500000000000004
6.161937010210118,2.75e-08,8.710177771895829,4.5000000000000006e-08,0.4902695,0.4059797,0.8784467,1.378046,0.216666666666665,711861844644.8425,90,0.23333333333333006,0.17500000000000004,0.001548263888888856,0.17500000000000004
6.161937010210118,2.75e-08,10.505100059105766,4.5000000000000006e-08,0.4902695,0.4059797,0.8784467,1.378046,0.216666666666665,769803051410.2767,91,0.23333333333333495,0.17500000000000004,0.0015482638888888883,0.17500000000000004
6.161937010210118,2.75e-08,12.525783359415387,4.5000000000000006e-08,0.4902695,0.4059797,0.8784467,1.378046,0.216666666666665,547787356722.29126,92,0.31666666666667,0.17500000000000004,0.0021012152777777847,0.17500000000000004
6.161937010210118,2.75e-08,6.161937010210118,6.25e-08,0.4902695,0.2768028,0.8784467,1.442634,0.216666666666665,344445068367.86835,93,0.216666666666665,0.17499999999999993,0.0014376736111110888,0.17500000000000004
6.161937010210118,2.75e-08,8.710177771895829,6.25e-08,0.4902695,0.2768028,0.8784467,1.442634,0.216666666666665,711861844644.8425,94,0.23333333333333006,0.17499999999999993,0.001548263888888855,0.17500000000000004
6.161937010210118,2.75e-08,10.505100059105766,6.25e-08,0.4902695,0.2768028,0.8784467,1.442634,0.216666666666665,769803051410.2767,95,0.23333333333333495,0.17499999999999993,0.0015482638888888874,0.17500000000000004
6.161937010210118,2.75e-08,12.525783359415387,6.25e-08,0.4902695,0.2768028,0.8784467,1.442634,0.216666666666665,547787356722.29126,96,0.31666666666667,0.17499999999999993,0.002101215277777783,0.17500000000000004
6.161937010210118,2.75e-08,6.161937010210118,8e-08,0.4902695,0.1926403,0.8784467,1.484715,0.216666666666665,344445068367.86835,97,0.216666666666665,0.2875,0.0023618923611110755,0.17500000000000004
6.161937010210118,2.75e-08,8.710177771895829,8e-08,0.4902695,0.1926403,0.8784467,1.484715,0.216666666666665,711861844644.8425,98,0.23333333333333006,0.2875,0.002543576388888834,0.17500000000000004
6.161937010210118,2.75e-08,10.505100059105766,8e-08,0.4902695,0.1926403,0.8784467,1.484715,0.216666666666665,769803051410.2767,99,0.23333333333333495,0.2875,0.0025435763888888873,0.17500000000000004
6.161937010210118,2.75e-08,12.525783359415387,8e-08,0.4902695,0.1926403,0.8784467,1.484715,0.216666666666665,547787356722.29126,100,0.31666666666667,0.2875,0.003451996527777788,0.17500000000000004
8.710177771895829,2.75e-08,6.161937010210118,1e-08,0.4902695,0.9140394,0.8784467,1.124016,0.23333333333333006,711861844644.8425,101,0.216666666666665,0.1875,0.001658854166666631,0.17500000000000004
8.710177771895829,2.75e-08,8.710177771895829,1e-08,0.4902695,0.9140394,0.8784467,1.124016,0.23333333333333006,1471199132745.1675,102,0.23333333333333006,0.1875,0.0017864583333332836,0.17500000000000004
8.710177771895829,2.75e-08,10.505100059105766,1e-08,0.4902695,0.9140394,0.8784467,1.124016,0.23333333333333006,1590945757437.5532,103,0.23333333333333495,0.1875,0.001786458333333321,0.17500000000000004
8.710177771895829,2.75e-08,12.525783359415387,1e-08,0.4902695,0.9140394,0.8784467,1.124016,0.23333333333333006,1132107711912.3853,104,0.31666666666667,0.1875,0.0024244791666666586,0.17500000000000004
8.710177771895829,2.75e-08,6.161937010210118,2.75e-08,0.4902695,0.6052916,0.8784467,1.278245,0.23333333333333006,711861844644.8425,105,0.216666666666665,0.17500000000000004,0.0015482638888888562,0.17500000000000004
8.710177771895829,2.75e-08,8.710177771895829,2.75e-08,0.4902695,0.6052916,0.8784467,1.278245,0.23333333333333006,1471199132745.1675,106,0.23333333333333006,0.17500000000000004,0.0016673611111110652,0.17500000000000004
8.710177771895829,2.75e-08,10.505100059105766,2.75e-08,0.4902695,0.6052916,0.8784467,1.278245,0.23333333333333006,1590945757437.5532,107,0.23333333333333495,0.17500000000000004,0.0016673611111111002,0.17500000000000004
8.710177771895829,2.75e-08,12.525783359415387,2.75e-08,0.4902695,0.6052916,0.8784467,1.278245,0.23333333333333006,1132107711912.3853,108,0.31666666666667,0.17500000000000004,0.002262847222222215,0.17500000000000004
8.710177771895829,2.75e-08,6.161937010210118,4.5000000000000006e-08,0.4902695,0.4059797,0.8784467,1.378046,0.23333333333333006,711861844644.8425,109,0.216666666666665,0.17500000000000004,0.0015482638888888562,0.17500000000000004
8.710177771895829,2.75e-08,8.710177771895829,4.5000000000000006e-08,0.4902695,0.4059797,0.8784467,1.378046,0.23333333333333006,1471199132745.1675,110,0.23333333333333006,0.17500000000000004,0.0016673611111110652,0.17500000000000004
8.710177771895829,2.75e-08,10.505100059105766,4.5000000000000006e-08,0.4902695,0.4059797,0.8784467,1.378046,0.23333333333333006,1590945757437.5532,111,0.23333333333333495,0.17500000000000004,0.0016673611111111002,0.17500000000000004
8.710177771895829,2.75e-08,6.161937010210118,6.25e-08,0.4902695,0.2768028,0.8784467,1.442634,0.23333333333333006,711861844644.8425,113,0.216666666666665,0.17499999999999993,0.0015482638888888551,0.17500000000000004
8.710177771895829,2.75e-08,12.525783359415387,4.5000000000000006e-08,0.4902695,0.4059797,0.8784467,1.378046,0.23333333333333006,1132107711912.3853,112,0.31666666666667,0.17500000000000004,0.002262847222222215,0.17500000000000004
8.710177771895829,2.75e-08,8.710177771895829,6.25e-08,0.4902695,0.2768028,0.8784467,1.442634,0.23333333333333006,1471199132745.1675,114,0.23333333333333006,0.17499999999999993,0.0016673611111110642,0.17500000000000004
8.710177771895829,2.75e-08,10.505100059105766,6.25e-08,0.4902695,0.2768028,0.8784467,1.442634,0.23333333333333006,1590945757437.5532,115,0.23333333333333495,0.17499999999999993,0.001667361111111099,0.17500000000000004
8.710177771895829,2.75e-08,12.525783359415387,6.25e-08,0.4902695,0.2768028,0.8784467,1.442634,0.23333333333333006,1132107711912.3853,116,0.31666666666667,0.17499999999999993,0.002262847222222214,0.17500000000000004
8.710177771895829,2.75e-08,6.161937010210118,8e-08,0.4902695,0.1926403,0.8784467,1.484715,0.23333333333333006,711861844644.8425,117,0.216666666666665,0.2875,0.0025435763888888344,0.17500000000000004
8.710177771895829,2.75e-08,8.710177771895829,8e-08,0.4902695,0.1926403,0.8784467,1.484715,0.23333333333333006,1471199132745.1675,118,0.23333333333333006,0.2875,0.002739236111111035,0.17500000000000004
8.710177771895829,2.75e-08,10.505100059105766,8e-08,0.4902695,0.1926403,0.8784467,1.484715,0.23333333333333006,1590945757437.5532,119,0.23333333333333495,0.2875,0.0027392361111110925,0.17500000000000004
10.505100059105766,2.75e-08,6.161937010210118,1e-08,0.4902695,0.9140394,0.8784467,1.124016,0.23333333333333495,769803051410.2767,121,0.216666666666665,0.1875,0.0016588541666666657,0.17500000000000004
8.710177771895829,2.75e-08,12.525783359415387,8e-08,0.4902695,0.1926403,0.8784467,1.484715,0.23333333333333006,1132107711912.3853,120,0.31666666666667,0.2875,0.0037175347222222098,0.17500000000000004
10.505100059105766,2.75e-08,8.710177771895829,1e-08,0.4902695,0.9140394,0.8784467,1.124016,0.23333333333333495,1590945757437.5532,122,0.23333333333333006,0.1875,0.001786458333333321,0.17500000000000004
10.505100059105766,2.75e-08,10.505100059105766,1e-08,0.4902695,0.9140394,0.8784467,1.124016,0.23333333333333495,1720439026079.1255,123,0.23333333333333495,0.1875,0.0017864583333333584,0.17500000000000004
10.505100059105766,2.75e-08,12.525783359415387,1e-08,0.4902695,0.9140394,0.8784467,1.124016,0.23333333333333495,1224254365803.3308,124,0.31666666666667,0.1875,0.0024244791666667093,0.17500000000000004
10.505100059105766,2.75e-08,6.161937010210118,2.75e-08,0.4902695,0.6052904,0.8784467,1.27827,0.23333333333333495,769803051410.2767,125,0.216666666666665,0.17500000000000004,0.0015482638888888885,0.17500000000000004
10.505100059105766,2.75e-08,8.710177771895829,2.75e-08,0.4902695,0.6052904,0.8784467,1.27827,0.23333333333333495,1590945757437.5532,126,0.23333333333333006,0.17500000000000004,0.0016673611111111,0.17500000000000004
10.505100059105766,2.75e-08,10.505100059105766,2.75e-08,0.4902695,0.6052904,0.8784467,1.27827,0.23333333333333495,1720439026079.1255,127,0.23333333333333495,0.17500000000000004,0.0016673611111111348,0.17500000000000004
10.505100059105766,2.75e-08,12.525783359415387,2.75e-08,0.4902695,0.6052904,0.8784467,1.27827,0.23333333333333495,1224254365803.3308,128,0.31666666666667,0.17500000000000004,0.0022628472222222624,0.17500000000000004
10.505100059105766,2.75e-08,6.161937010210118,4.5000000000000006e-08,0.4902695,0.4059797,0.8784467,1.378046,0.23333333333333495,769803051410.2767,129,0.216666666666665,0.17500000000000004,0.0015482638888888885,0.17500000000000004
10.505100059105766,2.75e-08,8.710177771895829,4.5000000000000006e-08,0.4902695,0.4059797,0.8784467,1.378046,0.23333333333333495,1590945757437.5532,130,0.23333333333333006,0.17500000000000004,0.0016673611111111,0.17500000000000004
10.505100059105766,2.75e-08,10.505100059105766,4.5000000000000006e-08,0.4902695,0.4059797,0.8784467,1.378046,0.23333333333333495,1720439026079.1255,131,0.23333333333333495,0.17500000000000004,0.0016673611111111348,0.17500000000000004
10.505100059105766,2.75e-08,12.525783359415387,4.5000000000000006e-08,0.4902695,0.4059797,0.8784467,1.378046,0.23333333333333495,1224254365803.3308,132,0.31666666666667,0.17500000000000004,0.0022628472222222624,0.17500000000000004
10.505100059105766,2.75e-08,6.161937010210118,6.25e-08,0.4902695,0.2768028,0.8784467,1.442634,0.23333333333333495,769803051410.2767,133,0.216666666666665,0.17499999999999993,0.0015482638888888874,0.17500000000000004
10.505100059105766,2.75e-08,8.710177771895829,6.25e-08,0.4902695,0.2768028,0.8784467,1.442634,0.23333333333333495,1590945757437.5532,134,0.23333333333333006,0.17499999999999993,0.001667361111111099,0.17500000000000004
10.505100059105766,2.75e-08,10.505100059105766,6.25e-08,0.4902695,0.2768028,0.8784467,1.442634,0.23333333333333495,1720439026079.1255,135,0.23333333333333495,0.17499999999999993,0.001667361111111134,0.17500000000000004
10.505100059105766,2.75e-08,12.525783359415387,6.25e-08,0.4902695,0.2768028,0.8784467,1.442634,0.23333333333333495,1224254365803.3308,136,0.31666666666667,0.17499999999999993,0.002262847222222261,0.17500000000000004
10.505100059105766,2.75e-08,6.161937010210118,8e-08,0.4902695,0.1926403,0.8784467,1.484715,0.23333333333333495,769803051410.2767,137,0.216666666666665,0.2875,0.0025435763888888873,0.17500000000000004
10.505100059105766,2.75e-08,8.710177771895829,8e-08,0.4902695,0.1926403,0.8784467,1.484715,0.23333333333333495,1590945757437.5532,138,0.23333333333333006,0.2875,0.002739236111111092,0.17500000000000004
10.505100059105766,2.75e-08,10.505100059105766,8e-08,0.4902695,0.1926403,0.8784467,1.484715,0.23333333333333495,1720439026079.1255,139,0.23333333333333495,0.2875,0.0027392361111111493,0.17500000000000004
10.505100059105766,2.75e-08,12.525783359415387,8e-08,0.4902695,0.1926403,0.8784467,1.484715,0.23333333333333495,1224254365803.3308,140,0.31666666666667,0.2875,0.0037175347222222874,0.17500000000000004
12.525783359415387,2.75e-08,6.161937010210118,1e-08,0.4902695,0.9140394,0.8784467,1.124016,0.31666666666667,547787356722.2912,141,0.216666666666665,0.1875,0.0022513020833333404,0.17500000000000004
12.525783359415387,2.75e-08,8.710177771895829,1e-08,0.4902695,0.9140394,0.8784467,1.124016,0.31666666666667,1132107711912.3853,142,0.23333333333333006,0.1875,0.0024244791666666586,0.17500000000000004
12.525783359415387,2.75e-08,10.505100059105766,1e-08,0.4902695,0.9140394,0.8784467,1.124016,0.31666666666667,1224254365803.3306,143,0.23333333333333495,0.1875,0.0024244791666667093,0.17500000000000004
12.525783359415387,2.75e-08,12.525783359415387,1e-08,0.4902695,0.9140394,0.8784467,1.124016,0.31666666666667,871172258632.3053,144,0.31666666666667,0.1875,0.0032903645833334033,0.17500000000000004
12.525783359415387,2.75e-08,6.161937010210118,2.75e-08,0.4902695,0.6052896,0.8784467,1.27829,0.31666666666667,547787356722.2912,145,0.216666666666665,0.17500000000000004,0.0021012152777777847,0.17500000000000004
12.525783359415387,2.75e-08,8.710177771895829,2.75e-08,0.4902695,0.6052896,0.8784467,1.27829,0.31666666666667,1132107711912.3853,146,0.23333333333333006,0.17500000000000004,0.002262847222222215,0.17500000000000004
12.525783359415387,2.75e-08,10.505100059105766,2.75e-08,0.4902695,0.6052896,0.8784467,1.27829,0.31666666666667,1224254365803.3306,147,0.23333333333333495,0.17500000000000004,0.002262847222222263,0.17500000000000004
12.525783359415387,2.75e-08,12.525783359415387,2.75e-08,0.4902695,0.6052896,0.8784467,1.27829,0.31666666666667,871172258632.3053,148,0.31666666666667,0.17500000000000004,0.0030710069444445103,0.17500000000000004
12.525783359415387,2.75e-08,6.161937010210118,4.5000000000000006e-08,0.4902695,0.4059797,0.8784467,1.378046,0.31666666666667,547787356722.2912,149,0.216666666666665,0.17500000000000004,0.0021012152777777847,0.17500000000000004
12.525783359415387,2.75e-08,8.710177771895829,4.5000000000000006e-08,0.4902695,0.4059797,0.8784467,1.378046,0.31666666666667,1132107711912.3853,150,0.23333333333333006,0.17500000000000004,0.002262847222222215,0.17500000000000004
12.525783359415387,2.75e-08,10.505100059105766,4.5000000000000006e-08,0.4902695,0.4059797,0.8784467,1.378046,0.31666666666667,1224254365803.3306,151,0.23333333333333495,0.17500000000000004,0.002262847222222263,0.17500000000000004
12.525783359415387,2.75e-08,12.525783359415387,4.5000000000000006e-08,0.4902695,0.4059797,0.8784467,1.378046,0.31666666666667,871172258632.3053,152,0.31666666666667,0.17500000000000004,0.0030710069444445103,0.17500000000000004
12.525783359415387,2.75e-08,6.161937010210118,6.25e-08,0.4902695,0.2768028,0.8784467,1.442634,0.31666666666667,547787356722.2912,153,0.216666666666665,0.17499999999999993,0.0021012152777777834,0.17500000000000004
12.525783359415387,2.75e-08,8.710177771895829,6.25e-08,0.4902695,0.2768028,0.8784467,1.442634,0.31666666666667,1132107711912.3853,154,0.23333333333333006,0.17499999999999993,0.002262847222222214,0.17500000000000004
12.525783359415387,2.75e-08,10.505100059105766,6.25e-08,0.4902695,0.2768028,0.8784467,1.442634,0.31666666666667,1224254365803.3306,155,0.23333333333333495,0.17499999999999993,0.002262847222222261,0.17500000000000004
12.525783359415387,2.75e-08,12.525783359415387,6.25e-08,0.4902695,0.2768028,0.8784467,1.442634,0.31666666666667,871172258632.3053,156,0.31666666666667,0.17499999999999993,0.003071006944444508,0.17500000000000004
12.525783359415387,2.75e-08,6.161937010210118,8e-08,0.4902695,0.1926403,0.8784467,1.484715,0.31666666666667,547787356722.2912,157,0.216666666666665,0.2875,0.003451996527777788,0.17500000000000004
12.525783359415387,2.75e-08,8.710177771895829,8e-08,0.4902695,0.1926403,0.8784467,1.484715,0.31666666666667,1132107711912.3853,158,0.23333333333333006,0.2875,0.0037175347222222098,0.17500000000000004
12.525783359415387,2.75e-08,10.505100059105766,8e-08,0.4902695,0.1926403,0.8784467,1.484715,0.31666666666667,1224254365803.3306,159,0.23333333333333495,0.2875,0.003717534722222288,0.17500000000000004
12.525783359415387,2.75e-08,12.525783359415387,8e-08,0.4902695,0.1926403,0.8784467,1.484715,0.31666666666667,871172258632.3053,160,0.31666666666667,0.2875,0.005045225694444552,0.17500000000000004
6.161937010210118,4.5000000000000006e-08,6.161937010210118,1e-08,0.3114863,0.9140394,0.8784467,1.124016,0.216666666666665,344445068367.86835,161,0.216666666666665,0.1875,0.00154036458333331,0.17500000000000004
6.161937010210118,4.5000000000000006e-08,8.710177771895829,1e-08,0.3114863,0.9140394,0.8784467,1.124016,0.216666666666665,711861844644.8425,162,0.23333333333333006,0.1875,0.0016588541666666312,0.17500000000000004
6.161937010210118,4.5000000000000006e-08,10.505100059105766,1e-08,0.3114863,0.9140394,0.8784467,1.124016,0.216666666666665,769803051410.2767,163,0.23333333333333495,0.1875,0.001658854166666666,0.17500000000000004
6.161937010210118,4.5000000000000006e-08,12.525783359415387,1e-08,0.3114863,0.9140394,0.8784467,1.124016,0.216666666666665,547787356722.29126,164,0.31666666666667,0.1875,0.0022513020833333404,0.17500000000000004
6.161937010210118,4.5000000000000006e-08,6.161937010210118,2.75e-08,0.3114863,0.605285,0.8784467,1.278393,0.216666666666665,344445068367.86835,165,0.216666666666665,0.17500000000000004,0.0014376736111110897,0.17500000000000004
6.161937010210118,4.5000000000000006e-08,8.710177771895829,2.75e-08,0.3114863,0.605285,0.8784467,1.278393,0.216666666666665,711861844644.8425,166,0.23333333333333006,0.17500000000000004,0.001548263888888856,0.17500000000000004
6.161937010210118,4.5000000000000006e-08,10.505100059105766,2.75e-08,0.3114863,0.605285,0.8784467,1.278393,0.216666666666665,769803051410.2767,167,0.23333333333333495,0.17500000000000004,0.0015482638888888883,0.17500000000000004
6.161937010210118,4.5000000000000006e-08,12.525783359415387,2.75e-08,0.3114863,0.605285,0.8784467,1.278393,0.216666666666665,547787356722.29126,168,0.31666666666667,0.17500000000000004,0.0021012152777777847,0.17500000000000004
6.161937010210118,4.5000000000000006e-08,6.161937010210118,4.5000000000000006e-08,0.3114863,0.4059573,0.8784467,1.377928,0.216666666666665,344445068367.86835,169,0.216666666666665,0.17500000000000004,0.0014376736111110897,0.17500000000000004
6.161937010210118,4.5000000000000006e-08,8.710177771895829,4.5000000000000006e-08,0.3114863,0.4059573,0.8784467,1.377928,0.216666666666665,711861844644.8425,170,0.23333333333333006,0.17500000000000004,0.001548263888888856,0.17500000000000004
6.161937010210118,4.5000000000000006e-08,10.505100059105766,4.5000000000000006e-08,0.3114863,0.4059573,0.8784467,1.377928,0.216666666666665,769803051410.2767,171,0.23333333333333495,0.17500000000000004,0.0015482638888888883,0.17500000000000004
6.161937010210118,4.5000000000000006e-08,12.525783359415387,4.5000000000000006e-08,0.3114863,0.4059573,0.8784467,1.377928,0.216666666666665,547787356722.29126,172,0.31666666666667,0.17500000000000004,0.0021012152777777847,0.17500000000000004
6.161937010210118,4.5000000000000006e-08,6.161937010210118,6.25e-08,0.3114863,0.2768028,0.8784467,1.442634,0.216666666666665,344445068367.86835,173,0.216666666666665,0.17499999999999993,0.0014376736111110888,0.17500000000000004
6.161937010210118,4.5000000000000006e-08,8.710177771895829,6.25e-08,0.3114863,0.2768028,0.8784467,1.442634,0.216666666666665,711861844644.8425,174,0.23333333333333006,0.17499999999999993,0.001548263888888855,0.17500000000000004
6.161937010210118,4.5000000000000006e-08,10.505100059105766,6.25e-08,0.3114863,0.2768028,0.8784467,1.442634,0.216666666666665,769803051410.2767,175,0.23333333333333495,0.17499999999999993,0.0015482638888888874,0.17500000000000004
6.161937010210118,4.5000000000000006e-08,12.525783359415387,6.25e-08,0.3114863,0.2768028,0.8784467,1.442634,0.216666666666665,547787356722.29126,176,0.31666666666667,0.17499999999999993,0.002101215277777783,0.17500000000000004
6.161937010210118,4.5000000000000006e-08,6.161937010210118,8e-08,0.3114863,0.1926403,0.8784467,1.484715,0.216666666666665,344445068367.86835,177,0.216666666666665,0.2875,0.0023618923611110755,0.17500000000000004
6.161937010210118,4.5000000000000006e-08,8.710177771895829,8e-08,0.3114863,0.1926403,0.8784467,1.484715,0.216666666666665,711861844644.8425,178,0.23333333333333006,0.2875,0.002543576388888834,0.17500000000000004
6.161937010210118,4.5000000000000006e-08,10.505100059105766,8e-08,0.3114863,0.1926403,0.8784467,1.484715,0.216666666666665,769803051410.2767,179,0.23333333333333495,0.2875,0.0025435763888888873,0.17500000000000004
6.161937010210118,4.5000000000000006e-08,12.525783359415387,8e-08,0.3114863,0.1926403,0.8784467,1.484715,0.216666666666665,547787356722.29126,180,0.31666666666667,0.2875,0.003451996527777788,0.17500000000000004
8.710177771895829,4.5000000000000006e-08,6.161937010210118,1e-08,0.3114863,0.9140394,0.8784467,1.124016,0.23333333333333006,711861844644.8425,181,0.216666666666665,0.1875,0.001658854166666631,0.17500000000000004
8.710177771895829,4.5000000000000006e-08,8.710177771895829,1e-08,0.3114863,0.9140394,0.8784467,1.124016,0.23333333333333006,1471199132745.1675,182,0.23333333333333006,0.1875,0.0017864583333332836,0.17500000000000004
8.710177771895829,4.5000000000000006e-08,10.505100059105766,1e-08,0.3114863,0.9140394,0.8784467,1.124016,0.23333333333333006,1590945757437.5532,183,0.23333333333333495,0.1875,0.001786458333333321,0.17500000000000004
8.710177771895829,4.5000000000000006e-08,12.525783359415387,1e-08,0.3114863,0.9140394,0.8784467,1.124016,0.23333333333333006,1132107711912.3853,184,0.31666666666667,0.1875,0.0024244791666666586,0.17500000000000004
8.710177771895829,4.5000000000000006e-08,6.161937010210118,2.75e-08,0.3114863,0.605285,0.8784467,1.278393,0.23333333333333006,711861844644.8425,185,0.216666666666665,0.17500000000000004,0.0015482638888888562,0.17500000000000004
8.710177771895829,4.5000000000000006e-08,8.710177771895829,2.75e-08,0.3114863,0.605285,0.8784467,1.278393,0.23333333333333006,1471199132745.1675,186,0.23333333333333006,0.17500000000000004,0.0016673611111110652,0.17500000000000004
8.710177771895829,4.5000000000000006e-08,10.505100059105766,2.75e-08,0.3114863,0.605285,0.8784467,1.278393,0.23333333333333006,1590945757437.5532,187,0.23333333333333495,0.17500000000000004,0.0016673611111111002,0.17500000000000004
8.710177771895829,4.5000000000000006e-08,12.525783359415387,2.75e-08,0.3114863,0.605285,0.8784467,1.278393,0.23333333333333006,1132107711912.3853,188,0.31666666666667,0.17500000000000004,0.002262847222222215,0.17500000000000004
8.710177771895829,4.5000000000000006e-08,6.161937010210118,4.5000000000000006e-08,0.3114863,0.4059639,0.8784467,1.377962,0.23333333333333006,711861844644.8425,189,0.216666666666665,0.17500000000000004,0.0015482638888888562,0.17500000000000004
8.710177771895829,4.5000000000000006e-08,8.710177771895829,4.5000000000000006e-08,0.3114863,0.4059639,0.8784467,1.377962,0.23333333333333006,1471199132745.1675,190,0.23333333333333006,0.17500000000000004,0.0016673611111110652,0.17500000000000004
8.710177771895829,4.5000000000000006e-08,10.505100059105766,4.5000000000000006e-08,0.3114863,0.4059639,0.8784467,1.377962,0.23333333333333006,1590945757437.5532,191,0.23333333333333495,0.17500000000000004,0.0016673611111111002,0.17500000000000004
8.710177771895829,4.5000000000000006e-08,12.525783359415387,4.5000000000000006e-08,0.3114863,0.4059639,0.8784467,1.377962,0.23333333333333006,1132107711912.3853,192,0.31666666666667,0.17500000000000004,0.002262847222222215,0.17500000000000004
8.710177771895829,4.5000000000000006e-08,6.161937010210118,6.25e-08,0.3114863,0.2768028,0.8784467,1.442634,0.23333333333333006,711861844644.8425,193,0.216666666666665,0.17499999999999993,0.0015482638888888551,0.17500000000000004
8.710177771895829,4.5000000000000006e-08,8.710177771895829,6.25e-08,0.3114863,0.2768028,0.8784467,1.442634,0.23333333333333006,1471199132745.1675,194,0.23333333333333006,0.17499999999999993,0.0016673611111110642,0.17500000000000004
8.710177771895829,4.5000000000000006e-08,10.505100059105766,6.25e-08,0.3114863,0.2768028,0.8784467,1.442634,0.23333333333333006,1590945757437.5532,195,0.23333333333333495,0.17499999999999993,0.001667361111111099,0.17500000000000004
8.710177771895829,4.5000000000000006e-08,12.525783359415387,6.25e-08,0.3114863,0.2768028,0.8784467,1.442634,0.23333333333333006,1132107711912.3853,196,0.31666666666667,0.17499999999999993,0.002262847222222214,0.17500000000000004
8.710177771895829,4.5000000000000006e-08,6.161937010210118,8e-08,0.3114863,0.1926403,0.8784467,1.484715,0.23333333333333006,711861844644.8425,197,0.216666666666665,0.2875,0.0025435763888888344,0.17500000000000004
8.710177771895829,4.5000000000000006e-08,8.710177771895829,8e-08,0.3114863,0.1926403,0.8784467,1.484715,0.23333333333333006,1471199132745.1675,198,0.23333333333333006,0.2875,0.002739236111111035,0.17500000000000004
8.710177771895829,4.5000000000000006e-08,10.505100059105766,8e-08,0.3114863,0.1926403,0.8784467,1.484715,0.23333333333333006,1590945757437.5532,199,0.23333333333333495,0.2875,0.0027392361111110925,0.17500000000000004
8.710177771895829,4.5000000000000006e-08,12.525783359415387,8e-08,0.3114863,0.1926403,0.8784467,1.484715,0.23333333333333006,1132107711912.3853,200,0.31666666666667,0.2875,0.0037175347222222098,0.17500000000000004
10.505100059105766,4.5000000000000006e-08,6.161937010210118,1e-08,0.3114863,0.9140394,0.8784467,1.124016,0.23333333333333495,769803051410.2767,201,0.216666666666665,0.1875,0.0016588541666666657,0.17500000000000004
10.505100059105766,4.5000000000000006e-08,8.710177771895829,1e-08,0.3114863,0.9140394,0.8784467,1.124016,0.23333333333333495,1590945757437.5532,202,0.23333333333333006,0.1875,0.001786458333333321,0.17500000000000004
10.505100059105766,4.5000000000000006e-08,10.505100059105766,1e-08,0.3114863,0.9140394,0.8784467,1.124016,0.23333333333333495,1720439026079.1255,203,0.23333333333333495,0.1875,0.0017864583333333584,0.17500000000000004
10.505100059105766,4.5000000000000006e-08,12.525783359415387,1e-08,0.3114863,0.9140394,0.8784467,1.124016,0.23333333333333495,1224254365803.3308,204,0.31666666666667,0.1875,0.0024244791666667093,0.17500000000000004
10.505100059105766,4.5000000000000006e-08,6.161937010210118,2.75e-08,0.3114863,0.605285,0.8784467,1.278393,0.23333333333333495,769803051410.2767,205,0.216666666666665,0.17500000000000004,0.0015482638888888885,0.17500000000000004
10.505100059105766,4.5000000000000006e-08,8.710177771895829,2.75e-08,0.3114863,0.605285,0.8784467,1.278393,0.23333333333333495,1590945757437.5532,206,0.23333333333333006,0.17500000000000004,0.0016673611111111,0.17500000000000004
10.505100059105766,4.5000000000000006e-08,10.505100059105766,2.75e-08,0.3114863,0.605285,0.8784467,1.278393,0.23333333333333495,1720439026079.1255,207,0.23333333333333495,0.17500000000000004,0.0016673611111111348,0.17500000000000004
10.505100059105766,4.5000000000000006e-08,12.525783359415387,2.75e-08,0.3114863,0.605285,0.8784467,1.278393,0.23333333333333495,1224254365803.3308,208,0.31666666666667,0.17500000000000004,0.0022628472222222624,0.17500000000000004
10.505100059105766,4.5000000000000006e-08,6.161937010210118,4.5000000000000006e-08,0.3114863,0.4059666,0.8784467,1.377977,0.23333333333333495,769803051410.2767,209,0.216666666666665,0.17500000000000004,0.0015482638888888885,0.17500000000000004
10.505100059105766,4.5000000000000006e-08,8.710177771895829,4.5000000000000006e-08,0.3114863,0.4059666,0.8784467,1.377977,0.23333333333333495,1590945757437.5532,210,0.23333333333333006,0.17500000000000004,0.0016673611111111,0.17500000000000004
10.505100059105766,4.5000000000000006e-08,10.505100059105766,4.5000000000000006e-08,0.3114863,0.4059666,0.8784467,1.377977,0.23333333333333495,1720439026079.1255,211,0.23333333333333495,0.17500000000000004,0.0016673611111111348,0.17500000000000004
10.505100059105766,4.5000000000000006e-08,12.525783359415387,4.5000000000000006e-08,0.3114863,0.4059666,0.8784467,1.377977,0.23333333333333495,1224254365803.3308,212,0.31666666666667,0.17500000000000004,0.0022628472222222624,0.17500000000000004
10.505100059105766,4.5000000000000006e-08,6.161937010210118,6.25e-08,0.3114863,0.2768028,0.8784467,1.442634,0.23333333333333495,769803051410.2767,213,0.216666666666665,0.17499999999999993,0.0015482638888888874,0.17500000000000004
10.505100059105766,4.5000000000000006e-08,8.710177771895829,6.25e-08,0.3114863,0.2768028,0.8784467,1.442634,0.23333333333333495,1590945757437.5532,214,0.23333333333333006,0.17499999999999993,0.001667361111111099,0.17500000000000004
10.505100059105766,4.5000000000000006e-08,10.505100059105766,6.25e-08,0.3114863,0.2768028,0.8784467,1.442634,0.23333333333333495,1720439026079.1255,215,0.23333333333333495,0.17499999999999993,0.001667361111111134,0.17500000000000004
10.505100059105766,4.5000000000000006e-08,12.525783359415387,6.25e-08,0.3114863,0.2768028,0.8784467,1.442634,0.23333333333333495,1224254365803.3308,216,0.31666666666667,0.17499999999999993,0.002262847222222261,0.17500000000000004
10.505100059105766,4.5000000000000006e-08,6.161937010210118,8e-08,0.3114863,0.1926403,0.8784467,1.484715,0.23333333333333495,769803051410.2767,217,0.216666666666665,0.2875,0.0025435763888888873,0.17500000000000004
10.505100059105766,4.5000000000000006e-08,8.710177771895829,8e-08,0.3114863,0.1926403,0.8784467,1.484715,0.23333333333333495,1590945757437.5532,218,0.23333333333333006,0.2875,0.002739236111111092,0.17500000000000004
10.505100059105766,4.5000000000000006e-08,10.505100059105766,8e-08,0.3114863,0.1926403,0.8784467,1.484715,0.23333333333333495,1720439026079.1255,219,0.23333333333333495,0.2875,0.0027392361111111493,0.17500000000000004
10.505100059105766,4.5000000000000006e-08,12.525783359415387,8e-08,0.3114863,0.1926403,0.8784467,1.484715,0.23333333333333495,1224254365803.3308,220,0.31666666666667,0.2875,0.0037175347222222874,0.17500000000000004
12.525783359415387,4.5000000000000006e-08,6.161937010210118,1e-08,0.3114863,0.9140394,0.8784467,1.124016,0.31666666666667,547787356722.2912,221,0.216666666666665,0.1875,0.0022513020833333404,0.17500000000000004
12.525783359415387,4.5000000000000006e-08,8.710177771895829,1e-08,0.3114863,0.9140394,0.8784467,1.124016,0.31666666666667,1132107711912.3853,222,0.23333333333333006,0.1875,0.0024244791666666586,0.17500000000000004
12.525783359415387,4.5000000000000006e-08,10.505100059105766,1e-08,0.3114863,0.9140394,0.8784467,1.124016,0.31666666666667,1224254365803.3306,223,0.23333333333333495,0.1875,0.0024244791666667093,0.17500000000000004
12.525783359415387,4.5000000000000006e-08,12.525783359415387,1e-08,0.3114863,0.9140394,0.8784467,1.124016,0.31666666666667,871172258632.3053,224,0.31666666666667,0.1875,0.0032903645833334033,0.17500000000000004
12.525783359415387,4.5000000000000006e-08,6.161937010210118,2.75e-08,0.3114863,0.605285,0.8784467,1.278393,0.31666666666667,547787356722.2912,225,0.216666666666665,0.17500000000000004,0.0021012152777777847,0.17500000000000004
12.525783359415387,4.5000000000000006e-08,8.710177771895829,2.75e-08,0.3114863,0.605285,0.8784467,1.278393,0.31666666666667,1132107711912.3853,226,0.23333333333333006,0.17500000000000004,0.002262847222222215,0.17500000000000004
12.525783359415387,4.5000000000000006e-08,10.505100059105766,2.75e-08,0.3114863,0.605285,0.8784467,1.278393,0.31666666666667,1224254365803.3306,227,0.23333333333333495,0.17500000000000004,0.002262847222222263,0.17500000000000004
12.525783359415387,4.5000000000000006e-08,12.525783359415387,2.75e-08,0.3114863,0.605285,0.8784467,1.278393,0.31666666666667,871172258632.3053,228,0.31666666666667,0.17500000000000004,0.0030710069444445103,0.17500000000000004
12.525783359415387,4.5000000000000006e-08,6.161937010210118,4.5000000000000006e-08,0.3114863,0.4059687,0.8784467,1.377988,0.31666666666667,547787356722.2912,229,0.216666666666665,0.17500000000000004,0.0021012152777777847,0.17500000000000004
12.525783359415387,4.5000000000000006e-08,8.710177771895829,4.5000000000000006e-08,0.3114863,0.4059687,0.8784467,1.377988,0.31666666666667,1132107711912.3853,230,0.23333333333333006,0.17500000000000004,0.002262847222222215,0.17500000000000004
12.525783359415387,4.5000000000000006e-08,10.505100059105766,4.5000000000000006e-08,0.3114863,0.4059687,0.8784467,1.377988,0.31666666666667,1224254365803.3306,231,0.23333333333333495,0.17500000000000004,0.002262847222222263,0.17500000000000004
12.525783359415387,4.5000000000000006e-08,12.525783359415387,4.5000000000000006e-08,0.3114863,0.4059687,0.8784467,1.377988,0.31666666666667,871172258632.3053,232,0.31666666666667,0.17500000000000004,0.0030710069444445103,0.17500000000000004
12.525783359415387,4.5000000000000006e-08,6.161937010210118,6.25e-08,0.3114863,0.2768028,0.8784467,1.442634,0.31666666666667,547787356722.2912,233,0.216666666666665,0.17499999999999993,0.0021012152777777834,0.17500000000000004
12.525783359415387,4.5000000000000006e-08,8.710177771895829,6.25e-08,0.3114863,0.2768028,0.8784467,1.442634,0.31666666666667,1132107711912.3853,234,0.23333333333333006,0.17499999999999993,0.002262847222222214,0.17500000000000004
12.525783359415387,4.5000000000000006e-08,10.505100059105766,6.25e-08,0.3114863,0.2768028,0.8784467,1.442634,0.31666666666667,1224254365803.3306,235,0.23333333333333495,0.17499999999999993,0.002262847222222261,0.17500000000000004
12.525783359415387,4.5000000000000006e-08,12.525783359415387,6.25e-08,0.3114863,0.2768028,0.8784467,1.442634,0.31666666666667,871172258632.3053,236,0.31666666666667,0.17499999999999993,0.003071006944444508,0.17500000000000004
12.525783359415387,4.5000000000000006e-08,6.161937010210118,8e-08,0.3114863,0.1926403,0.8784467,1.484715,0.31666666666667,547787356722.2912,237,0.216666666666665,0.2875,0.003451996527777788,0.17500000000000004
12.525783359415387,4.5000000000000006e-08,8.710177771895829,8e-08,0.3114863,0.1926403,0.8784467,1.484715,0.31666666666667,1132107711912.3853,238,0.23333333333333006,0.2875,0.0037175347222222098,0.17500000000000004
12.525783359415387,4.5000000000000006e-08,10.505100059105766,8e-08,0.3114863,0.1926403,0.8784467,1.484715,0.31666666666667,1224254365803.3306,239,0.23333333333333495,0.2875,0.003717534722222288,0.17500000000000004
12.525783359415387,4.5000000000000006e-08,12.525783359415387,8e-08,0.3114863,0.1926403,0.8784467,1.484715,0.31666666666667,871172258632.3053,240,0.31666666666667,0.2875,0.005045225694444552,0.17500000000000004
6.161937010210118,6.25e-08,6.161937010210118,1e-08,0.1978987,0.9140394,0.8784467,1.124016,0.216666666666665,344445068367.86835,241,0.216666666666665,0.1875,0.0015403645833333092,0.17499999999999993
6.161937010210118,6.25e-08,8.710177771895829,1e-08,0.1978987,0.9140394,0.8784467,1.124016,0.216666666666665,711861844644.8425,242,0.23333333333333006,0.1875,0.0016588541666666301,0.17499999999999993
6.161937010210118,6.25e-08,10.505100059105766,1e-08,0.1978987,0.9140394,0.8784467,1.124016,0.216666666666665,769803051410.2767,243,0.23333333333333495,0.1875,0.0016588541666666648,0.17499999999999993
6.161937010210118,6.25e-08,12.525783359415387,1e-08,0.1978987,0.9140394,0.8784467,1.124016,0.216666666666665,547787356722.29126,244,0.31666666666667,0.1875,0.0022513020833333387,0.17499999999999993
6.161937010210118,6.25e-08,6.161937010210118,2.75e-08,0.1978987,0.605285,0.8784467,1.278393,0.216666666666665,344445068367.86835,245,0.216666666666665,0.17500000000000004,0.001437673611111089,0.17499999999999993
6.161937010210118,6.25e-08,8.710177771895829,2.75e-08,0.1978987,0.605285,0.8784467,1.278393,0.216666666666665,711861844644.8425,246,0.23333333333333006,0.17500000000000004,0.0015482638888888551,0.17499999999999993
6.161937010210118,6.25e-08,10.505100059105766,2.75e-08,0.1978987,0.605285,0.8784467,1.278393,0.216666666666665,769803051410.2767,247,0.23333333333333495,0.17500000000000004,0.0015482638888888877,0.17499999999999993
6.161937010210118,6.25e-08,12.525783359415387,2.75e-08,0.1978987,0.605285,0.8784467,1.278393,0.216666666666665,547787356722.29126,248,0.31666666666667,0.17500000000000004,0.0021012152777777834,0.17499999999999993
6.161937010210118,6.25e-08,6.161937010210118,4.5000000000000006e-08,0.1978987,0.4059797,0.8784467,1.378046,0.216666666666665,344445068367.86835,249,0.216666666666665,0.17500000000000004,0.001437673611111089,0.17499999999999993
6.161937010210118,6.25e-08,8.710177771895829,4.5000000000000006e-08,0.1978987,0.4059797,0.8784467,1.378046,0.216666666666665,711861844644.8425,250,0.23333333333333006,0.17500000000000004,0.0015482638888888551,0.17499999999999993
6.161937010210118,6.25e-08,10.505100059105766,4.5000000000000006e-08,0.1978987,0.4059797,0.8784467,1.378046,0.216666666666665,769803051410.2767,251,0.23333333333333495,0.17500000000000004,0.0015482638888888877,0.17499999999999993
6.161937010210118,6.25e-08,12.525783359415387,4.5000000000000006e-08,0.1978987,0.4059797,0.8784467,1.378046,0.216666666666665,547787356722.29126,252,0.31666666666667,0.17500000000000004,0.0021012152777777834,0.17499999999999993
6.161937010210118,6.25e-08,6.161937010210118,6.25e-08,0.1978987,0.2768074,0.8784467,1.442908,0.216666666666665,344445068367.86835,253,0.216666666666665,0.17499999999999993,0.001437673611111088,0.17499999999999993
6.161937010210118,6.25e-08,8.710177771895829,6.25e-08,0.1978987,0.2768074,0.8784467,1.442908,0.216666666666665,711861844644.8425,254,0.23333333333333006,0.17499999999999993,0.001548263888888854,0.17499999999999993
6.161937010210118,6.25e-08,10.505100059105766,6.25e-08,0.1978987,0.2768074,0.8784467,1.442908,0.216666666666665,769803051410.2767,255,0.23333333333333495,0.17499999999999993,0.0015482638888888866,0.17499999999999993
6.161937010210118,6.25e-08,12.525783359415387,6.25e-08,0.1978987,0.2768074,0.8784467,1.442908,0.216666666666665,547787356722.29126,256,0.31666666666667,0.17499999999999993,0.002101215277777782,0.17499999999999993
6.161937010210118,6.25e-08,6.161937010210118,8e-08,0.1978987,0.1926403,0.8784467,1.484715,0.216666666666665,344445068367.86835,257,0.216666666666665,0.2875,0.0023618923611110738,0.17499999999999993
6.161937010210118,6.25e-08,8.710177771895829,8e-08,0.1978987,0.1926403,0.8784467,1.484715,0.216666666666665,711861844644.8425,258,0.23333333333333006,0.2875,0.0025435763888888327,0.17499999999999993
6.161937010210118,6.25e-08,10.505100059105766,8e-08,0.1978987,0.1926403,0.8784467,1.484715,0.216666666666665,769803051410.2767,259,0.23333333333333495,0.2875,0.0025435763888888856,0.17499999999999993
6.161937010210118,6.25e-08,12.525783359415387,8e-08,0.1978987,0.1926403,0.8784467,1.484715,0.216666666666665,547787356722.29126,260,0.31666666666667,0.2875,0.003451996527777786,0.17499999999999993
8.710177771895829,6.25e-08,6.161937010210118,1e-08,0.1978987,0.9140394,0.8784467,1.124016,0.23333333333333006,711861844644.8425,261,0.216666666666665,0.1875,0.00165885416666663,0.17499999999999993
8.710177771895829,6.25e-08,8.710177771895829,1e-08,0.1978987,0.9140394,0.8784467,1.124016,0.23333333333333006,1471199132745.1675,262,0.23333333333333006,0.1875,0.0017864583333332823,0.17499999999999993
8.710177771895829,6.25e-08,10.505100059105766,1e-08,0.1978987,0.9140394,0.8784467,1.124016,0.23333333333333006,1590945757437.5532,263,0.23333333333333495,0.1875,0.0017864583333333198,0.17499999999999993
8.710177771895829,6.25e-08,12.525783359415387,1e-08,0.1978987,0.9140394,0.8784467,1.124016,0.23333333333333006,1132107711912.3853,264,0.31666666666667,0.1875,0.002424479166666657,0.17499999999999993
8.710177771895829,6.25e-08,6.161937010210118,2.75e-08,0.1978987,0.605285,0.8784467,1.278393,0.23333333333333006,711861844644.8425,265,0.216666666666665,0.17500000000000004,0.001548263888888855,0.17499999999999993
8.710177771895829,6.25e-08,8.710177771895829,2.75e-08,0.1978987,0.605285,0.8784467,1.278393,0.23333333333333006,1471199132745.1675,266,0.23333333333333006,0.17500000000000004,0.001667361111111064,0.17499999999999993
8.710177771895829,6.25e-08,10.505100059105766,2.75e-08,0.1978987,0.605285,0.8784467,1.278393,0.23333333333333006,1590945757437.5532,267,0.23333333333333495,0.17500000000000004,0.0016673611111110989,0.17499999999999993
8.710177771895829,6.25e-08,12.525783359415387,2.75e-08,0.1978987,0.605285,0.8784467,1.278393,0.23333333333333006,1132107711912.3853,268,0.31666666666667,0.17500000000000004,0.002262847222222214,0.17499999999999993
8.710177771895829,6.25e-08,6.161937010210118,4.5000000000000006e-08,0.1978987,0.4059797,0.8784467,1.378046,0.23333333333333006,711861844644.8425,269,0.216666666666665,0.17500000000000004,0.001548263888888855,0.17499999999999993
8.710177771895829,6.25e-08,8.710177771895829,4.5000000000000006e-08,0.1978987,0.4059797,0.8784467,1.378046,0.23333333333333006,1471199132745.1675,270,0.23333333333333006,0.17500000000000004,0.001667361111111064,0.17499999999999993
8.710177771895829,6.25e-08,10.505100059105766,4.5000000000000006e-08,0.1978987,0.4059797,0.8784467,1.378046,0.23333333333333006,1590945757437.5532,271,0.23333333333333495,0.17500000000000004,0.0016673611111110989,0.17499999999999993
8.710177771895829,6.25e-08,12.525783359415387,4.5000000000000006e-08,0.1978987,0.4059797,0.8784467,1.378046,0.23333333333333006,1132107711912.3853,272,0.31666666666667,0.17500000000000004,0.002262847222222214,0.17499999999999993
8.710177771895829,6.25e-08,6.161937010210118,6.25e-08,0.1978987,0.2768061,0.8784467,1.442828,0.23333333333333006,711861844644.8425,273,0.216666666666665,0.17499999999999993,0.001548263888888854,0.17499999999999993
8.710177771895829,6.25e-08,8.710177771895829,6.25e-08,0.1978987,0.2768061,0.8784467,1.442828,0.23333333333333006,1471199132745.1675,274,0.23333333333333006,0.17499999999999993,0.001667361111111063,0.17499999999999993
8.710177771895829,6.25e-08,10.505100059105766,6.25e-08,0.1978987,0.2768061,0.8784467,1.442828,0.23333333333333006,1590945757437.5532,275,0.23333333333333495,0.17499999999999993,0.001667361111111098,0.17499999999999993
8.710177771895829,6.25e-08,12.525783359415387,6.25e-08,0.1978987,0.2768061,0.8784467,1.442828,0.23333333333333006,1132107711912.3853,276,0.31666666666667,0.17499999999999993,0.002262847222222212,0.17499999999999993
8.710177771895829,6.25e-08,6.161937010210118,8e-08,0.1978987,0.1926403,0.8784467,1.484715,0.23333333333333006,711861844644.8425,277,0.216666666666665,0.2875,0.0025435763888888327,0.17499999999999993
8.710177771895829,6.25e-08,8.710177771895829,8e-08,0.1978987,0.1926403,0.8784467,1.484715,0.23333333333333006,1471199132745.1675,278,0.23333333333333006,0.2875,0.002739236111111033,0.17499999999999993
8.710177771895829,6.25e-08,10.505100059105766,8e-08,0.1978987,0.1926403,0.8784467,1.484715,0.23333333333333006,1590945757437.5532,279,0.23333333333333495,0.2875,0.0027392361111110903,0.17499999999999993
8.710177771895829,6.25e-08,12.525783359415387,8e-08,0.1978987,0.1926403,0.8784467,1.484715,0.23333333333333006,1132107711912.3853,280,0.31666666666667,0.2875,0.003717534722222207,0.17499999999999993
10.505100059105766,6.25e-08,6.161937010210118,1e-08,0.1978987,0.9140394,0.8784467,1.124016,0.23333333333333495,769803051410.2767,281,0.216666666666665,0.1875,0.0016588541666666648,0.17499999999999993
10.505100059105766,6.25e-08,8.710177771895829,1e-08,0.1978987,0.9140394,0.8784467,1.124016,0.23333333333333495,1590945757437.5532,282,0.23333333333333006,0.1875,0.00178645833333332,0.17499999999999993
10.505100059105766,6.25e-08,10.505100059105766,1e-08,0.1978987,0.9140394,0.8784467,1.124016,0.23333333333333495,1720439026079.1255,283,0.23333333333333495,0.1875,0.0017864583333333573,0.17499999999999993
10.505100059105766,6.25e-08,12.525783359415387,1e-08,0.1978987,0.9140394,0.8784467,1.124016,0.23333333333333495,1224254365803.3308,284,0.31666666666667,0.1875,0.002424479166666708,0.17499999999999993
10.505100059105766,6.25e-08,6.161937010210118,2.75e-08,0.1978987,0.605285,0.8784467,1.278393,0.23333333333333495,769803051410.2767,285,0.216666666666665,0.17500000000000004,0.0015482638888888877,0.17499999999999993
10.505100059105766,6.25e-08,8.710177771895829,2.75e-08,0.1978987,0.605285,0.8784467,1.278393,0.23333333333333495,1590945757437.5532,286,0.23333333333333006,0.17500000000000004,0.0016673611111110993,0.17499999999999993
10.505100059105766,6.25e-08,10.505100059105766,2.75e-08,0.1978987,0.605285,0.8784467,1.278393,0.23333333333333495,1720439026079.1255,287,0.23333333333333495,0.17500000000000004,0.0016673611111111342,0.17499999999999993
10.505100059105766,6.25e-08,12.525783359415387,2.75e-08,0.1978987,0.605285,0.8784467,1.278393,0.23333333333333495,1224254365803.3308,288,0.31666666666667,0.17500000000000004,0.0022628472222222615,0.17499999999999993
10.505100059105766,6.25e-08,6.161937010210118,4.5000000000000006e-08,0.1978987,0.4059797,0.8784467,1.378046,0.23333333333333495,769803051410.2767,289,0.216666666666665,0.17500000000000004,0.0015482638888888877,0.17499999999999993
10.505100059105766,6.25e-08,8.710177771895829,4.5000000000000006e-08,0.1978987,0.4059797,0.8784467,1.378046,0.23333333333333495,1590945757437.5532,290,0.23333333333333006,0.17500000000000004,0.0016673611111110993,0.17499999999999993
10.505100059105766,6.25e-08,10.505100059105766,4.5000000000000006e-08,0.1978987,0.4059797,0.8784467,1.378046,0.23333333333333495,1720439026079.1255,291,0.23333333333333495,0.17500000000000004,0.0016673611111111342,0.17499999999999993
10.505100059105766,6.25e-08,12.525783359415387,4.5000000000000006e-08,0.1978987,0.4059797,0.8784467,1.378046,0.23333333333333495,1224254365803.3308,292,0.31666666666667,0.17500000000000004,0.0022628472222222615,0.17499999999999993
10.505100059105766,6.25e-08,6.161937010210118,6.25e-08,0.1978987,0.2768055,0.8784467,1.442795,0.23333333333333495,769803051410.2767,293,0.216666666666665,0.17499999999999993,0.0015482638888888868,0.17499999999999993
10.505100059105766,6.25e-08,8.710177771895829,6.25e-08,0.1978987,0.2768055,0.8784467,1.442795,0.23333333333333495,1590945757437.5532,294,0.23333333333333006,0.17499999999999993,0.0016673611111110982,0.17499999999999993
10.505100059105766,6.25e-08,10.505100059105766,6.25e-08,0.1978987,0.2768055,0.8784467,1.442795,0.23333333333333495,1720439026079.1255,295,0.23333333333333495,0.17499999999999993,0.0016673611111111331,0.17499999999999993
10.505100059105766,6.25e-08,12.525783359415387,6.25e-08,0.1978987,0.2768055,0.8784467,1.442795,0.23333333333333495,1224254365803.3308,296,0.31666666666667,0.17499999999999993,0.0022628472222222602,0.17499999999999993
10.505100059105766,6.25e-08,6.161937010210118,8e-08,0.1978987,0.1926403,0.8784467,1.484715,0.23333333333333495,769803051410.2767,297,0.216666666666665,0.2875,0.002543576388888886,0.17499999999999993
10.505100059105766,6.25e-08,8.710177771895829,8e-08,0.1978987,0.1926403,0.8784467,1.484715,0.23333333333333495,1590945757437.5532,298,0.23333333333333006,0.2875,0.0027392361111110907,0.17499999999999993
10.505100059105766,6.25e-08,10.505100059105766,8e-08,0.1978987,0.1926403,0.8784467,1.484715,0.23333333333333495,1720439026079.1255,299,0.23333333333333495,0.2875,0.002739236111111148,0.17499999999999993
10.505100059105766,6.25e-08,12.525783359415387,8e-08,0.1978987,0.1926403,0.8784467,1.484715,0.23333333333333495,1224254365803.3308,300,0.31666666666667,0.2875,0.0037175347222222857,0.17499999999999993
12.525783359415387,6.25e-08,6.161937010210118,1e-08,0.1978987,0.9140394,0.8784467,1.124016,0.31666666666667,547787356722.2912,301,0.216666666666665,0.1875,0.0022513020833333387,0.17499999999999993
12.525783359415387,6.25e-08,8.710177771895829,1e-08,0.1978987,0.9140394,0.8784467,1.124016,0.31666666666667,1132107711912.3853,302,0.23333333333333006,0.1875,0.0024244791666666573,0.17499999999999993
12.525783359415387,6.25e-08,10.505100059105766,1e-08,0.1978987,0.9140394,0.8784467,1.124016,0.31666666666667,1224254365803.3306,303,0.23333333333333495,0.1875,0.002424479166666708,0.17499999999999993
12.525783359415387,6.25e-08,12.525783359415387,1e-08,0.1978987,0.9140394,0.8784467,1.124016,0.31666666666667,871172258632.3053,304,0.31666666666667,0.1875,0.0032903645833334007,0.17499999999999993
12.525783359415387,6.25e-08,6.161937010210118,2.75e-08,0.1978987,0.605285,0.8784467,1.278393,0.31666666666667,547787356722.2912,305,0.216666666666665,0.17500000000000004,0.0021012152777777834,0.17499999999999993
12.525783359415387,6.25e-08,8.710177771895829,2.75e-08,0.1978987,0.605285,0.8784467,1.278393,0.31666666666667,1132107711912.3853,306,0.23333333333333006,0.17500000000000004,0.002262847222222214,0.17499999999999993
12.525783359415387,6.25e-08,10.505100059105766,2.75e-08,0.1978987,0.605285,0.8784467,1.278393,0.31666666666667,1224254365803.3306,307,0.23333333333333495,0.17500000000000004,0.002262847222222261,0.17499999999999993
12.525783359415387,6.25e-08,12.525783359415387,2.75e-08,0.1978987,0.605285,0.8784467,1.278393,0.31666666666667,871172258632.3053,308,0.31666666666667,0.17500000000000004,0.003071006944444508,0.17499999999999993
12.525783359415387,6.25e-08,6.161937010210118,4.5000000000000006e-08,0.1978987,0.4059797,0.8784467,1.378046,0.31666666666667,547787356722.2912,309,0.216666666666665,0.17500000000000004,0.0021012152777777834,0.17499999999999993
12.525783359415387,6.25e-08,8.710177771895829,4.5000000000000006e-08,0.1978987,0.4059797,0.8784467,1.378046,0.31666666666667,1132107711912.3853,310,0.23333333333333006,0.17500000000000004,0.002262847222222214,0.17499999999999993
12.525783359415387,6.25e-08,10.505100059105766,4.5000000000000006e-08,0.1978987,0.4059797,0.8784467,1.378046,0.31666666666667,1224254365803.3306,311,0.23333333333333495,0.17500000000000004,0.002262847222222261,0.17499999999999993
12.525783359415387,6.25e-08,12.525783359415387,4.5000000000000006e-08,0.1978987,0.4059797,0.8784467,1.378046,0.31666666666667,871172258632.3053,312,0.31666666666667,0.17500000000000004,0.003071006944444508,0.17499999999999993
12.525783359415387,6.25e-08,6.161937010210118,6.25e-08,0.1978987,0.2768051,0.8784467,1.442769,0.31666666666667,547787356722.2912,313,0.216666666666665,0.17499999999999993,0.002101215277777782,0.17499999999999993
12.525783359415387,6.25e-08,8.710177771895829,6.25e-08,0.1978987,0.2768051,0.8784467,1.442769,0.31666666666667,1132107711912.3853,314,0.23333333333333006,0.17499999999999993,0.0022628472222222125,0.17499999999999993
12.525783359415387,6.25e-08,10.505100059105766,6.25e-08,0.1978987,0.2768051,0.8784467,1.442769,0.31666666666667,1224254365803.3306,315,0.23333333333333495,0.17499999999999993,0.00226284722222226,0.17499999999999993
12.525783359415387,6.25e-08,12.525783359415387,6.25e-08,0.1978987,0.2768051,0.8784467,1.442769,0.31666666666667,871172258632.3053,316,0.31666666666667,0.17499999999999993,0.0030710069444445064,0.17499999999999993
12.525783359415387,6.25e-08,6.161937010210118,8e-08,0.1978987,0.1926403,0.8784467,1.484715,0.31666666666667,547787356722.2912,317,0.216666666666665,0.2875,0.003451996527777786,0.17499999999999993
12.525783359415387,6.25e-08,8.710177771895829,8e-08,0.1978987,0.1926403,0.8784467,1.484715,0.31666666666667,1132107711912.3853,318,0.23333333333333006,0.2875,0.0037175347222222076,0.17499999999999993
12.525783359415387,6.25e-08,10.505100059105766,8e-08,0.1978987,0.1926403,0.8784467,1.484715,0.31666666666667,1224254365803.3306,319,0.23333333333333495,0.2875,0.0037175347222222852,0.17499999999999993
12.525783359415387,6.25e-08,12.525783359415387,8e-08,0.1978987,0.1926403,0.8784467,1.484715,0.31666666666667,871172258632.3053,320,0.31666666666667,0.2875,0.005045225694444548,0.17499999999999993
6.161937010210118,8e-08,6.161937010210118,1e-08,0.1257323,0.9140394,0.8784467,1.124016,0.216666666666665,344445068367.86835,321,0.216666666666665,0.1875,0.002530598958333294,0.2875
6.161937010210118,8e-08,8.710177771895829,1e-08,0.1257323,0.9140394,0.8784467,1.124016,0.216666666666665,711861844644.8425,322,0.23333333333333006,0.1875,0.002725260416666607,0.2875
6.161937010210118,8e-08,10.505100059105766,1e-08,0.1257323,0.9140394,0.8784467,1.124016,0.216666666666665,769803051410.2767,323,0.23333333333333495,0.1875,0.0027252604166666645,0.2875
6.161937010210118,8e-08,12.525783359415387,1e-08,0.1257323,0.9140394,0.8784467,1.124016,0.216666666666665,547787356722.29126,324,0.31666666666667,0.1875,0.003698567708333343,0.2875
6.161937010210118,8e-08,6.161937010210118,2.75e-08,0.1257323,0.605285,0.8784467,1.278393,0.216666666666665,344445068367.86835,325,0.216666666666665,0.17500000000000004,0.0023618923611110755,0.2875
6.161937010210118,8e-08,8.710177771895829,2.75e-08,0.1257323,0.605285,0.8784467,1.278393,0.216666666666665,711861844644.8425,326,0.23333333333333006,0.17500000000000004,0.002543576388888834,0.2875
6.161937010210118,8e-08,10.505100059105766,2.75e-08,0.1257323,0.605285,0.8784467,1.278393,0.216666666666665,769803051410.2767,327,0.23333333333333495,0.17500000000000004,0.0025435763888888873,0.2875
6.161937010210118,8e-08,12.525783359415387,2.75e-08,0.1257323,0.605285,0.8784467,1.278393,0.216666666666665,547787356722.29126,328,0.31666666666667,0.17500000000000004,0.003451996527777788,0.2875
6.161937010210118,8e-08,6.161937010210118,4.5000000000000006e-08,0.1257323,0.4059797,0.8784467,1.378046,0.216666666666665,344445068367.86835,329,0.216666666666665,0.17500000000000004,0.0023618923611110755,0.2875
6.161937010210118,8e-08,8.710177771895829,4.5000000000000006e-08,0.1257323,0.4059797,0.8784467,1.378046,0.216666666666665,711861844644.8425,330,0.23333333333333006,0.17500000000000004,0.002543576388888834,0.2875
6.161937010210118,8e-08,10.505100059105766,4.5000000000000006e-08,0.1257323,0.4059797,0.8784467,1.378046,0.216666666666665,769803051410.2767,331,0.23333333333333495,0.17500000000000004,0.0025435763888888873,0.2875
6.161937010210118,8e-08,12.525783359415387,4.5000000000000006e-08,0.1257323,0.4059797,0.8784467,1.378046,0.216666666666665,547787356722.29126,332,0.31666666666667,0.17500000000000004,0.003451996527777788,0.2875
6.161937010210118,8e-08,6.161937010210118,6.25e-08,0.1257323,0.2768028,0.8784467,1.442634,0.216666666666665,344445068367.86835,333,0.216666666666665,0.17499999999999993,0.0023618923611110738,0.2875
6.161937010210118,8e-08,8.710177771895829,6.25e-08,0.1257323,0.2768028,0.8784467,1.442634,0.216666666666665,711861844644.8425,334,0.23333333333333006,0.17499999999999993,0.0025435763888888327,0.2875
6.161937010210118,8e-08,10.505100059105766,6.25e-08,0.1257323,0.2768028,0.8784467,1.442634,0.216666666666665,769803051410.2767,335,0.23333333333333495,0.17499999999999993,0.0025435763888888856,0.2875
6.161937010210118,8e-08,12.525783359415387,6.25e-08,0.1257323,0.2768028,0.8784467,1.442634,0.216666666666665,547787356722.29126,336,0.31666666666667,0.17499999999999993,0.003451996527777786,0.2875
6.161937010210118,8e-08,6.161937010210118,8e-08,0.1257323,0.1926523,0.8784467,1.484639,0.216666666666665,344445068367.86835,337,0.216666666666665,0.2875,0.003880251736111051,0.2875
6.161937010210118,8e-08,8.710177771895829,8e-08,0.1257323,0.1926523,0.8784467,1.484639,0.216666666666665,711861844644.8425,338,0.23333333333333006,0.2875,0.004178732638888798,0.2875
6.161937010210118,8e-08,10.505100059105766,8e-08,0.1257323,0.1926523,0.8784467,1.484639,0.216666666666665,769803051410.2767,339,0.23333333333333495,0.2875,0.004178732638888885,0.2875
6.161937010210118,8e-08,12.525783359415387,8e-08,0.1257323,0.1926523,0.8784467,1.484639,0.216666666666665,547787356722.29126,340,0.31666666666667,0.2875,0.005671137152777793,0.2875
8.710177771895829,8e-08,6.161937010210118,1e-08,0.1257323,0.9140394,0.8784467,1.124016,0.23333333333333006,711861844644.8425,341,0.216666666666665,0.1875,0.002725260416666607,0.2875
8.710177771895829,8e-08,8.710177771895829,1e-08,0.1257323,0.9140394,0.8784467,1.124016,0.23333333333333006,1471199132745.1675,342,0.23333333333333006,0.1875,0.002934895833333251,0.2875
8.710177771895829,8e-08,12.525783359415387,1e-08,0.1257323,0.9140394,0.8784467,1.124016,0.23333333333333006,1132107711912.3853,344,0.31666666666667,0.1875,0.003983072916666652,0.2875
8.710177771895829,8e-08,10.505100059105766,1e-08,0.1257323,0.9140394,0.8784467,1.124016,0.23333333333333006,1590945757437.5532,343,0.23333333333333495,0.1875,0.002934895833333312,0.2875
8.710177771895829,8e-08,6.161937010210118,2.75e-08,0.1257323,0.605285,0.8784467,1.278393,0.23333333333333006,711861844644.8425,345,0.216666666666665,0.17500000000000004,0.002543576388888834,0.2875
8.710177771895829,8e-08,8.710177771895829,2.75e-08,0.1257323,0.605285,0.8784467,1.278393,0.23333333333333006,1471199132745.1675,346,0.23333333333333006,0.17500000000000004,0.0027392361111110344,0.2875
8.710177771895829,8e-08,10.505100059105766,2.75e-08,0.1257323,0.605285,0.8784467,1.278393,0.23333333333333006,1590945757437.5532,347,0.23333333333333495,0.17500000000000004,0.002739236111111092,0.2875
8.710177771895829,8e-08,12.525783359415387,2.75e-08,0.1257323,0.605285,0.8784467,1.278393,0.23333333333333006,1132107711912.3853,348,0.31666666666667,0.17500000000000004,0.0037175347222222093,0.2875
8.710177771895829,8e-08,6.161937010210118,4.5000000000000006e-08,0.1257323,0.4059797,0.8784467,1.378046,0.23333333333333006,711861844644.8425,349,0.216666666666665,0.17500000000000004,0.002543576388888834,0.2875
8.710177771895829,8e-08,8.710177771895829,4.5000000000000006e-08,0.1257323,0.4059797,0.8784467,1.378046,0.23333333333333006,1471199132745.1675,350,0.23333333333333006,0.17500000000000004,0.0027392361111110344,0.2875
8.710177771895829,8e-08,12.525783359415387,4.5000000000000006e-08,0.1257323,0.4059797,0.8784467,1.378046,0.23333333333333006,1132107711912.3853,352,0.31666666666667,0.17500000000000004,0.0037175347222222093,0.2875
8.710177771895829,8e-08,10.505100059105766,4.5000000000000006e-08,0.1257323,0.4059797,0.8784467,1.378046,0.23333333333333006,1590945757437.5532,351,0.23333333333333495,0.17500000000000004,0.002739236111111092,0.2875
8.710177771895829,8e-08,6.161937010210118,6.25e-08,0.1257323,0.2768028,0.8784467,1.442634,0.23333333333333006,711861844644.8425,353,0.216666666666665,0.17499999999999993,0.0025435763888888327,0.2875
8.710177771895829,8e-08,8.710177771895829,6.25e-08,0.1257323,0.2768028,0.8784467,1.442634,0.23333333333333006,1471199132745.1675,354,0.23333333333333006,0.17499999999999993,0.002739236111111033,0.2875
8.710177771895829,8e-08,10.505100059105766,6.25e-08,0.1257323,0.2768028,0.8784467,1.442634,0.23333333333333006,1590945757437.5532,355,0.23333333333333495,0.17499999999999993,0.0027392361111110903,0.2875
8.710177771895829,8e-08,12.525783359415387,6.25e-08,0.1257323,0.2768028,0.8784467,1.442634,0.23333333333333006,1132107711912.3853,356,0.31666666666667,0.17499999999999993,0.003717534722222207,0.2875
8.710177771895829,8e-08,6.161937010210118,8e-08,0.1257323,0.1926488,0.8784467,1.484662,0.23333333333333006,711861844644.8425,357,0.216666666666665,0.2875,0.004178732638888797,0.2875
8.710177771895829,8e-08,8.710177771895829,8e-08,0.1257323,0.1926488,0.8784467,1.484662,0.23333333333333006,1471199132745.1675,358,0.23333333333333006,0.2875,0.0045001736111109835,0.2875
8.710177771895829,8e-08,10.505100059105766,8e-08,0.1257323,0.1926488,0.8784467,1.484662,0.23333333333333006,1590945757437.5532,359,0.23333333333333495,0.2875,0.004500173611111078,0.2875
8.710177771895829,8e-08,12.525783359415387,8e-08,0.1257323,0.1926488,0.8784467,1.484662,0.23333333333333006,1132107711912.3853,360,0.31666666666667,0.2875,0.006107378472222199,0.2875
10.505100059105766,8e-08,6.161937010210118,1e-08,0.1257323,0.9140394,0.8784467,1.124016,0.23333333333333495,769803051410.2767,361,0.216666666666665,0.1875,0.0027252604166666645,0.2875
10.505100059105766,8e-08,8.710177771895829,1e-08,0.1257323,0.9140394,0.8784467,1.124016,0.23333333333333495,1590945757437.5532,362,0.23333333333333006,0.1875,0.0029348958333333124,0.2875
10.505100059105766,8e-08,10.505100059105766,1e-08,0.1257323,0.9140394,0.8784467,1.124016,0.23333333333333495,1720439026079.1255,363,0.23333333333333495,0.1875,0.0029348958333333735,0.2875
10.505100059105766,8e-08,12.525783359415387,1e-08,0.1257323,0.9140394,0.8784467,1.124016,0.23333333333333495,1224254365803.3308,364,0.31666666666667,0.1875,0.003983072916666735,0.2875
10.505100059105766,8e-08,6.161937010210118,2.75e-08,0.1257323,0.605285,0.8784467,1.278393,0.23333333333333495,769803051410.2767,365,0.216666666666665,0.17500000000000004,0.0025435763888888873,0.2875
10.505100059105766,8e-08,8.710177771895829,2.75e-08,0.1257323,0.605285,0.8784467,1.278393,0.23333333333333495,1590945757437.5532,366,0.23333333333333006,0.17500000000000004,0.002739236111111092,0.2875
10.505100059105766,8e-08,10.505100059105766,2.75e-08,0.1257323,0.605285,0.8784467,1.278393,0.23333333333333495,1720439026079.1255,367,0.23333333333333495,0.17500000000000004,0.0027392361111111493,0.2875
10.505100059105766,8e-08,12.525783359415387,2.75e-08,0.1257323,0.605285,0.8784467,1.278393,0.23333333333333495,1224254365803.3308,368,0.31666666666667,0.17500000000000004,0.0037175347222222874,0.2875
10.505100059105766,8e-08,6.161937010210118,4.5000000000000006e-08,0.1257323,0.4059797,0.8784467,1.378046,0.23333333333333495,769803051410.2767,369,0.216666666666665,0.17500000000000004,0.0025435763888888873,0.2875
10.505100059105766,8e-08,8.710177771895829,4.5000000000000006e-08,0.1257323,0.4059797,0.8784467,1.378046,0.23333333333333495,1590945757437.5532,370,0.23333333333333006,0.17500000000000004,0.002739236111111092,0.2875
10.505100059105766,8e-08,10.505100059105766,4.5000000000000006e-08,0.1257323,0.4059797,0.8784467,1.378046,0.23333333333333495,1720439026079.1255,371,0.23333333333333495,0.17500000000000004,0.0027392361111111493,0.2875
10.505100059105766,8e-08,12.525783359415387,4.5000000000000006e-08,0.1257323,0.4059797,0.8784467,1.378046,0.23333333333333495,1224254365803.3308,372,0.31666666666667,0.17500000000000004,0.0037175347222222874,0.2875
10.505100059105766,8e-08,6.161937010210118,6.25e-08,0.1257323,0.2768028,0.8784467,1.442634,0.23333333333333495,769803051410.2767,373,0.216666666666665,0.17499999999999993,0.0025435763888888856,0.2875
10.505100059105766,8e-08,8.710177771895829,6.25e-08,0.1257323,0.2768028,0.8784467,1.442634,0.23333333333333495,1590945757437.5532,374,0.23333333333333006,0.17499999999999993,0.00273923611111109,0.2875
10.505100059105766,8e-08,10.505100059105766,6.25e-08,0.1257323,0.2768028,0.8784467,1.442634,0.23333333333333495,1720439026079.1255,375,0.23333333333333495,0.17499999999999993,0.002739236111111147,0.2875
10.505100059105766,8e-08,12.525783359415387,6.25e-08,0.1257323,0.2768028,0.8784467,1.442634,0.23333333333333495,1224254365803.3308,376,0.31666666666667,0.17499999999999993,0.003717534722222285,0.2875
10.505100059105766,8e-08,6.161937010210118,8e-08,0.1257323,0.1926473,0.8784467,1.484671,0.23333333333333495,769803051410.2767,377,0.216666666666665,0.2875,0.004178732638888885,0.2875
10.505100059105766,8e-08,8.710177771895829,8e-08,0.1257323,0.1926473,0.8784467,1.484671,0.23333333333333495,1590945757437.5532,378,0.23333333333333006,0.2875,0.004500173611111078,0.2875
10.505100059105766,8e-08,10.505100059105766,8e-08,0.1257323,0.1926473,0.8784467,1.484671,0.23333333333333495,1720439026079.1255,379,0.23333333333333495,0.2875,0.004500173611111172,0.2875
10.505100059105766,8e-08,12.525783359415387,8e-08,0.1257323,0.1926473,0.8784467,1.484671,0.23333333333333495,1224254365803.3308,380,0.31666666666667,0.2875,0.0061073784722223265,0.2875
12.525783359415387,8e-08,6.161937010210118,1e-08,0.1257323,0.9140394,0.8784467,1.124016,0.31666666666667,547787356722.2912,381,0.216666666666665,0.1875,0.0036985677083333436,0.2875
12.525783359415387,8e-08,8.710177771895829,1e-08,0.1257323,0.9140394,0.8784467,1.124016,0.31666666666667,1132107711912.3853,382,0.23333333333333006,0.1875,0.003983072916666652,0.2875
12.525783359415387,8e-08,10.505100059105766,1e-08,0.1257323,0.9140394,0.8784467,1.124016,0.31666666666667,1224254365803.3306,383,0.23333333333333495,0.1875,0.003983072916666735,0.2875
12.525783359415387,8e-08,12.525783359415387,1e-08,0.1257323,0.9140394,0.8784467,1.124016,0.31666666666667,871172258632.3053,384,0.31666666666667,0.1875,0.005405598958333446,0.2875
12.525783359415387,8e-08,6.161937010210118,2.75e-08,0.1257323,0.605285,0.8784467,1.278393,0.31666666666667,547787356722.2912,385,0.216666666666665,0.17500000000000004,0.003451996527777788,0.2875
12.525783359415387,8e-08,8.710177771895829,2.75e-08,0.1257323,0.605285,0.8784467,1.278393,0.31666666666667,1132107711912.3853,386,0.23333333333333006,0.17500000000000004,0.0037175347222222098,0.2875
12.525783359415387,8e-08,10.505100059105766,2.75e-08,0.1257323,0.605285,0.8784467,1.278393,0.31666666666667,1224254365803.3306,387,0.23333333333333495,0.17500000000000004,0.003717534722222288,0.2875
12.525783359415387,8e-08,12.525783359415387,2.75e-08,0.1257323,0.605285,0.8784467,1.278393,0.31666666666667,871172258632.3053,388,0.31666666666667,0.17500000000000004,0.005045225694444552,0.2875
12.525783359415387,8e-08,6.161937010210118,4.5000000000000006e-08,0.1257323,0.4059797,0.8784467,1.378046,0.31666666666667,547787356722.2912,389,0.216666666666665,0.17500000000000004,0.003451996527777788,0.2875
12.525783359415387,8e-08,8.710177771895829,4.5000000000000006e-08,0.1257323,0.4059797,0.8784467,1.378046,0.31666666666667,1132107711912.3853,390,0.23333333333333006,0.17500000000000004,0.0037175347222222098,0.2875
12.525783359415387,8e-08,10.505100059105766,4.5000000000000006e-08,0.1257323,0.4059797,0.8784467,1.378046,0.31666666666667,1224254365803.3306,391,0.23333333333333495,0.17500000000000004,0.003717534722222288,0.2875
12.525783359415387,8e-08,12.525783359415387,4.5000000000000006e-08,0.1257323,0.4059797,0.8784467,1.378046,0.31666666666667,871172258632.3053,392,0.31666666666667,0.17500000000000004,0.005045225694444552,0.2875
12.525783359415387,8e-08,6.161937010210118,6.25e-08,0.1257323,0.2768028,0.8784467,1.442634,0.31666666666667,547787356722.2912,393,0.216666666666665,0.17499999999999993,0.003451996527777786,0.2875
12.525783359415387,8e-08,8.710177771895829,6.25e-08,0.1257323,0.2768028,0.8784467,1.442634,0.31666666666667,1132107711912.3853,394,0.23333333333333006,0.17499999999999993,0.0037175347222222076,0.2875
12.525783359415387,8e-08,10.505100059105766,6.25e-08,0.1257323,0.2768028,0.8784467,1.442634,0.31666666666667,1224254365803.3306,395,0.23333333333333495,0.17499999999999993,0.0037175347222222852,0.2875
12.525783359415387,8e-08,12.525783359415387,6.25e-08,0.1257323,0.2768028,0.8784467,1.442634,0.31666666666667,871172258632.3053,396,0.31666666666667,0.17499999999999993,0.005045225694444548,0.2875
12.525783359415387,8e-08,6.161937010210118,8e-08,0.1257323,0.1926462,0.8784467,1.484678,0.31666666666667,547787356722.2912,397,0.216666666666665,0.2875,0.005671137152777793,0.2875
12.525783359415387,8e-08,8.710177771895829,8e-08,0.1257323,0.1926462,0.8784467,1.484678,0.31666666666667,1132107711912.3853,398,0.23333333333333006,0.2875,0.0061073784722222,0.2875
12.525783359415387,8e-08,10.505100059105766,8e-08,0.1257323,0.1926462,0.8784467,1.484678,0.31666666666667,1224254365803.3306,399,0.23333333333333495,0.2875,0.006107378472222327,0.2875
12.525783359415387,8e-08,12.525783359415387,8e-08,0.1257323,0.1926462,0.8784467,1.484678,0.31666666666667,871172258632.3053,400,0.31666666666667,0.2875,0.008288585069444618,0.2875
