Asigma,AdecayConstant,Bsigma,BdecayConstant,A,B,C,D,ProbabilityWeight,ProbabilityWeight-Asigma,ProbabilityWeight-BdecayConstant,ProbabilityWeight-AdecayConstant,ProbabilityWeight-Bsigma,PointProbability,prefix
6.16193701021,1e-08,10.5051000591,1e-08,0.881072116129,0.956874945161,0.937954706452,1.06290493548,0.00177734375,0.216666666667,0.1875,0.1875,0.233333333333,7.6980305141e+11,3
6.16193701021,1e-08,6.16193701021,1e-08,0.881072116129,0.956874945161,0.937954706452,1.06290493548,0.001650390625,0.216666666667,0.1875,0.1875,0.216666666667,3.44445068368e+11,1
6.16193701021,1e-08,8.7101777719,1e-08,0.881072116129,0.956874945161,0.937954706452,1.06290493548,0.00177734375,0.216666666667,0.1875,0.1875,0.233333333333,7.11861844645e+11,2
6.16193701021,1e-08,12.5257833594,1e-08,0.881072116129,0.956874945161,0.937954706452,1.06290493548,0.002412109375,0.216666666667,0.1875,0.1875,0.316666666667,5.47787356722e+11,4
6.16193701021,1e-08,6.16193701021,2.75e-08,0.881072116129,0.781842612903,0.937954706452,1.15044222581,0.00154036458333,0.216666666667,0.175,0.1875,0.216666666667,3.44445068368e+11,5
6.16193701021,1e-08,10.5051000591,2.75e-08,0.881072116129,0.781842612903,0.937954706452,1.15044222581,0.00165885416667,0.216666666667,0.175,0.1875,0.233333333333,7.6980305141e+11,7
6.16193701021,1e-08,12.5257833594,2.75e-08,0.881072116129,0.781842612903,0.937954706452,1.15044222581,0.00225130208333,0.216666666667,0.175,0.1875,0.316666666667,5.47787356722e+11,8
6.16193701021,1e-08,8.7101777719,2.75e-08,0.881072116129,0.781842612903,0.937954706452,1.15044222581,0.00165885416667,0.216666666667,0.175,0.1875,0.233333333333,7.11861844645e+11,6
6.16193701021,1e-08,6.16193701021,4.5e-08,0.881072116129,0.650053203226,0.937954706452,1.21633696774,0.00154036458333,0.216666666667,0.175,0.1875,0.216666666667,3.44445068368e+11,9
6.16193701021,1e-08,8.7101777719,4.5e-08,0.881072116129,0.650053203226,0.937954706452,1.21633696774,0.00165885416667,0.216666666667,0.175,0.1875,0.233333333333,7.11861844645e+11,10
6.16193701021,1e-08,10.5051000591,4.5e-08,0.881072116129,0.650053203226,0.937954706452,1.21633696774,0.00165885416667,0.216666666667,0.175,0.1875,0.233333333333,7.6980305141e+11,11
6.16193701021,1e-08,12.5257833594,4.5e-08,0.881072116129,0.650053203226,0.937954706452,1.21633696774,0.00225130208333,0.216666666667,0.175,0.1875,0.316666666667,5.47787356722e+11,12
6.16193701021,1e-08,6.16193701021,6.25e-08,0.881072116129,0.549530732258,0.937954706452,1.26659809677,0.00154036458333,0.216666666667,0.175,0.1875,0.216666666667,3.44445068368e+11,13
6.16193701021,1e-08,8.7101777719,6.25e-08,0.881072116129,0.549530732258,0.937954706452,1.26659809677,0.00165885416667,0.216666666667,0.175,0.1875,0.233333333333,7.11861844645e+11,14
6.16193701021,1e-08,10.5051000591,6.25e-08,0.881072116129,0.549530732258,0.937954706452,1.26659809677,0.00165885416667,0.216666666667,0.175,0.1875,0.233333333333,7.6980305141e+11,15
6.16193701021,1e-08,12.5257833594,6.25e-08,0.881072116129,0.549530732258,0.937954706452,1.26659809677,0.00225130208333,0.216666666667,0.175,0.1875,0.316666666667,5.47787356722e+11,16
6.16193701021,1e-08,6.16193701021,8e-08,0.881072116129,0.471814216129,0.937954706452,1.3054563871,0.00253059895833,0.216666666667,0.2875,0.1875,0.216666666667,3.44445068368e+11,17
6.16193701021,1e-08,8.7101777719,8e-08,0.881072116129,0.471814216129,0.937954706452,1.3054563871,0.00272526041667,0.216666666667,0.2875,0.1875,0.233333333333,7.11861844645e+11,18
6.16193701021,1e-08,10.5051000591,8e-08,0.881072116129,0.471814216129,0.937954706452,1.3054563871,0.00272526041667,0.216666666667,0.2875,0.1875,0.233333333333,7.6980305141e+11,19
6.16193701021,1e-08,12.5257833594,8e-08,0.881072116129,0.471814216129,0.937954706452,1.3054563871,0.00369856770833,0.216666666667,0.2875,0.1875,0.316666666667,5.47787356722e+11,20
8.7101777719,1e-08,6.16193701021,1e-08,0.881072116129,0.956886832258,0.937954706452,1.06290509677,0.00177734375,0.233333333333,0.1875,0.1875,0.216666666667,7.11861844645e+11,21
8.7101777719,1e-08,8.7101777719,1e-08,0.881072116129,0.956886832258,0.937954706452,1.06290509677,0.0019140625,0.233333333333,0.1875,0.1875,0.233333333333,1.47119913275e+12,22
8.7101777719,1e-08,10.5051000591,1e-08,0.881072116129,0.956886832258,0.937954706452,1.06290509677,0.0019140625,0.233333333333,0.1875,0.1875,0.233333333333,1.59094575744e+12,23
8.7101777719,1e-08,12.5257833594,1e-08,0.881072116129,0.956886832258,0.937954706452,1.06290509677,0.00259765625,0.233333333333,0.1875,0.1875,0.316666666667,1.13210771191e+12,24
8.7101777719,1e-08,6.16193701021,2.75e-08,0.881072116129,0.781842612903,0.937954706452,1.15044222581,0.00165885416667,0.233333333333,0.175,0.1875,0.216666666667,7.11861844645e+11,25
8.7101777719,1e-08,8.7101777719,2.75e-08,0.881072116129,0.781842612903,0.937954706452,1.15044222581,0.00178645833333,0.233333333333,0.175,0.1875,0.233333333333,1.47119913275e+12,26
8.7101777719,1e-08,10.5051000591,2.75e-08,0.881072116129,0.781842612903,0.937954706452,1.15044222581,0.00178645833333,0.233333333333,0.175,0.1875,0.233333333333,1.59094575744e+12,27
8.7101777719,1e-08,12.5257833594,2.75e-08,0.881072116129,0.781842612903,0.937954706452,1.15044222581,0.00242447916667,0.233333333333,0.175,0.1875,0.316666666667,1.13210771191e+12,28
8.7101777719,1e-08,6.16193701021,4.5e-08,0.881072116129,0.650053203226,0.937954706452,1.21633696774,0.00165885416667,0.233333333333,0.175,0.1875,0.216666666667,7.11861844645e+11,29
8.7101777719,1e-08,8.7101777719,4.5e-08,0.881072116129,0.650053203226,0.937954706452,1.21633696774,0.00178645833333,0.233333333333,0.175,0.1875,0.233333333333,1.47119913275e+12,30
8.7101777719,1e-08,10.5051000591,4.5e-08,0.881072116129,0.650053203226,0.937954706452,1.21633696774,0.00178645833333,0.233333333333,0.175,0.1875,0.233333333333,1.59094575744e+12,31
8.7101777719,1e-08,12.5257833594,4.5e-08,0.881072116129,0.650053203226,0.937954706452,1.21633696774,0.00242447916667,0.233333333333,0.175,0.1875,0.316666666667,1.13210771191e+12,32
8.7101777719,1e-08,6.16193701021,6.25e-08,0.881072116129,0.549530732258,0.937954706452,1.26659809677,0.00165885416667,0.233333333333,0.175,0.1875,0.216666666667,7.11861844645e+11,33
8.7101777719,1e-08,8.7101777719,6.25e-08,0.881072116129,0.549530732258,0.937954706452,1.26659809677,0.00178645833333,0.233333333333,0.175,0.1875,0.233333333333,1.47119913275e+12,34
8.7101777719,1e-08,10.5051000591,6.25e-08,0.881072116129,0.549530732258,0.937954706452,1.26659809677,0.00178645833333,0.233333333333,0.175,0.1875,0.233333333333,1.59094575744e+12,35
8.7101777719,1e-08,12.5257833594,6.25e-08,0.881072116129,0.549530732258,0.937954706452,1.26659809677,0.00242447916667,0.233333333333,0.175,0.1875,0.316666666667,1.13210771191e+12,36
8.7101777719,1e-08,6.16193701021,8e-08,0.881072116129,0.471814216129,0.937954706452,1.3054563871,0.00272526041667,0.233333333333,0.2875,0.1875,0.216666666667,7.11861844645e+11,37
8.7101777719,1e-08,8.7101777719,8e-08,0.881072116129,0.471814216129,0.937954706452,1.3054563871,0.00293489583333,0.233333333333,0.2875,0.1875,0.233333333333,1.47119913275e+12,38
8.7101777719,1e-08,10.5051000591,8e-08,0.881072116129,0.471814216129,0.937954706452,1.3054563871,0.00293489583333,0.233333333333,0.2875,0.1875,0.233333333333,1.59094575744e+12,39
8.7101777719,1e-08,12.5257833594,8e-08,0.881072116129,0.471814216129,0.937954706452,1.3054563871,0.00398307291667,0.233333333333,0.2875,0.1875,0.316666666667,1.13210771191e+12,40
10.5051000591,1e-08,6.16193701021,1e-08,0.881072116129,0.95689173871,0.937954706452,1.06290522581,0.00177734375,0.233333333333,0.1875,0.1875,0.216666666667,7.6980305141e+11,41
10.5051000591,1e-08,8.7101777719,1e-08,0.881072116129,0.95689173871,0.937954706452,1.06290522581,0.0019140625,0.233333333333,0.1875,0.1875,0.233333333333,1.59094575744e+12,42
10.5051000591,1e-08,10.5051000591,1e-08,0.881072116129,0.95689173871,0.937954706452,1.06290522581,0.0019140625,0.233333333333,0.1875,0.1875,0.233333333333,1.72043902608e+12,43
10.5051000591,1e-08,12.5257833594,1e-08,0.881072116129,0.95689173871,0.937954706452,1.06290522581,0.00259765625,0.233333333333,0.1875,0.1875,0.316666666667,1.2242543658e+12,44
10.5051000591,1e-08,6.16193701021,2.75e-08,0.881072116129,0.781842612903,0.937954706452,1.15044222581,0.00165885416667,0.233333333333,0.175,0.1875,0.216666666667,7.6980305141e+11,45
10.5051000591,1e-08,8.7101777719,2.75e-08,0.881072116129,0.781842612903,0.937954706452,1.15044222581,0.00178645833333,0.233333333333,0.175,0.1875,0.233333333333,1.59094575744e+12,46
10.5051000591,1e-08,10.5051000591,2.75e-08,0.881072116129,0.781842612903,0.937954706452,1.15044222581,0.00178645833333,0.233333333333,0.175,0.1875,0.233333333333,1.72043902608e+12,47
10.5051000591,1e-08,12.5257833594,2.75e-08,0.881072116129,0.781842612903,0.937954706452,1.15044222581,0.00242447916667,0.233333333333,0.175,0.1875,0.316666666667,1.2242543658e+12,48
10.5051000591,1e-08,6.16193701021,4.5e-08,0.881072116129,0.650053203226,0.937954706452,1.21633696774,0.00165885416667,0.233333333333,0.175,0.1875,0.216666666667,7.6980305141e+11,49
10.5051000591,1e-08,8.7101777719,4.5e-08,0.881072116129,0.650053203226,0.937954706452,1.21633696774,0.00178645833333,0.233333333333,0.175,0.1875,0.233333333333,1.59094575744e+12,50
10.5051000591,1e-08,10.5051000591,4.5e-08,0.881072116129,0.650053203226,0.937954706452,1.21633696774,0.00178645833333,0.233333333333,0.175,0.1875,0.233333333333,1.72043902608e+12,51
10.5051000591,1e-08,12.5257833594,4.5e-08,0.881072116129,0.650053203226,0.937954706452,1.21633696774,0.00242447916667,0.233333333333,0.175,0.1875,0.316666666667,1.2242543658e+12,52
10.5051000591,1e-08,6.16193701021,6.25e-08,0.881072116129,0.549530732258,0.937954706452,1.26659809677,0.00165885416667,0.233333333333,0.175,0.1875,0.216666666667,7.6980305141e+11,53
10.5051000591,1e-08,8.7101777719,6.25e-08,0.881072116129,0.549530732258,0.937954706452,1.26659809677,0.00178645833333,0.233333333333,0.175,0.1875,0.233333333333,1.59094575744e+12,54
10.5051000591,1e-08,10.5051000591,6.25e-08,0.881072116129,0.549530732258,0.937954706452,1.26659809677,0.00178645833333,0.233333333333,0.175,0.1875,0.233333333333,1.72043902608e+12,55
10.5051000591,1e-08,12.5257833594,6.25e-08,0.881072116129,0.549530732258,0.937954706452,1.26659809677,0.00242447916667,0.233333333333,0.175,0.1875,0.316666666667,1.2242543658e+12,56
10.5051000591,1e-08,6.16193701021,8e-08,0.881072116129,0.471814216129,0.937954706452,1.3054563871,0.00272526041667,0.233333333333,0.2875,0.1875,0.216666666667,7.6980305141e+11,57
10.5051000591,1e-08,8.7101777719,8e-08,0.881072116129,0.471814216129,0.937954706452,1.3054563871,0.00293489583333,0.233333333333,0.2875,0.1875,0.233333333333,1.59094575744e+12,58
10.5051000591,1e-08,10.5051000591,8e-08,0.881072116129,0.471814216129,0.937954706452,1.3054563871,0.00293489583333,0.233333333333,0.2875,0.1875,0.233333333333,1.72043902608e+12,59
10.5051000591,1e-08,12.5257833594,8e-08,0.881072116129,0.471814216129,0.937954706452,1.3054563871,0.00398307291667,0.233333333333,0.2875,0.1875,0.316666666667,1.2242543658e+12,60
12.5257833594,1e-08,6.16193701021,1e-08,0.881072116129,0.956895593548,0.937954706452,1.06290522581,0.002412109375,0.316666666667,0.1875,0.1875,0.216666666667,5.47787356722e+11,61
12.5257833594,1e-08,8.7101777719,1e-08,0.881072116129,0.956895593548,0.937954706452,1.06290522581,0.00259765625,0.316666666667,0.1875,0.1875,0.233333333333,1.13210771191e+12,62
12.5257833594,1e-08,10.5051000591,1e-08,0.881072116129,0.956895593548,0.937954706452,1.06290522581,0.00259765625,0.316666666667,0.1875,0.1875,0.233333333333,1.2242543658e+12,63
12.5257833594,1e-08,12.5257833594,1e-08,0.881072116129,0.956895593548,0.937954706452,1.06290522581,0.003525390625,0.316666666667,0.1875,0.1875,0.316666666667,8.71172258632e+11,64
12.5257833594,1e-08,6.16193701021,2.75e-08,0.881072116129,0.781842612903,0.937954706452,1.15044222581,0.00225130208333,0.316666666667,0.175,0.1875,0.216666666667,5.47787356722e+11,65
12.5257833594,1e-08,8.7101777719,2.75e-08,0.881072116129,0.781842612903,0.937954706452,1.15044222581,0.00242447916667,0.316666666667,0.175,0.1875,0.233333333333,1.13210771191e+12,66
12.5257833594,1e-08,10.5051000591,2.75e-08,0.881072116129,0.781842612903,0.937954706452,1.15044222581,0.00242447916667,0.316666666667,0.175,0.1875,0.233333333333,1.2242543658e+12,67
12.5257833594,1e-08,12.5257833594,2.75e-08,0.881072116129,0.781842612903,0.937954706452,1.15044222581,0.00329036458333,0.316666666667,0.175,0.1875,0.316666666667,8.71172258632e+11,68
12.5257833594,1e-08,6.16193701021,4.5e-08,0.881072116129,0.650053203226,0.937954706452,1.21633696774,0.00225130208333,0.316666666667,0.175,0.1875,0.216666666667,5.47787356722e+11,69
12.5257833594,1e-08,8.7101777719,4.5e-08,0.881072116129,0.650053203226,0.937954706452,1.21633696774,0.00242447916667,0.316666666667,0.175,0.1875,0.233333333333,1.13210771191e+12,70
12.5257833594,1e-08,10.5051000591,4.5e-08,0.881072116129,0.650053203226,0.937954706452,1.21633696774,0.00242447916667,0.316666666667,0.175,0.1875,0.233333333333,1.2242543658e+12,71
12.5257833594,1e-08,12.5257833594,4.5e-08,0.881072116129,0.650053203226,0.937954706452,1.21633696774,0.00329036458333,0.316666666667,0.175,0.1875,0.316666666667,8.71172258632e+11,72
12.5257833594,1e-08,6.16193701021,6.25e-08,0.881072116129,0.549530732258,0.937954706452,1.26659809677,0.00225130208333,0.316666666667,0.175,0.1875,0.216666666667,5.47787356722e+11,73
12.5257833594,1e-08,8.7101777719,6.25e-08,0.881072116129,0.549530732258,0.937954706452,1.26659809677,0.00242447916667,0.316666666667,0.175,0.1875,0.233333333333,1.13210771191e+12,74
12.5257833594,1e-08,10.5051000591,6.25e-08,0.881072116129,0.549530732258,0.937954706452,1.26659809677,0.00242447916667,0.316666666667,0.175,0.1875,0.233333333333,1.2242543658e+12,75
12.5257833594,1e-08,12.5257833594,6.25e-08,0.881072116129,0.549530732258,0.937954706452,1.26659809677,0.00329036458333,0.316666666667,0.175,0.1875,0.316666666667,8.71172258632e+11,76
12.5257833594,1e-08,6.16193701021,8e-08,0.881072116129,0.471814216129,0.937954706452,1.3054563871,0.00369856770833,0.316666666667,0.2875,0.1875,0.216666666667,5.47787356722e+11,77
12.5257833594,1e-08,8.7101777719,8e-08,0.881072116129,0.471814216129,0.937954706452,1.3054563871,0.00398307291667,0.316666666667,0.2875,0.1875,0.233333333333,1.13210771191e+12,78
12.5257833594,1e-08,10.5051000591,8e-08,0.881072116129,0.471814216129,0.937954706452,1.3054563871,0.00398307291667,0.316666666667,0.2875,0.1875,0.233333333333,1.2242543658e+12,79
12.5257833594,1e-08,12.5257833594,8e-08,0.881072116129,0.471814216129,0.937954706452,1.3054563871,0.00540559895833,0.316666666667,0.2875,0.1875,0.316666666667,8.71172258632e+11,80
6.16193701021,2.75e-08,6.16193701021,1e-08,0.716111193548,0.956915567742,0.937954706452,1.06290570968,0.00154036458333,0.216666666667,0.1875,0.175,0.216666666667,3.44445068368e+11,81
6.16193701021,2.75e-08,8.7101777719,1e-08,0.716111193548,0.956915567742,0.937954706452,1.06290570968,0.00165885416667,0.216666666667,0.1875,0.175,0.233333333333,7.11861844645e+11,82
6.16193701021,2.75e-08,10.5051000591,1e-08,0.716111193548,0.956915567742,0.937954706452,1.06290570968,0.00165885416667,0.216666666667,0.1875,0.175,0.233333333333,7.6980305141e+11,83
6.16193701021,2.75e-08,12.5257833594,1e-08,0.716111193548,0.956915567742,0.937954706452,1.06290570968,0.00225130208333,0.216666666667,0.1875,0.175,0.316666666667,5.47787356722e+11,84
6.16193701021,2.75e-08,6.16193701021,2.75e-08,0.716111193548,0.781855545161,0.937954706452,1.15037767742,0.00143767361111,0.216666666667,0.175,0.175,0.216666666667,3.44445068368e+11,85
6.16193701021,2.75e-08,8.7101777719,2.75e-08,0.716111193548,0.781855545161,0.937954706452,1.15037767742,0.00154826388889,0.216666666667,0.175,0.175,0.233333333333,7.11861844645e+11,86
6.16193701021,2.75e-08,10.5051000591,2.75e-08,0.716111193548,0.781855545161,0.937954706452,1.15037767742,0.00154826388889,0.216666666667,0.175,0.175,0.233333333333,7.6980305141e+11,87
6.16193701021,2.75e-08,12.5257833594,2.75e-08,0.716111193548,0.781855545161,0.937954706452,1.15037767742,0.00210121527778,0.216666666667,0.175,0.175,0.316666666667,5.47787356722e+11,88
6.16193701021,2.75e-08,6.16193701021,4.5e-08,0.716111193548,0.650053203226,0.937954706452,1.21633696774,0.00143767361111,0.216666666667,0.175,0.175,0.216666666667,3.44445068368e+11,89
6.16193701021,2.75e-08,8.7101777719,4.5e-08,0.716111193548,0.650053203226,0.937954706452,1.21633696774,0.00154826388889,0.216666666667,0.175,0.175,0.233333333333,7.11861844645e+11,90
6.16193701021,2.75e-08,10.5051000591,4.5e-08,0.716111193548,0.650053203226,0.937954706452,1.21633696774,0.00154826388889,0.216666666667,0.175,0.175,0.233333333333,7.6980305141e+11,91
6.16193701021,2.75e-08,12.5257833594,4.5e-08,0.716111193548,0.650053203226,0.937954706452,1.21633696774,0.00210121527778,0.216666666667,0.175,0.175,0.316666666667,5.47787356722e+11,92
6.16193701021,2.75e-08,6.16193701021,6.25e-08,0.716111193548,0.549530732258,0.937954706452,1.26659809677,0.00143767361111,0.216666666667,0.175,0.175,0.216666666667,3.44445068368e+11,93
6.16193701021,2.75e-08,8.7101777719,6.25e-08,0.716111193548,0.549530732258,0.937954706452,1.26659809677,0.00154826388889,0.216666666667,0.175,0.175,0.233333333333,7.11861844645e+11,94
6.16193701021,2.75e-08,10.5051000591,6.25e-08,0.716111193548,0.549530732258,0.937954706452,1.26659809677,0.00154826388889,0.216666666667,0.175,0.175,0.233333333333,7.6980305141e+11,95
6.16193701021,2.75e-08,12.5257833594,6.25e-08,0.716111193548,0.549530732258,0.937954706452,1.26659809677,0.00210121527778,0.216666666667,0.175,0.175,0.316666666667,5.47787356722e+11,96
6.16193701021,2.75e-08,6.16193701021,8e-08,0.716111193548,0.471814216129,0.937954706452,1.3054563871,0.00236189236111,0.216666666667,0.2875,0.175,0.216666666667,3.44445068368e+11,97
6.16193701021,2.75e-08,8.7101777719,8e-08,0.716111193548,0.471814216129,0.937954706452,1.3054563871,0.00254357638889,0.216666666667,0.2875,0.175,0.233333333333,7.11861844645e+11,98
6.16193701021,2.75e-08,10.5051000591,8e-08,0.716111193548,0.471814216129,0.937954706452,1.3054563871,0.00254357638889,0.216666666667,0.2875,0.175,0.233333333333,7.6980305141e+11,99
6.16193701021,2.75e-08,12.5257833594,8e-08,0.716111193548,0.471814216129,0.937954706452,1.3054563871,0.00345199652778,0.216666666667,0.2875,0.175,0.316666666667,5.47787356722e+11,100
8.7101777719,2.75e-08,6.16193701021,1e-08,0.716111193548,0.956915567742,0.937954706452,1.06290570968,0.00165885416667,0.233333333333,0.1875,0.175,0.216666666667,7.11861844645e+11,101
8.7101777719,2.75e-08,8.7101777719,1e-08,0.716111193548,0.956915567742,0.937954706452,1.06290570968,0.00178645833333,0.233333333333,0.1875,0.175,0.233333333333,1.47119913275e+12,102
8.7101777719,2.75e-08,10.5051000591,1e-08,0.716111193548,0.956915567742,0.937954706452,1.06290570968,0.00178645833333,0.233333333333,0.1875,0.175,0.233333333333,1.59094575744e+12,103
8.7101777719,2.75e-08,12.5257833594,1e-08,0.716111193548,0.956915567742,0.937954706452,1.06290570968,0.00242447916667,0.233333333333,0.1875,0.175,0.316666666667,1.13210771191e+12,104
8.7101777719,2.75e-08,6.16193701021,2.75e-08,0.716111193548,0.781851758065,0.937954706452,1.15039651613,0.00154826388889,0.233333333333,0.175,0.175,0.216666666667,7.11861844645e+11,105
8.7101777719,2.75e-08,8.7101777719,2.75e-08,0.716111193548,0.781851758065,0.937954706452,1.15039651613,0.00166736111111,0.233333333333,0.175,0.175,0.233333333333,1.47119913275e+12,106
8.7101777719,2.75e-08,10.5051000591,2.75e-08,0.716111193548,0.781851758065,0.937954706452,1.15039651613,0.00166736111111,0.233333333333,0.175,0.175,0.233333333333,1.59094575744e+12,107
8.7101777719,2.75e-08,12.5257833594,2.75e-08,0.716111193548,0.781851758065,0.937954706452,1.15039651613,0.00226284722222,0.233333333333,0.175,0.175,0.316666666667,1.13210771191e+12,108
8.7101777719,2.75e-08,6.16193701021,4.5e-08,0.716111193548,0.650053203226,0.937954706452,1.21633696774,0.00154826388889,0.233333333333,0.175,0.175,0.216666666667,7.11861844645e+11,109
8.7101777719,2.75e-08,8.7101777719,4.5e-08,0.716111193548,0.650053203226,0.937954706452,1.21633696774,0.00166736111111,0.233333333333,0.175,0.175,0.233333333333,1.47119913275e+12,110
8.7101777719,2.75e-08,10.5051000591,4.5e-08,0.716111193548,0.650053203226,0.937954706452,1.21633696774,0.00166736111111,0.233333333333,0.175,0.175,0.233333333333,1.59094575744e+12,111
8.7101777719,2.75e-08,12.5257833594,4.5e-08,0.716111193548,0.650053203226,0.937954706452,1.21633696774,0.00226284722222,0.233333333333,0.175,0.175,0.316666666667,1.13210771191e+12,112
8.7101777719,2.75e-08,6.16193701021,6.25e-08,0.716111193548,0.549530732258,0.937954706452,1.26659809677,0.00154826388889,0.233333333333,0.175,0.175,0.216666666667,7.11861844645e+11,113
8.7101777719,2.75e-08,8.7101777719,6.25e-08,0.716111193548,0.549530732258,0.937954706452,1.26659809677,0.00166736111111,0.233333333333,0.175,0.175,0.233333333333,1.47119913275e+12,114
8.7101777719,2.75e-08,10.5051000591,6.25e-08,0.716111193548,0.549530732258,0.937954706452,1.26659809677,0.00166736111111,0.233333333333,0.175,0.175,0.233333333333,1.59094575744e+12,115
8.7101777719,2.75e-08,12.5257833594,6.25e-08,0.716111193548,0.549530732258,0.937954706452,1.26659809677,0.00226284722222,0.233333333333,0.175,0.175,0.316666666667,1.13210771191e+12,116
8.7101777719,2.75e-08,6.16193701021,8e-08,0.716111193548,0.471814216129,0.937954706452,1.3054563871,0.00254357638889,0.233333333333,0.2875,0.175,0.216666666667,7.11861844645e+11,117
8.7101777719,2.75e-08,8.7101777719,8e-08,0.716111193548,0.471814216129,0.937954706452,1.3054563871,0.00273923611111,0.233333333333,0.2875,0.175,0.233333333333,1.47119913275e+12,118
8.7101777719,2.75e-08,10.5051000591,8e-08,0.716111193548,0.471814216129,0.937954706452,1.3054563871,0.00273923611111,0.233333333333,0.2875,0.175,0.233333333333,1.59094575744e+12,119
8.7101777719,2.75e-08,12.5257833594,8e-08,0.716111193548,0.471814216129,0.937954706452,1.3054563871,0.00371753472222,0.233333333333,0.2875,0.175,0.316666666667,1.13210771191e+12,120
10.5051000591,2.75e-08,6.16193701021,1e-08,0.716111193548,0.956915567742,0.937954706452,1.06290570968,0.00165885416667,0.233333333333,0.1875,0.175,0.216666666667,7.6980305141e+11,121
10.5051000591,2.75e-08,8.7101777719,1e-08,0.716111193548,0.956915567742,0.937954706452,1.06290570968,0.00178645833333,0.233333333333,0.1875,0.175,0.233333333333,1.59094575744e+12,122
10.5051000591,2.75e-08,10.5051000591,1e-08,0.716111193548,0.956915567742,0.937954706452,1.06290570968,0.00178645833333,0.233333333333,0.1875,0.175,0.233333333333,1.72043902608e+12,123
10.5051000591,2.75e-08,12.5257833594,1e-08,0.716111193548,0.956915567742,0.937954706452,1.06290570968,0.00242447916667,0.233333333333,0.1875,0.175,0.316666666667,1.2242543658e+12,124
10.5051000591,2.75e-08,6.16193701021,2.75e-08,0.716111193548,0.7818502,0.937954706452,1.15040429032,0.00154826388889,0.233333333333,0.175,0.175,0.216666666667,7.6980305141e+11,125
10.5051000591,2.75e-08,8.7101777719,2.75e-08,0.716111193548,0.7818502,0.937954706452,1.15040429032,0.00166736111111,0.233333333333,0.175,0.175,0.233333333333,1.59094575744e+12,126
10.5051000591,2.75e-08,10.5051000591,2.75e-08,0.716111193548,0.7818502,0.937954706452,1.15040429032,0.00166736111111,0.233333333333,0.175,0.175,0.233333333333,1.72043902608e+12,127
10.5051000591,2.75e-08,12.5257833594,2.75e-08,0.716111193548,0.7818502,0.937954706452,1.15040429032,0.00226284722222,0.233333333333,0.175,0.175,0.316666666667,1.2242543658e+12,128
10.5051000591,2.75e-08,6.16193701021,4.5e-08,0.716111193548,0.650053203226,0.937954706452,1.21633696774,0.00154826388889,0.233333333333,0.175,0.175,0.216666666667,7.6980305141e+11,129
10.5051000591,2.75e-08,8.7101777719,4.5e-08,0.716111193548,0.650053203226,0.937954706452,1.21633696774,0.00166736111111,0.233333333333,0.175,0.175,0.233333333333,1.59094575744e+12,130
10.5051000591,2.75e-08,10.5051000591,4.5e-08,0.716111193548,0.650053203226,0.937954706452,1.21633696774,0.00166736111111,0.233333333333,0.175,0.175,0.233333333333,1.72043902608e+12,131
10.5051000591,2.75e-08,12.5257833594,4.5e-08,0.716111193548,0.650053203226,0.937954706452,1.21633696774,0.00226284722222,0.233333333333,0.175,0.175,0.316666666667,1.2242543658e+12,132
10.5051000591,2.75e-08,6.16193701021,6.25e-08,0.716111193548,0.549530732258,0.937954706452,1.26659809677,0.00154826388889,0.233333333333,0.175,0.175,0.216666666667,7.6980305141e+11,133
10.5051000591,2.75e-08,8.7101777719,6.25e-08,0.716111193548,0.549530732258,0.937954706452,1.26659809677,0.00166736111111,0.233333333333,0.175,0.175,0.233333333333,1.59094575744e+12,134
10.5051000591,2.75e-08,10.5051000591,6.25e-08,0.716111193548,0.549530732258,0.937954706452,1.26659809677,0.00166736111111,0.233333333333,0.175,0.175,0.233333333333,1.72043902608e+12,135
10.5051000591,2.75e-08,12.5257833594,6.25e-08,0.716111193548,0.549530732258,0.937954706452,1.26659809677,0.00226284722222,0.233333333333,0.175,0.175,0.316666666667,1.2242543658e+12,136
10.5051000591,2.75e-08,6.16193701021,8e-08,0.716111193548,0.471814216129,0.937954706452,1.3054563871,0.00254357638889,0.233333333333,0.2875,0.175,0.216666666667,7.6980305141e+11,137
10.5051000591,2.75e-08,8.7101777719,8e-08,0.716111193548,0.471814216129,0.937954706452,1.3054563871,0.00273923611111,0.233333333333,0.2875,0.175,0.233333333333,1.59094575744e+12,138
10.5051000591,2.75e-08,10.5051000591,8e-08,0.716111193548,0.471814216129,0.937954706452,1.3054563871,0.00273923611111,0.233333333333,0.2875,0.175,0.233333333333,1.72043902608e+12,139
10.5051000591,2.75e-08,12.5257833594,8e-08,0.716111193548,0.471814216129,0.937954706452,1.3054563871,0.00371753472222,0.233333333333,0.2875,0.175,0.316666666667,1.2242543658e+12,140
12.5257833594,2.75e-08,6.16193701021,1e-08,0.716111193548,0.956915567742,0.937954706452,1.06290570968,0.00225130208333,0.316666666667,0.1875,0.175,0.216666666667,5.47787356722e+11,141
12.5257833594,2.75e-08,8.7101777719,1e-08,0.716111193548,0.956915567742,0.937954706452,1.06290570968,0.00242447916667,0.316666666667,0.1875,0.175,0.233333333333,1.13210771191e+12,142
12.5257833594,2.75e-08,10.5051000591,1e-08,0.716111193548,0.956915567742,0.937954706452,1.06290570968,0.00242447916667,0.316666666667,0.1875,0.175,0.233333333333,1.2242543658e+12,143
12.5257833594,2.75e-08,12.5257833594,1e-08,0.716111193548,0.956915567742,0.937954706452,1.06290570968,0.00329036458333,0.316666666667,0.1875,0.175,0.316666666667,8.71172258632e+11,144
12.5257833594,2.75e-08,6.16193701021,2.75e-08,0.716111193548,0.781848974194,0.937954706452,1.15041045161,0.00210121527778,0.316666666667,0.175,0.175,0.216666666667,5.47787356722e+11,145
12.5257833594,2.75e-08,8.7101777719,2.75e-08,0.716111193548,0.781848974194,0.937954706452,1.15041045161,0.00226284722222,0.316666666667,0.175,0.175,0.233333333333,1.13210771191e+12,146
12.5257833594,2.75e-08,10.5051000591,2.75e-08,0.716111193548,0.781848974194,0.937954706452,1.15041045161,0.00226284722222,0.316666666667,0.175,0.175,0.233333333333,1.2242543658e+12,147
12.5257833594,2.75e-08,12.5257833594,2.75e-08,0.716111193548,0.781848974194,0.937954706452,1.15041045161,0.00307100694444,0.316666666667,0.175,0.175,0.316666666667,8.71172258632e+11,148
12.5257833594,2.75e-08,6.16193701021,4.5e-08,0.716111193548,0.650053203226,0.937954706452,1.21633696774,0.00210121527778,0.316666666667,0.175,0.175,0.216666666667,5.47787356722e+11,149
12.5257833594,2.75e-08,8.7101777719,4.5e-08,0.716111193548,0.650053203226,0.937954706452,1.21633696774,0.00226284722222,0.316666666667,0.175,0.175,0.233333333333,1.13210771191e+12,150
12.5257833594,2.75e-08,10.5051000591,4.5e-08,0.716111193548,0.650053203226,0.937954706452,1.21633696774,0.00226284722222,0.316666666667,0.175,0.175,0.233333333333,1.2242543658e+12,151
12.5257833594,2.75e-08,12.5257833594,4.5e-08,0.716111193548,0.650053203226,0.937954706452,1.21633696774,0.00307100694444,0.316666666667,0.175,0.175,0.316666666667,8.71172258632e+11,152
12.5257833594,2.75e-08,6.16193701021,6.25e-08,0.716111193548,0.549530732258,0.937954706452,1.26659809677,0.00210121527778,0.316666666667,0.175,0.175,0.216666666667,5.47787356722e+11,153
12.5257833594,2.75e-08,8.7101777719,6.25e-08,0.716111193548,0.549530732258,0.937954706452,1.26659809677,0.00226284722222,0.316666666667,0.175,0.175,0.233333333333,1.13210771191e+12,154
12.5257833594,2.75e-08,10.5051000591,6.25e-08,0.716111193548,0.549530732258,0.937954706452,1.26659809677,0.00226284722222,0.316666666667,0.175,0.175,0.233333333333,1.2242543658e+12,155
12.5257833594,2.75e-08,12.5257833594,6.25e-08,0.716111193548,0.549530732258,0.937954706452,1.26659809677,0.00307100694444,0.316666666667,0.175,0.175,0.316666666667,8.71172258632e+11,156
12.5257833594,2.75e-08,6.16193701021,8e-08,0.716111193548,0.471814216129,0.937954706452,1.3054563871,0.00345199652778,0.316666666667,0.2875,0.175,0.216666666667,5.47787356722e+11,157
12.5257833594,2.75e-08,8.7101777719,8e-08,0.716111193548,0.471814216129,0.937954706452,1.3054563871,0.00371753472222,0.316666666667,0.2875,0.175,0.233333333333,1.13210771191e+12,158
12.5257833594,2.75e-08,10.5051000591,8e-08,0.716111193548,0.471814216129,0.937954706452,1.3054563871,0.00371753472222,0.316666666667,0.2875,0.175,0.233333333333,1.2242543658e+12,159
12.5257833594,2.75e-08,12.5257833594,8e-08,0.716111193548,0.471814216129,0.937954706452,1.3054563871,0.00504522569444,0.316666666667,0.2875,0.175,0.316666666667,8.71172258632e+11,160
6.16193701021,4.5e-08,6.16193701021,1e-08,0.592472912903,0.956915567742,0.937954706452,1.06290570968,0.00154036458333,0.216666666667,0.1875,0.175,0.216666666667,3.44445068368e+11,161
6.16193701021,4.5e-08,8.7101777719,1e-08,0.592472912903,0.956915567742,0.937954706452,1.06290570968,0.00165885416667,0.216666666667,0.1875,0.175,0.233333333333,7.11861844645e+11,162
6.16193701021,4.5e-08,10.5051000591,1e-08,0.592472912903,0.956915567742,0.937954706452,1.06290570968,0.00165885416667,0.216666666667,0.1875,0.175,0.233333333333,7.6980305141e+11,163
6.16193701021,4.5e-08,12.5257833594,1e-08,0.592472912903,0.956915567742,0.937954706452,1.06290570968,0.00225130208333,0.216666666667,0.1875,0.175,0.316666666667,5.47787356722e+11,164
6.16193701021,4.5e-08,6.16193701021,2.75e-08,0.592472912903,0.781842612903,0.937954706452,1.15044222581,0.00143767361111,0.216666666667,0.175,0.175,0.216666666667,3.44445068368e+11,165
6.16193701021,4.5e-08,8.7101777719,2.75e-08,0.592472912903,0.781842612903,0.937954706452,1.15044222581,0.00154826388889,0.216666666667,0.175,0.175,0.233333333333,7.11861844645e+11,166
6.16193701021,4.5e-08,10.5051000591,2.75e-08,0.592472912903,0.781842612903,0.937954706452,1.15044222581,0.00154826388889,0.216666666667,0.175,0.175,0.233333333333,7.6980305141e+11,167
6.16193701021,4.5e-08,12.5257833594,2.75e-08,0.592472912903,0.781842612903,0.937954706452,1.15044222581,0.00210121527778,0.216666666667,0.175,0.175,0.316666666667,5.47787356722e+11,168
6.16193701021,4.5e-08,6.16193701021,4.5e-08,0.592472912903,0.650059909677,0.937954706452,1.21634470968,0.00143767361111,0.216666666667,0.175,0.175,0.216666666667,3.44445068368e+11,169
6.16193701021,4.5e-08,8.7101777719,4.5e-08,0.592472912903,0.650059909677,0.937954706452,1.21634470968,0.00154826388889,0.216666666667,0.175,0.175,0.233333333333,7.11861844645e+11,170
6.16193701021,4.5e-08,10.5051000591,4.5e-08,0.592472912903,0.650059909677,0.937954706452,1.21634470968,0.00154826388889,0.216666666667,0.175,0.175,0.233333333333,7.6980305141e+11,171
6.16193701021,4.5e-08,12.5257833594,4.5e-08,0.592472912903,0.650059909677,0.937954706452,1.21634470968,0.00210121527778,0.216666666667,0.175,0.175,0.316666666667,5.47787356722e+11,172
6.16193701021,4.5e-08,6.16193701021,6.25e-08,0.592472912903,0.549530732258,0.937954706452,1.26659809677,0.00143767361111,0.216666666667,0.175,0.175,0.216666666667,3.44445068368e+11,173
6.16193701021,4.5e-08,8.7101777719,6.25e-08,0.592472912903,0.549530732258,0.937954706452,1.26659809677,0.00154826388889,0.216666666667,0.175,0.175,0.233333333333,7.11861844645e+11,174
6.16193701021,4.5e-08,10.5051000591,6.25e-08,0.592472912903,0.549530732258,0.937954706452,1.26659809677,0.00154826388889,0.216666666667,0.175,0.175,0.233333333333,7.6980305141e+11,175
6.16193701021,4.5e-08,12.5257833594,6.25e-08,0.592472912903,0.549530732258,0.937954706452,1.26659809677,0.00210121527778,0.216666666667,0.175,0.175,0.316666666667,5.47787356722e+11,176
6.16193701021,4.5e-08,6.16193701021,8e-08,0.592472912903,0.471814216129,0.937954706452,1.3054563871,0.00236189236111,0.216666666667,0.2875,0.175,0.216666666667,3.44445068368e+11,177
6.16193701021,4.5e-08,8.7101777719,8e-08,0.592472912903,0.471814216129,0.937954706452,1.3054563871,0.00254357638889,0.216666666667,0.2875,0.175,0.233333333333,7.11861844645e+11,178
6.16193701021,4.5e-08,10.5051000591,8e-08,0.592472912903,0.471814216129,0.937954706452,1.3054563871,0.00254357638889,0.216666666667,0.2875,0.175,0.233333333333,7.6980305141e+11,179
6.16193701021,4.5e-08,12.5257833594,8e-08,0.592472912903,0.471814216129,0.937954706452,1.3054563871,0.00345199652778,0.216666666667,0.2875,0.175,0.316666666667,5.47787356722e+11,180
8.7101777719,4.5e-08,6.16193701021,1e-08,0.592472912903,0.956915567742,0.937954706452,1.06290570968,0.00165885416667,0.233333333333,0.1875,0.175,0.216666666667,7.11861844645e+11,181
8.7101777719,4.5e-08,8.7101777719,1e-08,0.592472912903,0.956915567742,0.937954706452,1.06290570968,0.00178645833333,0.233333333333,0.1875,0.175,0.233333333333,1.47119913275e+12,182
8.7101777719,4.5e-08,10.5051000591,1e-08,0.592472912903,0.956915567742,0.937954706452,1.06290570968,0.00178645833333,0.233333333333,0.1875,0.175,0.233333333333,1.59094575744e+12,183
8.7101777719,4.5e-08,12.5257833594,1e-08,0.592472912903,0.956915567742,0.937954706452,1.06290570968,0.00242447916667,0.233333333333,0.1875,0.175,0.316666666667,1.13210771191e+12,184
8.7101777719,4.5e-08,6.16193701021,2.75e-08,0.592472912903,0.781842612903,0.937954706452,1.15044222581,0.00154826388889,0.233333333333,0.175,0.175,0.216666666667,7.11861844645e+11,185
8.7101777719,4.5e-08,8.7101777719,2.75e-08,0.592472912903,0.781842612903,0.937954706452,1.15044222581,0.00166736111111,0.233333333333,0.175,0.175,0.233333333333,1.47119913275e+12,186
8.7101777719,4.5e-08,10.5051000591,2.75e-08,0.592472912903,0.781842612903,0.937954706452,1.15044222581,0.00166736111111,0.233333333333,0.175,0.175,0.233333333333,1.59094575744e+12,187
8.7101777719,4.5e-08,12.5257833594,2.75e-08,0.592472912903,0.781842612903,0.937954706452,1.15044222581,0.00226284722222,0.233333333333,0.175,0.175,0.316666666667,1.13210771191e+12,188
8.7101777719,4.5e-08,6.16193701021,4.5e-08,0.592472912903,0.650057948387,0.937954706452,1.21634235484,0.00154826388889,0.233333333333,0.175,0.175,0.216666666667,7.11861844645e+11,189
8.7101777719,4.5e-08,8.7101777719,4.5e-08,0.592472912903,0.650057948387,0.937954706452,1.21634235484,0.00166736111111,0.233333333333,0.175,0.175,0.233333333333,1.47119913275e+12,190
8.7101777719,4.5e-08,10.5051000591,4.5e-08,0.592472912903,0.650057948387,0.937954706452,1.21634235484,0.00166736111111,0.233333333333,0.175,0.175,0.233333333333,1.59094575744e+12,191
8.7101777719,4.5e-08,12.5257833594,4.5e-08,0.592472912903,0.650057948387,0.937954706452,1.21634235484,0.00226284722222,0.233333333333,0.175,0.175,0.316666666667,1.13210771191e+12,192
8.7101777719,4.5e-08,6.16193701021,6.25e-08,0.592472912903,0.549530732258,0.937954706452,1.26659809677,0.00154826388889,0.233333333333,0.175,0.175,0.216666666667,7.11861844645e+11,193
8.7101777719,4.5e-08,8.7101777719,6.25e-08,0.592472912903,0.549530732258,0.937954706452,1.26659809677,0.00166736111111,0.233333333333,0.175,0.175,0.233333333333,1.47119913275e+12,194
8.7101777719,4.5e-08,10.5051000591,6.25e-08,0.592472912903,0.549530732258,0.937954706452,1.26659809677,0.00166736111111,0.233333333333,0.175,0.175,0.233333333333,1.59094575744e+12,195
8.7101777719,4.5e-08,12.5257833594,6.25e-08,0.592472912903,0.549530732258,0.937954706452,1.26659809677,0.00226284722222,0.233333333333,0.175,0.175,0.316666666667,1.13210771191e+12,196
8.7101777719,4.5e-08,6.16193701021,8e-08,0.592472912903,0.471814216129,0.937954706452,1.3054563871,0.00254357638889,0.233333333333,0.2875,0.175,0.216666666667,7.11861844645e+11,197
8.7101777719,4.5e-08,8.7101777719,8e-08,0.592472912903,0.471814216129,0.937954706452,1.3054563871,0.00273923611111,0.233333333333,0.2875,0.175,0.233333333333,1.47119913275e+12,198
8.7101777719,4.5e-08,10.5051000591,8e-08,0.592472912903,0.471814216129,0.937954706452,1.3054563871,0.00273923611111,0.233333333333,0.2875,0.175,0.233333333333,1.59094575744e+12,199
8.7101777719,4.5e-08,12.5257833594,8e-08,0.592472912903,0.471814216129,0.937954706452,1.3054563871,0.00371753472222,0.233333333333,0.2875,0.175,0.316666666667,1.13210771191e+12,200
10.5051000591,4.5e-08,6.16193701021,1e-08,0.592472912903,0.956915567742,0.937954706452,1.06290570968,0.00165885416667,0.233333333333,0.1875,0.175,0.216666666667,7.6980305141e+11,201
10.5051000591,4.5e-08,8.7101777719,1e-08,0.592472912903,0.956915567742,0.937954706452,1.06290570968,0.00178645833333,0.233333333333,0.1875,0.175,0.233333333333,1.59094575744e+12,202
10.5051000591,4.5e-08,10.5051000591,1e-08,0.592472912903,0.956915567742,0.937954706452,1.06290570968,0.00178645833333,0.233333333333,0.1875,0.175,0.233333333333,1.72043902608e+12,203
10.5051000591,4.5e-08,12.5257833594,1e-08,0.592472912903,0.956915567742,0.937954706452,1.06290570968,0.00242447916667,0.233333333333,0.1875,0.175,0.316666666667,1.2242543658e+12,204
10.5051000591,4.5e-08,6.16193701021,2.75e-08,0.592472912903,0.781842612903,0.937954706452,1.15044222581,0.00154826388889,0.233333333333,0.175,0.175,0.216666666667,7.6980305141e+11,205
10.5051000591,4.5e-08,8.7101777719,2.75e-08,0.592472912903,0.781842612903,0.937954706452,1.15044222581,0.00166736111111,0.233333333333,0.175,0.175,0.233333333333,1.59094575744e+12,206
10.5051000591,4.5e-08,10.5051000591,2.75e-08,0.592472912903,0.781842612903,0.937954706452,1.15044222581,0.00166736111111,0.233333333333,0.175,0.175,0.233333333333,1.72043902608e+12,207
10.5051000591,4.5e-08,12.5257833594,2.75e-08,0.592472912903,0.781842612903,0.937954706452,1.15044222581,0.00226284722222,0.233333333333,0.175,0.175,0.316666666667,1.2242543658e+12,208
10.5051000591,4.5e-08,6.16193701021,4.5e-08,0.592472912903,0.650057148387,0.937954706452,1.21634141935,0.00154826388889,0.233333333333,0.175,0.175,0.216666666667,7.6980305141e+11,209
10.5051000591,4.5e-08,8.7101777719,4.5e-08,0.592472912903,0.650057148387,0.937954706452,1.21634141935,0.00166736111111,0.233333333333,0.175,0.175,0.233333333333,1.59094575744e+12,210
10.5051000591,4.5e-08,10.5051000591,4.5e-08,0.592472912903,0.650057148387,0.937954706452,1.21634141935,0.00166736111111,0.233333333333,0.175,0.175,0.233333333333,1.72043902608e+12,211
10.5051000591,4.5e-08,12.5257833594,4.5e-08,0.592472912903,0.650057148387,0.937954706452,1.21634141935,0.00226284722222,0.233333333333,0.175,0.175,0.316666666667,1.2242543658e+12,212
10.5051000591,4.5e-08,6.16193701021,6.25e-08,0.592472912903,0.549530732258,0.937954706452,1.26659809677,0.00154826388889,0.233333333333,0.175,0.175,0.216666666667,7.6980305141e+11,213
10.5051000591,4.5e-08,8.7101777719,6.25e-08,0.592472912903,0.549530732258,0.937954706452,1.26659809677,0.00166736111111,0.233333333333,0.175,0.175,0.233333333333,1.59094575744e+12,214
10.5051000591,4.5e-08,10.5051000591,6.25e-08,0.592472912903,0.549530732258,0.937954706452,1.26659809677,0.00166736111111,0.233333333333,0.175,0.175,0.233333333333,1.72043902608e+12,215
10.5051000591,4.5e-08,12.5257833594,6.25e-08,0.592472912903,0.549530732258,0.937954706452,1.26659809677,0.00226284722222,0.233333333333,0.175,0.175,0.316666666667,1.2242543658e+12,216
10.5051000591,4.5e-08,6.16193701021,8e-08,0.592472912903,0.471814216129,0.937954706452,1.3054563871,0.00254357638889,0.233333333333,0.2875,0.175,0.216666666667,7.6980305141e+11,217
10.5051000591,4.5e-08,8.7101777719,8e-08,0.592472912903,0.471814216129,0.937954706452,1.3054563871,0.00273923611111,0.233333333333,0.2875,0.175,0.233333333333,1.59094575744e+12,218
10.5051000591,4.5e-08,10.5051000591,8e-08,0.592472912903,0.471814216129,0.937954706452,1.3054563871,0.00273923611111,0.233333333333,0.2875,0.175,0.233333333333,1.72043902608e+12,219
10.5051000591,4.5e-08,12.5257833594,8e-08,0.592472912903,0.471814216129,0.937954706452,1.3054563871,0.00371753472222,0.233333333333,0.2875,0.175,0.316666666667,1.2242543658e+12,220
12.5257833594,4.5e-08,6.16193701021,1e-08,0.592472912903,0.956915567742,0.937954706452,1.06290570968,0.00225130208333,0.316666666667,0.1875,0.175,0.216666666667,5.47787356722e+11,221
12.5257833594,4.5e-08,8.7101777719,1e-08,0.592472912903,0.956915567742,0.937954706452,1.06290570968,0.00242447916667,0.316666666667,0.1875,0.175,0.233333333333,1.13210771191e+12,222
12.5257833594,4.5e-08,10.5051000591,1e-08,0.592472912903,0.956915567742,0.937954706452,1.06290570968,0.00242447916667,0.316666666667,0.1875,0.175,0.233333333333,1.2242543658e+12,223
12.5257833594,4.5e-08,12.5257833594,1e-08,0.592472912903,0.956915567742,0.937954706452,1.06290570968,0.00329036458333,0.316666666667,0.1875,0.175,0.316666666667,8.71172258632e+11,224
12.5257833594,4.5e-08,6.16193701021,2.75e-08,0.592472912903,0.781842612903,0.937954706452,1.15044222581,0.00210121527778,0.316666666667,0.175,0.175,0.216666666667,5.47787356722e+11,225
12.5257833594,4.5e-08,8.7101777719,2.75e-08,0.592472912903,0.781842612903,0.937954706452,1.15044222581,0.00226284722222,0.316666666667,0.175,0.175,0.233333333333,1.13210771191e+12,226
12.5257833594,4.5e-08,10.5051000591,2.75e-08,0.592472912903,0.781842612903,0.937954706452,1.15044222581,0.00226284722222,0.316666666667,0.175,0.175,0.233333333333,1.2242543658e+12,227
12.5257833594,4.5e-08,12.5257833594,2.75e-08,0.592472912903,0.781842612903,0.937954706452,1.15044222581,0.00307100694444,0.316666666667,0.175,0.175,0.316666666667,8.71172258632e+11,228
12.5257833594,4.5e-08,6.16193701021,4.5e-08,0.592472912903,0.650056503226,0.937954706452,1.21634070968,0.00210121527778,0.316666666667,0.175,0.175,0.216666666667,5.47787356722e+11,229
12.5257833594,4.5e-08,8.7101777719,4.5e-08,0.592472912903,0.650056503226,0.937954706452,1.21634070968,0.00226284722222,0.316666666667,0.175,0.175,0.233333333333,1.13210771191e+12,230
12.5257833594,4.5e-08,10.5051000591,4.5e-08,0.592472912903,0.650056503226,0.937954706452,1.21634070968,0.00226284722222,0.316666666667,0.175,0.175,0.233333333333,1.2242543658e+12,231
12.5257833594,4.5e-08,12.5257833594,4.5e-08,0.592472912903,0.650056503226,0.937954706452,1.21634070968,0.00307100694444,0.316666666667,0.175,0.175,0.316666666667,8.71172258632e+11,232
12.5257833594,4.5e-08,6.16193701021,6.25e-08,0.592472912903,0.549530732258,0.937954706452,1.26659809677,0.00210121527778,0.316666666667,0.175,0.175,0.216666666667,5.47787356722e+11,233
12.5257833594,4.5e-08,8.7101777719,6.25e-08,0.592472912903,0.549530732258,0.937954706452,1.26659809677,0.00226284722222,0.316666666667,0.175,0.175,0.233333333333,1.13210771191e+12,234
12.5257833594,4.5e-08,10.5051000591,6.25e-08,0.592472912903,0.549530732258,0.937954706452,1.26659809677,0.00226284722222,0.316666666667,0.175,0.175,0.233333333333,1.2242543658e+12,235
12.5257833594,4.5e-08,12.5257833594,6.25e-08,0.592472912903,0.549530732258,0.937954706452,1.26659809677,0.00307100694444,0.316666666667,0.175,0.175,0.316666666667,8.71172258632e+11,236
12.5257833594,4.5e-08,6.16193701021,8e-08,0.592472912903,0.471814216129,0.937954706452,1.3054563871,0.00345199652778,0.316666666667,0.2875,0.175,0.216666666667,5.47787356722e+11,237
12.5257833594,4.5e-08,8.7101777719,8e-08,0.592472912903,0.471814216129,0.937954706452,1.3054563871,0.00371753472222,0.316666666667,0.2875,0.175,0.233333333333,1.13210771191e+12,238
12.5257833594,4.5e-08,10.5051000591,8e-08,0.592472912903,0.471814216129,0.937954706452,1.3054563871,0.00371753472222,0.316666666667,0.2875,0.175,0.233333333333,1.2242543658e+12,239
12.5257833594,4.5e-08,12.5257833594,8e-08,0.592472912903,0.471814216129,0.937954706452,1.3054563871,0.00504522569444,0.316666666667,0.2875,0.175,0.316666666667,8.71172258632e+11,240
6.16193701021,6.25e-08,6.16193701021,1e-08,0.498589877419,0.956915567742,0.937954706452,1.06290570968,0.00154036458333,0.216666666667,0.1875,0.175,0.216666666667,3.44445068368e+11,241
6.16193701021,6.25e-08,8.7101777719,1e-08,0.498589877419,0.956915567742,0.937954706452,1.06290570968,0.00165885416667,0.216666666667,0.1875,0.175,0.233333333333,7.11861844645e+11,242
6.16193701021,6.25e-08,10.5051000591,1e-08,0.498589877419,0.956915567742,0.937954706452,1.06290570968,0.00165885416667,0.216666666667,0.1875,0.175,0.233333333333,7.6980305141e+11,243
6.16193701021,6.25e-08,12.5257833594,1e-08,0.498589877419,0.956915567742,0.937954706452,1.06290570968,0.00225130208333,0.216666666667,0.1875,0.175,0.316666666667,5.47787356722e+11,244
6.16193701021,6.25e-08,6.16193701021,2.75e-08,0.498589877419,0.781842612903,0.937954706452,1.15044222581,0.00143767361111,0.216666666667,0.175,0.175,0.216666666667,3.44445068368e+11,245
6.16193701021,6.25e-08,8.7101777719,2.75e-08,0.498589877419,0.781842612903,0.937954706452,1.15044222581,0.00154826388889,0.216666666667,0.175,0.175,0.233333333333,7.11861844645e+11,246
6.16193701021,6.25e-08,10.5051000591,2.75e-08,0.498589877419,0.781842612903,0.937954706452,1.15044222581,0.00154826388889,0.216666666667,0.175,0.175,0.233333333333,7.6980305141e+11,247
6.16193701021,6.25e-08,12.5257833594,2.75e-08,0.498589877419,0.781842612903,0.937954706452,1.15044222581,0.00210121527778,0.216666666667,0.175,0.175,0.316666666667,5.47787356722e+11,248
6.16193701021,6.25e-08,6.16193701021,4.5e-08,0.498589877419,0.650053203226,0.937954706452,1.21633696774,0.00143767361111,0.216666666667,0.175,0.175,0.216666666667,3.44445068368e+11,249
6.16193701021,6.25e-08,8.7101777719,4.5e-08,0.498589877419,0.650053203226,0.937954706452,1.21633696774,0.00154826388889,0.216666666667,0.175,0.175,0.233333333333,7.11861844645e+11,250
6.16193701021,6.25e-08,10.5051000591,4.5e-08,0.498589877419,0.650053203226,0.937954706452,1.21633696774,0.00154826388889,0.216666666667,0.175,0.175,0.233333333333,7.6980305141e+11,251
6.16193701021,6.25e-08,12.5257833594,4.5e-08,0.498589877419,0.650053203226,0.937954706452,1.21633696774,0.00210121527778,0.216666666667,0.175,0.175,0.316666666667,5.47787356722e+11,252
6.16193701021,6.25e-08,6.16193701021,6.25e-08,0.498589877419,0.549541529032,0.937954706452,1.26640751613,0.00143767361111,0.216666666667,0.175,0.175,0.216666666667,3.44445068368e+11,253
6.16193701021,6.25e-08,8.7101777719,6.25e-08,0.498589877419,0.549541529032,0.937954706452,1.26640751613,0.00154826388889,0.216666666667,0.175,0.175,0.233333333333,7.11861844645e+11,254
6.16193701021,6.25e-08,10.5051000591,6.25e-08,0.498589877419,0.549541529032,0.937954706452,1.26640751613,0.00154826388889,0.216666666667,0.175,0.175,0.233333333333,7.6980305141e+11,255
6.16193701021,6.25e-08,12.5257833594,6.25e-08,0.498589877419,0.549541529032,0.937954706452,1.26640751613,0.00210121527778,0.216666666667,0.175,0.175,0.316666666667,5.47787356722e+11,256
6.16193701021,6.25e-08,6.16193701021,8e-08,0.498589877419,0.471814216129,0.937954706452,1.3054563871,0.00236189236111,0.216666666667,0.2875,0.175,0.216666666667,3.44445068368e+11,257
6.16193701021,6.25e-08,8.7101777719,8e-08,0.498589877419,0.471814216129,0.937954706452,1.3054563871,0.00254357638889,0.216666666667,0.2875,0.175,0.233333333333,7.11861844645e+11,258
6.16193701021,6.25e-08,10.5051000591,8e-08,0.498589877419,0.471814216129,0.937954706452,1.3054563871,0.00254357638889,0.216666666667,0.2875,0.175,0.233333333333,7.6980305141e+11,259
6.16193701021,6.25e-08,12.5257833594,8e-08,0.498589877419,0.471814216129,0.937954706452,1.3054563871,0.00345199652778,0.216666666667,0.2875,0.175,0.316666666667,5.47787356722e+11,260
8.7101777719,6.25e-08,6.16193701021,1e-08,0.498589877419,0.956915567742,0.937954706452,1.06290570968,0.00165885416667,0.233333333333,0.1875,0.175,0.216666666667,7.11861844645e+11,261
8.7101777719,6.25e-08,8.7101777719,1e-08,0.498589877419,0.956915567742,0.937954706452,1.06290570968,0.00178645833333,0.233333333333,0.1875,0.175,0.233333333333,1.47119913275e+12,262
8.7101777719,6.25e-08,10.5051000591,1e-08,0.498589877419,0.956915567742,0.937954706452,1.06290570968,0.00178645833333,0.233333333333,0.1875,0.175,0.233333333333,1.59094575744e+12,263
8.7101777719,6.25e-08,12.5257833594,1e-08,0.498589877419,0.956915567742,0.937954706452,1.06290570968,0.00242447916667,0.233333333333,0.1875,0.175,0.316666666667,1.13210771191e+12,264
8.7101777719,6.25e-08,6.16193701021,2.75e-08,0.498589877419,0.781842612903,0.937954706452,1.15044222581,0.00154826388889,0.233333333333,0.175,0.175,0.216666666667,7.11861844645e+11,265
8.7101777719,6.25e-08,8.7101777719,2.75e-08,0.498589877419,0.781842612903,0.937954706452,1.15044222581,0.00166736111111,0.233333333333,0.175,0.175,0.233333333333,1.47119913275e+12,266
8.7101777719,6.25e-08,10.5051000591,2.75e-08,0.498589877419,0.781842612903,0.937954706452,1.15044222581,0.00166736111111,0.233333333333,0.175,0.175,0.233333333333,1.59094575744e+12,267
8.7101777719,6.25e-08,12.5257833594,2.75e-08,0.498589877419,0.781842612903,0.937954706452,1.15044222581,0.00226284722222,0.233333333333,0.175,0.175,0.316666666667,1.13210771191e+12,268
8.7101777719,6.25e-08,6.16193701021,4.5e-08,0.498589877419,0.650053203226,0.937954706452,1.21633696774,0.00154826388889,0.233333333333,0.175,0.175,0.216666666667,7.11861844645e+11,269
8.7101777719,6.25e-08,8.7101777719,4.5e-08,0.498589877419,0.650053203226,0.937954706452,1.21633696774,0.00166736111111,0.233333333333,0.175,0.175,0.233333333333,1.47119913275e+12,270
8.7101777719,6.25e-08,10.5051000591,4.5e-08,0.498589877419,0.650053203226,0.937954706452,1.21633696774,0.00166736111111,0.233333333333,0.175,0.175,0.233333333333,1.59094575744e+12,271
8.7101777719,6.25e-08,12.5257833594,4.5e-08,0.498589877419,0.650053203226,0.937954706452,1.21633696774,0.00226284722222,0.233333333333,0.175,0.175,0.316666666667,1.13210771191e+12,272
8.7101777719,6.25e-08,6.16193701021,6.25e-08,0.498589877419,0.549538377419,0.937954706452,1.26646332258,0.00154826388889,0.233333333333,0.175,0.175,0.216666666667,7.11861844645e+11,273
8.7101777719,6.25e-08,8.7101777719,6.25e-08,0.498589877419,0.549538377419,0.937954706452,1.26646332258,0.00166736111111,0.233333333333,0.175,0.175,0.233333333333,1.47119913275e+12,274
8.7101777719,6.25e-08,10.5051000591,6.25e-08,0.498589877419,0.549538377419,0.937954706452,1.26646332258,0.00166736111111,0.233333333333,0.175,0.175,0.233333333333,1.59094575744e+12,275
8.7101777719,6.25e-08,12.5257833594,6.25e-08,0.498589877419,0.549538377419,0.937954706452,1.26646332258,0.00226284722222,0.233333333333,0.175,0.175,0.316666666667,1.13210771191e+12,276
8.7101777719,6.25e-08,6.16193701021,8e-08,0.498589877419,0.471814216129,0.937954706452,1.3054563871,0.00254357638889,0.233333333333,0.2875,0.175,0.216666666667,7.11861844645e+11,277
8.7101777719,6.25e-08,8.7101777719,8e-08,0.498589877419,0.471814216129,0.937954706452,1.3054563871,0.00273923611111,0.233333333333,0.2875,0.175,0.233333333333,1.47119913275e+12,278
8.7101777719,6.25e-08,10.5051000591,8e-08,0.498589877419,0.471814216129,0.937954706452,1.3054563871,0.00273923611111,0.233333333333,0.2875,0.175,0.233333333333,1.59094575744e+12,279
8.7101777719,6.25e-08,12.5257833594,8e-08,0.498589877419,0.471814216129,0.937954706452,1.3054563871,0.00371753472222,0.233333333333,0.2875,0.175,0.316666666667,1.13210771191e+12,280
10.5051000591,6.25e-08,6.16193701021,1e-08,0.498589877419,0.956915567742,0.937954706452,1.06290570968,0.00165885416667,0.233333333333,0.1875,0.175,0.216666666667,7.6980305141e+11,281
10.5051000591,6.25e-08,8.7101777719,1e-08,0.498589877419,0.956915567742,0.937954706452,1.06290570968,0.00178645833333,0.233333333333,0.1875,0.175,0.233333333333,1.59094575744e+12,282
10.5051000591,6.25e-08,10.5051000591,1e-08,0.498589877419,0.956915567742,0.937954706452,1.06290570968,0.00178645833333,0.233333333333,0.1875,0.175,0.233333333333,1.72043902608e+12,283
10.5051000591,6.25e-08,12.5257833594,1e-08,0.498589877419,0.956915567742,0.937954706452,1.06290570968,0.00242447916667,0.233333333333,0.1875,0.175,0.316666666667,1.2242543658e+12,284
10.5051000591,6.25e-08,6.16193701021,2.75e-08,0.498589877419,0.781842612903,0.937954706452,1.15044222581,0.00154826388889,0.233333333333,0.175,0.175,0.216666666667,7.6980305141e+11,285
10.5051000591,6.25e-08,8.7101777719,2.75e-08,0.498589877419,0.781842612903,0.937954706452,1.15044222581,0.00166736111111,0.233333333333,0.175,0.175,0.233333333333,1.59094575744e+12,286
10.5051000591,6.25e-08,10.5051000591,2.75e-08,0.498589877419,0.781842612903,0.937954706452,1.15044222581,0.00166736111111,0.233333333333,0.175,0.175,0.233333333333,1.72043902608e+12,287
10.5051000591,6.25e-08,12.5257833594,2.75e-08,0.498589877419,0.781842612903,0.937954706452,1.15044222581,0.00226284722222,0.233333333333,0.175,0.175,0.316666666667,1.2242543658e+12,288
10.5051000591,6.25e-08,6.16193701021,4.5e-08,0.498589877419,0.650053203226,0.937954706452,1.21633696774,0.00154826388889,0.233333333333,0.175,0.175,0.216666666667,7.6980305141e+11,289
10.5051000591,6.25e-08,8.7101777719,4.5e-08,0.498589877419,0.650053203226,0.937954706452,1.21633696774,0.00166736111111,0.233333333333,0.175,0.175,0.233333333333,1.59094575744e+12,290
10.5051000591,6.25e-08,10.5051000591,4.5e-08,0.498589877419,0.650053203226,0.937954706452,1.21633696774,0.00166736111111,0.233333333333,0.175,0.175,0.233333333333,1.72043902608e+12,291
10.5051000591,6.25e-08,12.5257833594,4.5e-08,0.498589877419,0.650053203226,0.937954706452,1.21633696774,0.00226284722222,0.233333333333,0.175,0.175,0.316666666667,1.2242543658e+12,292
10.5051000591,6.25e-08,6.16193701021,6.25e-08,0.498589877419,0.549537058065,0.937954706452,1.26648632258,0.00154826388889,0.233333333333,0.175,0.175,0.216666666667,7.6980305141e+11,293
10.5051000591,6.25e-08,8.7101777719,6.25e-08,0.498589877419,0.549537058065,0.937954706452,1.26648632258,0.00166736111111,0.233333333333,0.175,0.175,0.233333333333,1.59094575744e+12,294
10.5051000591,6.25e-08,10.5051000591,6.25e-08,0.498589877419,0.549537058065,0.937954706452,1.26648632258,0.00166736111111,0.233333333333,0.175,0.175,0.233333333333,1.72043902608e+12,295
10.5051000591,6.25e-08,12.5257833594,6.25e-08,0.498589877419,0.549537058065,0.937954706452,1.26648632258,0.00226284722222,0.233333333333,0.175,0.175,0.316666666667,1.2242543658e+12,296
10.5051000591,6.25e-08,6.16193701021,8e-08,0.498589877419,0.471814216129,0.937954706452,1.3054563871,0.00254357638889,0.233333333333,0.2875,0.175,0.216666666667,7.6980305141e+11,297
10.5051000591,6.25e-08,8.7101777719,8e-08,0.498589877419,0.471814216129,0.937954706452,1.3054563871,0.00273923611111,0.233333333333,0.2875,0.175,0.233333333333,1.59094575744e+12,298
10.5051000591,6.25e-08,10.5051000591,8e-08,0.498589877419,0.471814216129,0.937954706452,1.3054563871,0.00273923611111,0.233333333333,0.2875,0.175,0.233333333333,1.72043902608e+12,299
10.5051000591,6.25e-08,12.5257833594,8e-08,0.498589877419,0.471814216129,0.937954706452,1.3054563871,0.00371753472222,0.233333333333,0.2875,0.175,0.316666666667,1.2242543658e+12,300
12.5257833594,6.25e-08,6.16193701021,1e-08,0.498589877419,0.956915567742,0.937954706452,1.06290570968,0.00225130208333,0.316666666667,0.1875,0.175,0.216666666667,5.47787356722e+11,301
12.5257833594,6.25e-08,8.7101777719,1e-08,0.498589877419,0.956915567742,0.937954706452,1.06290570968,0.00242447916667,0.316666666667,0.1875,0.175,0.233333333333,1.13210771191e+12,302
12.5257833594,6.25e-08,10.5051000591,1e-08,0.498589877419,0.956915567742,0.937954706452,1.06290570968,0.00242447916667,0.316666666667,0.1875,0.175,0.233333333333,1.2242543658e+12,303
12.5257833594,6.25e-08,12.5257833594,1e-08,0.498589877419,0.956915567742,0.937954706452,1.06290570968,0.00329036458333,0.316666666667,0.1875,0.175,0.316666666667,8.71172258632e+11,304
12.5257833594,6.25e-08,6.16193701021,2.75e-08,0.498589877419,0.781842612903,0.937954706452,1.15044222581,0.00210121527778,0.316666666667,0.175,0.175,0.216666666667,5.47787356722e+11,305
12.5257833594,6.25e-08,8.7101777719,2.75e-08,0.498589877419,0.781842612903,0.937954706452,1.15044222581,0.00226284722222,0.316666666667,0.175,0.175,0.233333333333,1.13210771191e+12,306
12.5257833594,6.25e-08,10.5051000591,2.75e-08,0.498589877419,0.781842612903,0.937954706452,1.15044222581,0.00226284722222,0.316666666667,0.175,0.175,0.233333333333,1.2242543658e+12,307
12.5257833594,6.25e-08,12.5257833594,2.75e-08,0.498589877419,0.781842612903,0.937954706452,1.15044222581,0.00307100694444,0.316666666667,0.175,0.175,0.316666666667,8.71172258632e+11,308
12.5257833594,6.25e-08,6.16193701021,4.5e-08,0.498589877419,0.650053203226,0.937954706452,1.21633696774,0.00210121527778,0.316666666667,0.175,0.175,0.216666666667,5.47787356722e+11,309
12.5257833594,6.25e-08,8.7101777719,4.5e-08,0.498589877419,0.650053203226,0.937954706452,1.21633696774,0.00226284722222,0.316666666667,0.175,0.175,0.233333333333,1.13210771191e+12,310
12.5257833594,6.25e-08,10.5051000591,4.5e-08,0.498589877419,0.650053203226,0.937954706452,1.21633696774,0.00226284722222,0.316666666667,0.175,0.175,0.233333333333,1.2242543658e+12,311
12.5257833594,6.25e-08,12.5257833594,4.5e-08,0.498589877419,0.650053203226,0.937954706452,1.21633696774,0.00307100694444,0.316666666667,0.175,0.175,0.316666666667,8.71172258632e+11,312
12.5257833594,6.25e-08,6.16193701021,6.25e-08,0.498589877419,0.549536051613,0.937954706452,1.26650435484,0.00210121527778,0.316666666667,0.175,0.175,0.216666666667,5.47787356722e+11,313
12.5257833594,6.25e-08,8.7101777719,6.25e-08,0.498589877419,0.549536051613,0.937954706452,1.26650435484,0.00226284722222,0.316666666667,0.175,0.175,0.233333333333,1.13210771191e+12,314
12.5257833594,6.25e-08,10.5051000591,6.25e-08,0.498589877419,0.549536051613,0.937954706452,1.26650435484,0.00226284722222,0.316666666667,0.175,0.175,0.233333333333,1.2242543658e+12,315
12.5257833594,6.25e-08,12.5257833594,6.25e-08,0.498589877419,0.549536051613,0.937954706452,1.26650435484,0.00307100694444,0.316666666667,0.175,0.175,0.316666666667,8.71172258632e+11,316
12.5257833594,6.25e-08,6.16193701021,8e-08,0.498589877419,0.471814216129,0.937954706452,1.3054563871,0.00345199652778,0.316666666667,0.2875,0.175,0.216666666667,5.47787356722e+11,317
12.5257833594,6.25e-08,8.7101777719,8e-08,0.498589877419,0.471814216129,0.937954706452,1.3054563871,0.00371753472222,0.316666666667,0.2875,0.175,0.233333333333,1.13210771191e+12,318
12.5257833594,6.25e-08,10.5051000591,8e-08,0.498589877419,0.471814216129,0.937954706452,1.3054563871,0.00371753472222,0.316666666667,0.2875,0.175,0.233333333333,1.2242543658e+12,319
12.5257833594,6.25e-08,12.5257833594,8e-08,0.498589877419,0.471814216129,0.937954706452,1.3054563871,0.00504522569444,0.316666666667,0.2875,0.175,0.316666666667,8.71172258632e+11,320
6.16193701021,8e-08,6.16193701021,1e-08,0.426337093548,0.956915567742,0.937954706452,1.06290570968,0.00253059895833,0.216666666667,0.1875,0.2875,0.216666666667,3.44445068368e+11,321
6.16193701021,8e-08,8.7101777719,1e-08,0.426337093548,0.956915567742,0.937954706452,1.06290570968,0.00272526041667,0.216666666667,0.1875,0.2875,0.233333333333,7.11861844645e+11,322
6.16193701021,8e-08,10.5051000591,1e-08,0.426337093548,0.956915567742,0.937954706452,1.06290570968,0.00272526041667,0.216666666667,0.1875,0.2875,0.233333333333,7.6980305141e+11,323
6.16193701021,8e-08,12.5257833594,1e-08,0.426337093548,0.956915567742,0.937954706452,1.06290570968,0.00369856770833,0.216666666667,0.1875,0.2875,0.316666666667,5.47787356722e+11,324
6.16193701021,8e-08,6.16193701021,2.75e-08,0.426337093548,0.781842612903,0.937954706452,1.15044222581,0.00236189236111,0.216666666667,0.175,0.2875,0.216666666667,3.44445068368e+11,325
6.16193701021,8e-08,8.7101777719,2.75e-08,0.426337093548,0.781842612903,0.937954706452,1.15044222581,0.00254357638889,0.216666666667,0.175,0.2875,0.233333333333,7.11861844645e+11,326
6.16193701021,8e-08,10.5051000591,2.75e-08,0.426337093548,0.781842612903,0.937954706452,1.15044222581,0.00254357638889,0.216666666667,0.175,0.2875,0.233333333333,7.6980305141e+11,327
6.16193701021,8e-08,12.5257833594,2.75e-08,0.426337093548,0.781842612903,0.937954706452,1.15044222581,0.00345199652778,0.216666666667,0.175,0.2875,0.316666666667,5.47787356722e+11,328
6.16193701021,8e-08,6.16193701021,4.5e-08,0.426337093548,0.650053203226,0.937954706452,1.21633696774,0.00236189236111,0.216666666667,0.175,0.2875,0.216666666667,3.44445068368e+11,329
6.16193701021,8e-08,8.7101777719,4.5e-08,0.426337093548,0.650053203226,0.937954706452,1.21633696774,0.00254357638889,0.216666666667,0.175,0.2875,0.233333333333,7.11861844645e+11,330
6.16193701021,8e-08,10.5051000591,4.5e-08,0.426337093548,0.650053203226,0.937954706452,1.21633696774,0.00254357638889,0.216666666667,0.175,0.2875,0.233333333333,7.6980305141e+11,331
6.16193701021,8e-08,12.5257833594,4.5e-08,0.426337093548,0.650053203226,0.937954706452,1.21633696774,0.00345199652778,0.216666666667,0.175,0.2875,0.316666666667,5.47787356722e+11,332
6.16193701021,8e-08,6.16193701021,6.25e-08,0.426337093548,0.549530732258,0.937954706452,1.26659809677,0.00236189236111,0.216666666667,0.175,0.2875,0.216666666667,3.44445068368e+11,333
6.16193701021,8e-08,8.7101777719,6.25e-08,0.426337093548,0.549530732258,0.937954706452,1.26659809677,0.00254357638889,0.216666666667,0.175,0.2875,0.233333333333,7.11861844645e+11,334
6.16193701021,8e-08,10.5051000591,6.25e-08,0.426337093548,0.549530732258,0.937954706452,1.26659809677,0.00254357638889,0.216666666667,0.175,0.2875,0.233333333333,7.6980305141e+11,335
6.16193701021,8e-08,12.5257833594,6.25e-08,0.426337093548,0.549530732258,0.937954706452,1.26659809677,0.00345199652778,0.216666666667,0.175,0.2875,0.316666666667,5.47787356722e+11,336
6.16193701021,8e-08,6.16193701021,8e-08,0.426337093548,0.471851780645,0.937954706452,1.30548206452,0.00388025173611,0.216666666667,0.2875,0.2875,0.216666666667,3.44445068368e+11,337
6.16193701021,8e-08,8.7101777719,8e-08,0.426337093548,0.471851780645,0.937954706452,1.30548206452,0.00417873263889,0.216666666667,0.2875,0.2875,0.233333333333,7.11861844645e+11,338
6.16193701021,8e-08,10.5051000591,8e-08,0.426337093548,0.471851780645,0.937954706452,1.30548206452,0.00417873263889,0.216666666667,0.2875,0.2875,0.233333333333,7.6980305141e+11,339
6.16193701021,8e-08,12.5257833594,8e-08,0.426337093548,0.471851780645,0.937954706452,1.30548206452,0.00567113715278,0.216666666667,0.2875,0.2875,0.316666666667,5.47787356722e+11,340
8.7101777719,8e-08,6.16193701021,1e-08,0.426337093548,0.956915567742,0.937954706452,1.06290570968,0.00272526041667,0.233333333333,0.1875,0.2875,0.216666666667,7.11861844645e+11,341
8.7101777719,8e-08,8.7101777719,1e-08,0.426337093548,0.956915567742,0.937954706452,1.06290570968,0.00293489583333,0.233333333333,0.1875,0.2875,0.233333333333,1.47119913275e+12,342
8.7101777719,8e-08,10.5051000591,1e-08,0.426337093548,0.956915567742,0.937954706452,1.06290570968,0.00293489583333,0.233333333333,0.1875,0.2875,0.233333333333,1.59094575744e+12,343
8.7101777719,8e-08,6.16193701021,2.75e-08,0.426337093548,0.781842612903,0.937954706452,1.15044222581,0.00254357638889,0.233333333333,0.175,0.2875,0.216666666667,7.11861844645e+11,345
8.7101777719,8e-08,12.5257833594,1e-08,0.426337093548,0.956915567742,0.937954706452,1.06290570968,0.00398307291667,0.233333333333,0.1875,0.2875,0.316666666667,1.13210771191e+12,344
8.7101777719,8e-08,10.5051000591,2.75e-08,0.426337093548,0.781842612903,0.937954706452,1.15044222581,0.00273923611111,0.233333333333,0.175,0.2875,0.233333333333,1.59094575744e+12,347
8.7101777719,8e-08,8.7101777719,2.75e-08,0.426337093548,0.781842612903,0.937954706452,1.15044222581,0.00273923611111,0.233333333333,0.175,0.2875,0.233333333333,1.47119913275e+12,346
8.7101777719,8e-08,12.5257833594,2.75e-08,0.426337093548,0.781842612903,0.937954706452,1.15044222581,0.00371753472222,0.233333333333,0.175,0.2875,0.316666666667,1.13210771191e+12,348
8.7101777719,8e-08,6.16193701021,4.5e-08,0.426337093548,0.650053203226,0.937954706452,1.21633696774,0.00254357638889,0.233333333333,0.175,0.2875,0.216666666667,7.11861844645e+11,349
8.7101777719,8e-08,8.7101777719,4.5e-08,0.426337093548,0.650053203226,0.937954706452,1.21633696774,0.00273923611111,0.233333333333,0.175,0.2875,0.233333333333,1.47119913275e+12,350
8.7101777719,8e-08,10.5051000591,4.5e-08,0.426337093548,0.650053203226,0.937954706452,1.21633696774,0.00273923611111,0.233333333333,0.175,0.2875,0.233333333333,1.59094575744e+12,351
8.7101777719,8e-08,12.5257833594,4.5e-08,0.426337093548,0.650053203226,0.937954706452,1.21633696774,0.00371753472222,0.233333333333,0.175,0.2875,0.316666666667,1.13210771191e+12,352
8.7101777719,8e-08,6.16193701021,6.25e-08,0.426337093548,0.549530732258,0.937954706452,1.26659809677,0.00254357638889,0.233333333333,0.175,0.2875,0.216666666667,7.11861844645e+11,353
8.7101777719,8e-08,8.7101777719,6.25e-08,0.426337093548,0.549530732258,0.937954706452,1.26659809677,0.00273923611111,0.233333333333,0.175,0.2875,0.233333333333,1.47119913275e+12,354
8.7101777719,8e-08,10.5051000591,6.25e-08,0.426337093548,0.549530732258,0.937954706452,1.26659809677,0.00273923611111,0.233333333333,0.175,0.2875,0.233333333333,1.59094575744e+12,355
8.7101777719,8e-08,12.5257833594,6.25e-08,0.426337093548,0.549530732258,0.937954706452,1.26659809677,0.00371753472222,0.233333333333,0.175,0.2875,0.316666666667,1.13210771191e+12,356
8.7101777719,8e-08,6.16193701021,8e-08,0.426337093548,0.471840796774,0.937954706452,1.30547445161,0.00417873263889,0.233333333333,0.2875,0.2875,0.216666666667,7.11861844645e+11,357
8.7101777719,8e-08,8.7101777719,8e-08,0.426337093548,0.471840796774,0.937954706452,1.30547445161,0.00450017361111,0.233333333333,0.2875,0.2875,0.233333333333,1.47119913275e+12,358
8.7101777719,8e-08,10.5051000591,8e-08,0.426337093548,0.471840796774,0.937954706452,1.30547445161,0.00450017361111,0.233333333333,0.2875,0.2875,0.233333333333,1.59094575744e+12,359
8.7101777719,8e-08,12.5257833594,8e-08,0.426337093548,0.471840796774,0.937954706452,1.30547445161,0.00610737847222,0.233333333333,0.2875,0.2875,0.316666666667,1.13210771191e+12,360
10.5051000591,8e-08,6.16193701021,1e-08,0.426337093548,0.956915567742,0.937954706452,1.06290570968,0.00272526041667,0.233333333333,0.1875,0.2875,0.216666666667,7.6980305141e+11,361
10.5051000591,8e-08,8.7101777719,1e-08,0.426337093548,0.956915567742,0.937954706452,1.06290570968,0.00293489583333,0.233333333333,0.1875,0.2875,0.233333333333,1.59094575744e+12,362
10.5051000591,8e-08,10.5051000591,1e-08,0.426337093548,0.956915567742,0.937954706452,1.06290570968,0.00293489583333,0.233333333333,0.1875,0.2875,0.233333333333,1.72043902608e+12,363
10.5051000591,8e-08,12.5257833594,1e-08,0.426337093548,0.956915567742,0.937954706452,1.06290570968,0.00398307291667,0.233333333333,0.1875,0.2875,0.316666666667,1.2242543658e+12,364
10.5051000591,8e-08,6.16193701021,2.75e-08,0.426337093548,0.781842612903,0.937954706452,1.15044222581,0.00254357638889,0.233333333333,0.175,0.2875,0.216666666667,7.6980305141e+11,365
10.5051000591,8e-08,8.7101777719,2.75e-08,0.426337093548,0.781842612903,0.937954706452,1.15044222581,0.00273923611111,0.233333333333,0.175,0.2875,0.233333333333,1.59094575744e+12,366
10.5051000591,8e-08,10.5051000591,2.75e-08,0.426337093548,0.781842612903,0.937954706452,1.15044222581,0.00273923611111,0.233333333333,0.175,0.2875,0.233333333333,1.72043902608e+12,367
10.5051000591,8e-08,12.5257833594,2.75e-08,0.426337093548,0.781842612903,0.937954706452,1.15044222581,0.00371753472222,0.233333333333,0.175,0.2875,0.316666666667,1.2242543658e+12,368
10.5051000591,8e-08,6.16193701021,4.5e-08,0.426337093548,0.650053203226,0.937954706452,1.21633696774,0.00254357638889,0.233333333333,0.175,0.2875,0.216666666667,7.6980305141e+11,369
10.5051000591,8e-08,8.7101777719,4.5e-08,0.426337093548,0.650053203226,0.937954706452,1.21633696774,0.00273923611111,0.233333333333,0.175,0.2875,0.233333333333,1.59094575744e+12,370
10.5051000591,8e-08,10.5051000591,4.5e-08,0.426337093548,0.650053203226,0.937954706452,1.21633696774,0.00273923611111,0.233333333333,0.175,0.2875,0.233333333333,1.72043902608e+12,371
10.5051000591,8e-08,12.5257833594,4.5e-08,0.426337093548,0.650053203226,0.937954706452,1.21633696774,0.00371753472222,0.233333333333,0.175,0.2875,0.316666666667,1.2242543658e+12,372
10.5051000591,8e-08,6.16193701021,6.25e-08,0.426337093548,0.549530732258,0.937954706452,1.26659809677,0.00254357638889,0.233333333333,0.175,0.2875,0.216666666667,7.6980305141e+11,373
10.5051000591,8e-08,8.7101777719,6.25e-08,0.426337093548,0.549530732258,0.937954706452,1.26659809677,0.00273923611111,0.233333333333,0.175,0.2875,0.233333333333,1.59094575744e+12,374
10.5051000591,8e-08,10.5051000591,6.25e-08,0.426337093548,0.549530732258,0.937954706452,1.26659809677,0.00273923611111,0.233333333333,0.175,0.2875,0.233333333333,1.72043902608e+12,375
10.5051000591,8e-08,12.5257833594,6.25e-08,0.426337093548,0.549530732258,0.937954706452,1.26659809677,0.00371753472222,0.233333333333,0.175,0.2875,0.316666666667,1.2242543658e+12,376
10.5051000591,8e-08,6.16193701021,8e-08,0.426337093548,0.471836248387,0.937954706452,1.30547154839,0.00417873263889,0.233333333333,0.2875,0.2875,0.216666666667,7.6980305141e+11,377
10.5051000591,8e-08,8.7101777719,8e-08,0.426337093548,0.471836248387,0.937954706452,1.30547154839,0.00450017361111,0.233333333333,0.2875,0.2875,0.233333333333,1.59094575744e+12,378
10.5051000591,8e-08,10.5051000591,8e-08,0.426337093548,0.471836248387,0.937954706452,1.30547154839,0.00450017361111,0.233333333333,0.2875,0.2875,0.233333333333,1.72043902608e+12,379
10.5051000591,8e-08,12.5257833594,8e-08,0.426337093548,0.471836248387,0.937954706452,1.30547154839,0.00610737847222,0.233333333333,0.2875,0.2875,0.316666666667,1.2242543658e+12,380
12.5257833594,8e-08,6.16193701021,1e-08,0.426337093548,0.956915567742,0.937954706452,1.06290570968,0.00369856770833,0.316666666667,0.1875,0.2875,0.216666666667,5.47787356722e+11,381
12.5257833594,8e-08,8.7101777719,1e-08,0.426337093548,0.956915567742,0.937954706452,1.06290570968,0.00398307291667,0.316666666667,0.1875,0.2875,0.233333333333,1.13210771191e+12,382
12.5257833594,8e-08,10.5051000591,1e-08,0.426337093548,0.956915567742,0.937954706452,1.06290570968,0.00398307291667,0.316666666667,0.1875,0.2875,0.233333333333,1.2242543658e+12,383
12.5257833594,8e-08,12.5257833594,1e-08,0.426337093548,0.956915567742,0.937954706452,1.06290570968,0.00540559895833,0.316666666667,0.1875,0.2875,0.316666666667,8.71172258632e+11,384
12.5257833594,8e-08,6.16193701021,2.75e-08,0.426337093548,0.781842612903,0.937954706452,1.15044222581,0.00345199652778,0.316666666667,0.175,0.2875,0.216666666667,5.47787356722e+11,385
12.5257833594,8e-08,8.7101777719,2.75e-08,0.426337093548,0.781842612903,0.937954706452,1.15044222581,0.00371753472222,0.316666666667,0.175,0.2875,0.233333333333,1.13210771191e+12,386
12.5257833594,8e-08,10.5051000591,2.75e-08,0.426337093548,0.781842612903,0.937954706452,1.15044222581,0.00371753472222,0.316666666667,0.175,0.2875,0.233333333333,1.2242543658e+12,387
12.5257833594,8e-08,12.5257833594,2.75e-08,0.426337093548,0.781842612903,0.937954706452,1.15044222581,0.00504522569444,0.316666666667,0.175,0.2875,0.316666666667,8.71172258632e+11,388
12.5257833594,8e-08,6.16193701021,4.5e-08,0.426337093548,0.650053203226,0.937954706452,1.21633696774,0.00345199652778,0.316666666667,0.175,0.2875,0.216666666667,5.47787356722e+11,389
12.5257833594,8e-08,8.7101777719,4.5e-08,0.426337093548,0.650053203226,0.937954706452,1.21633696774,0.00371753472222,0.316666666667,0.175,0.2875,0.233333333333,1.13210771191e+12,390
12.5257833594,8e-08,10.5051000591,4.5e-08,0.426337093548,0.650053203226,0.937954706452,1.21633696774,0.00371753472222,0.316666666667,0.175,0.2875,0.233333333333,1.2242543658e+12,391
12.5257833594,8e-08,12.5257833594,4.5e-08,0.426337093548,0.650053203226,0.937954706452,1.21633696774,0.00504522569444,0.316666666667,0.175,0.2875,0.316666666667,8.71172258632e+11,392
12.5257833594,8e-08,6.16193701021,6.25e-08,0.426337093548,0.549530732258,0.937954706452,1.26659809677,0.00345199652778,0.316666666667,0.175,0.2875,0.216666666667,5.47787356722e+11,393
12.5257833594,8e-08,8.7101777719,6.25e-08,0.426337093548,0.549530732258,0.937954706452,1.26659809677,0.00371753472222,0.316666666667,0.175,0.2875,0.233333333333,1.13210771191e+12,394
12.5257833594,8e-08,10.5051000591,6.25e-08,0.426337093548,0.549530732258,0.937954706452,1.26659809677,0.00371753472222,0.316666666667,0.175,0.2875,0.233333333333,1.2242543658e+12,395
12.5257833594,8e-08,12.5257833594,6.25e-08,0.426337093548,0.549530732258,0.937954706452,1.26659809677,0.00504522569444,0.316666666667,0.175,0.2875,0.316666666667,8.71172258632e+11,396
12.5257833594,8e-08,6.16193701021,8e-08,0.426337093548,0.471832690323,0.937954706452,1.30546896774,0.00567113715278,0.316666666667,0.2875,0.2875,0.216666666667,5.47787356722e+11,397
12.5257833594,8e-08,8.7101777719,8e-08,0.426337093548,0.471832690323,0.937954706452,1.30546896774,0.00610737847222,0.316666666667,0.2875,0.2875,0.233333333333,1.13210771191e+12,398
12.5257833594,8e-08,10.5051000591,8e-08,0.426337093548,0.471832690323,0.937954706452,1.30546896774,0.00610737847222,0.316666666667,0.2875,0.2875,0.233333333333,1.2242543658e+12,399
12.5257833594,8e-08,12.5257833594,8e-08,0.426337093548,0.471832690323,0.937954706452,1.30546896774,0.00828858506944,0.316666666667,0.2875,0.2875,0.316666666667,8.71172258632e+11,400
