time,AuxSystemUp,CladDamaged,CladFailureDistThreshold,CladTempBranched,DG1_time_ratio,DG1recoveryTime,DG2recoveryTime,DeltaTimeScramToAux,DownStreamSpeed,Head_PumpA,Head_PumpB,InitialMassFlowPrimary,MassFlowRateIn_SC_A,MassFlowRateIn_SC_B,PrimPGrecovery,PrimPGrecoveryThreshold,PrimPGrecoveryTime,ScramStatus,SecPGrecoveryTime,UpstreamSpeed,a_Head_PumpA,a_Head_PumpB,a_MassFlowRateIn_SC_A,a_MassFlowRateIn_SC_B,a_friction2_CL_A,a_friction2_CL_B,a_power_CH1,a_power_CH2,a_power_CH3,auxAbsolute,avg_Fluid_Vel_C_L_A,avg_Fluid_Vel_H_L-A,avg_out_temp_sec_A,avg_temp_clad_CH1,avg_temp_clad_CH2,avg_temp_clad_CH3,avg_temp_fuel_CH1,avg_temp_fuel_CH2,avg_temp_fuel_CH3,crew1DG1,crew1DG1Threshold,crew1DG2CoupledDG1,crew1DG2CoupledDG1Threshold,crewSecPG,crewSecPGThreshold,init_Power_Fraction_CH1,init_Power_Fraction_CH2,init_Power_Fraction_CH3,power_CH1,power_CH2,power_CH3,reactor:power,scram_start_time,sec_inlet_velocity
100,0,0,0,1500,0,-14039.2756861,0,200,4.5853023820451,8.9,8.9,0,2.542,2.542,0,0,0,0,81400,4.5853023820451,8.9,8.9,2.542,2.542,0.001,0.001,0.333672612,0.369921461,0.296405926,0.001,3.3353396744442,1.6103959794953,590.30029932623,681.85700340182,676.02959562007,666.62153617446,1200.0715355387,1106.7597294015,953.92758784848,0,0,0,0,0,0,0.333672612,0.369921461,0.296405926,0.333672612,0.369921461,0.296405926,2771999790,101,2.5420000008968
100.09979848866,0,0,0,1500,0,-14039.2756861,0,200,4.5884179478395,8.9,8.9,0,2.542,2.542,0,0,0,0,81400,4.5884179478395,8.9,8.9,2.542,2.542,0.001,0.001,0.333672612,0.369921461,0.296405926,0.001,3.3376062020442,1.611463478909,590.31070035403,681.8792487458,676.05156932311,666.64310017566,1200.0940342295,1106.7822046642,953.95003082921,0,0,0,0,0,0,0.333672612,0.369921461,0.296405926,0.333672612,0.369921461,0.296405926,2771999790,101,2.54200000115
100.19962211549,0,0,0,1500,0,-14039.2756861,0,-14039.2756861,4.5807421041457,8.9,8.9,0,2.542,2.542,0,0,0,0,81400,4.5807421041457,8.9,8.9,2.542,2.542,0.001,0.001,0.333672612,0.369921461,0.296405926,-13938.2756861,3.3320295094573,1.6088283899688,590.32052172154,685.1074519182,678.73943075975,668.4450249959,1200.4901128307,1107.1153046976,954.17988426455,0,0,0,0,0,0,0.333672612,0.369921461,0.296405926,0.333672612,0.369921461,0.296405926,2771999790,101,2.5419999998661
100.2994708868,0,0,0,1500,0,-14039.2756861,0,-14039.2756861,4.6017649203635,8.9,8.9,0,2.542,2.542,0,0,0,0,81400,4.6017649203635,8.9,8.9,2.542,2.542,0.001,0.001,0.333672612,0.369921461,0.296405926,-13938.2756861,3.3458134072887,1.6215319331523,590.33062722234,686.47788366301,679.88218806256,669.21604696865,1200.8948961925,1107.4556253652,954.41459468164,0,0,0,0,0,0,0.333672612,0.369921461,0.296405926,0.333672612,0.369921461,0.296405926,2771999790,101,2.5420000013205
100.39934480894,0,0,0,1500,0,-14039.2756861,0,-14039.2756861,4.5949944839666,8.9,8.9,0,2.542,2.542,0,0,0,0,81400,4.5949944839666,8.9,8.9,2.542,2.542,0.001,0.001,0.333672612,0.369921461,0.296405926,-13938.2756861,3.3412705549349,1.6187141906228,590.34060453405,687.33944129383,680.60180686678,669.70574847846,1201.2734723566,1107.7741385084,954.63482977365,0,0,0,0,0,0,0.333672612,0.369921461,0.296405926,0.333672612,0.369921461,0.296405926,2771999790,101,2.5420000005546
100.49924388824,0,0,0,1500,0,-14039.2756861,0,-14039.2756861,4.5922351215678,8.9,8.9,0,2.542,2.542,0,0,0,0,81400,4.5922351215678,8.9,8.9,2.542,2.542,0.001,0.001,0.333672612,0.369921461,0.296405926,-13938.2756861,3.3393502406069,1.617909491294,590.35082533306,687.99569095986,681.1507575895,670.0828771647,1201.6255790503,1108.0706303338,954.84049723952,0,0,0,0,0,0,0.333672612,0.369921461,0.296405926,0.333672612,0.369921461,0.296405926,2771999790,101,2.5420000010143
100.59916813103,0,0,0,1500,0,-14039.2756861,0,-14039.2756861,4.5883569298699,8.9,8.9,0,2.542,2.542,0,0,0,0,81400,4.5883569298699,8.9,8.9,2.542,2.542,0.001,0.001,0.333672612,0.369921461,0.296405926,-13938.2756861,3.3366045612443,1.6167793847509,590.36104630008,688.51715143251,681.58768709462,670.38628039727,1201.9553915988,1108.3485766155,955.03394632616,0,0,0,0,0,0,0.333672612,0.369921461,0.296405926,0.333672612,0.369921461,0.296405926,2771999790,101,2.5420000007599
100.69911754366,0,0,0,1500,0,-14039.2756861,0,-14039.2756861,4.5933862124787,8.9,8.9,0,2.542,2.542,0,0,0,0,81400,4.5933862124787,8.9,8.9,2.542,2.542,0.001,0.001,0.333672612,0.369921461,0.296405926,-13938.2756861,3.3403133867571,1.6187080543797,590.37135668668,688.9338181206,681.93755134189,670.6323689466,1202.2667367688,1108.6111631109,955.21731660178,0,0,0,0,0,0,0.333672612,0.369921461,0.296405926,0.333672612,0.369921461,0.296405926,2771999790,101,2.5420000008346
100.79909213246,0,0,0,1500,0,-14039.2756861,0,-14039.2756861,4.5743737918388,8.9,8.9,0,2.542,2.542,0,0,0,0,81400,4.5743737918388,8.9,8.9,2.542,2.542,0.001,0.001,0.333672612,0.369921461,0.296405926,-13938.2756861,3.3265784548014,1.6123573710804,590.38168532452,689.24395783028,682.19892995934,670.81918587277,1202.5616017005,1108.8600461489,955.39167959467,0,0,0,0,0,0,0.333672612,0.369921461,0.296405926,0.333672612,0.369921461,0.296405926,2771999790,101,2.5420000008204
100.8,0,0,0,1500,0,-14039.2756861,0,-14039.2756861,4.574384083871,8.9,8.9,0,2.542,2.542,0,0,0,0,81400,4.574384083871,8.9,8.9,2.542,2.542,0.001,0.001,0.333672612,0.369921461,0.296405926,-13938.2756861,3.326723592094,1.6125538991783,590.38177649727,689.24677089853,682.20130094139,670.8208812533,1202.5642780002,1108.8623051175,955.39326223643,0,0,0,0,0,0,0.333672612,0.369921461,0.296405926,0.333672612,0.369921461,0.296405926,2771999790,101,2.5419991267257
100.9,0,0,0,1500,0,-14039.2756861,0,-14039.2756861,4.5851649522625,8.9,8.9,0,2.542,2.542,0,0,0,0,81400,4.5851649522625,8.9,8.9,2.542,2.542,0.001,0.001,0.333672612,0.369921461,0.296405926,-13938.2756861,3.3346759197091,1.61624053921,590.39212656685,689.48803913807,682.40537959009,670.96910149122,1202.8449596087,1109.0993922357,955.55985727853,0,0,0,0,0,0,0.333672612,0.369921461,0.296405926,0.333672612,0.369921461,0.296405926,2771999790,101,2.5420001961339
100.98685714286,0,0,0,1500,0,-14039.2756861,0,-14039.2756861,4.5774463480234,8.9,8.9,0,2.542,2.542,0,0,0,0,81400,4.5774463480234,8.9,8.9,2.542,2.542,0.001,0.001,0.333672612,0.369921461,0.296405926,-13938.2756861,3.3290716605444,1.6137311659543,590.40109811104,689.64878517285,682.54216768118,671.07035653913,1203.0791763983,1109.297359262,955.69929436074,0,0,0,0,0,0,0.333672612,0.369921461,0.296405926,0.333672612,0.369921461,0.296405926,2771999790,101,2.5419999985659
101.06229877551,0,0,0,1500,0,-14039.2756861,0,-14039.2756861,4.5963499796482,8.9,8.9,0,2.542,2.542,0,0,0,0,81400,4.5963499796482,8.9,8.9,2.542,2.542,0.001,0.001,0.333672612,0.369921461,0.296405926,-13938.2756861,3.3428068873025,1.6203144776869,590.40888077264,689.77406774889,682.64901147374,671.15006156414,1203.2765634458,1109.4642790286,955.8170758568,0,0,0,0,0,0,0.333672612,0.369921461,0.296405926,0.333672612,0.369921461,0.296405926,2771999790,101,2.5420000007335
101.12782522216,0,0,0,1500,0,-14039.2756861,0,-14039.2756861,2.4390802617305,8.8791015896494,8.8791015896494,0,2.5269624178408,2.5269624178408,0,0,0,1,81400,2.4390802617305,8.8791015896494,8.8791015896494,2.5269624178408,2.5269624178408,1076.6306055122,1076.6306055122,0.42169024629843,0.4675009766764,0.37459318938425,-13938.2756861,1.7679155992141,0.86815862403616,590.52159909865,691.73306752402,684.27814467792,672.25381684834,1205.6933237255,1111.476124089,957.16621307893,0,0,0,0,0,0,0.333672612,0.369921461,0.296405926,0.42169024629843,0.4675009766764,0.37459318938425,2771999790,101,2.5231817216458
101.18473962153,1,0,0,1500,0,-14039.2756861,0,-14039.2756861,2.6716540521475,8.8571733918355,8.8571733918355,0,0.1271,0.1271,0,0,0,1,81400,2.6716540521475,8.8571733918355,8.8571733918355,0.1271,0.1271,0,0,0.3640922322959,0.40364574635707,0.32342808903679,-13938.2756861,1.940981783078,0.95358219620187,590.49971039243,692.43479146564,684.86116704346,672.65398951393,1206.5009502892,1112.1496345373,957.62109171318,0,0,0,0,0,0,0.333672612,0.369921461,0.296405926,0.3640922322959,0.40364574635707,0.32342808903679,2771999790,101,0.1344815945655
101.2341738427,1,0,0,1500,0,-14039.2756861,0,-14039.2756861,2.7384112065295,8.8381711367708,8.8381711367708,0,0.1271,0.1271,0,0,0,1,81400,2.7384112065295,8.8381711367708,8.8381711367708,0.1271,0.1271,0.1,0.1,0.33763496094109,0.37431426357523,0.29992573453322,-13938.2756861,1.9928227727665,0.9741189723573,590.73752276654,692.78928566167,685.15616663069,672.85980598216,1206.6926214032,1112.3106986935,957.73319339158,0,0,0,0,0,0,0.333672612,0.369921461,0.296405926,0.33763496094109,0.37431426357523,0.29992573453322,2771999790,101,0.12712872713909
101.2771109948,1,0,0,1500,0,-14039.2756861,0,-14039.2756861,2.911960724485,8.8216994067119,8.8216994067119,0,0.1271,0.1271,0,0,0,1,81400,2.911960724485,8.8216994067119,8.8216994067119,0.1271,0.1271,0.1,0.1,0.3216034419124,0.35654114487186,0.28568471782405,-13938.2756861,2.1187360211713,1.0366013243182,590.72772085106,693.01779626699,685.34648954318,672.99418876082,1206.5964674412,1112.2322019308,957.68477724123,0,0,0,0,0,0,0.333672612,0.369921461,0.296405926,0.3216034419124,0.35654114487186,0.28568471782405,2771999790,101,0.12709329912879
101.31440497834,1,0,0,1500,0,-14039.2756861,0,-14039.2756861,3.0072038208556,8.8074174462187,8.8074174462187,0,0.1271,0.1271,0,0,0,1,81400,3.0072038208556,8.8074174462187,8.8074174462187,0.1271,0.1271,0.1,0.1,0.31067374857007,0.34442409365437,0.27597572236106,-13938.2756861,2.1888402715982,1.067456119032,590.72510912179,693.1545544629,685.4606276657,673.0762325655,1206.360700201,1112.0374191868,957.55820832977,0,0,0,0,0,0,0.333672612,0.369921461,0.296405926,0.31067374857007,0.34442409365437,0.27597572236106,2771999790,101,0.12709947793741
101.3467974669,1,0,0,1500,0,-14039.2756861,0,-14039.2756861,3.1177617260335,8.7950313079968,8.7950313079968,0,0.1271,0.1271,0,0,0,1,81400,3.1177617260335,8.7950313079968,8.7950313079968,0.1271,0.1271,0.1,0.1,0.30271475349184,0.33560046539857,0.26890563862824,-13938.2756861,2.2693764234448,1.1062029991719,590.72437232728,693.23877982329,685.5311514913,673.12830727619,1206.0615298174,1111.7897488444,957.3958779925,0,0,0,0,0,0,0.333672612,0.369921461,0.296405926,0.30271475349184,0.33560046539857,0.26890563862824,2771999790,101,0.12709950975053
101.37493265697,1,0,0,1500,0,-14039.2756861,0,-14039.2756861,3.1949952354798,8.7842871985115,8.7842871985115,0,0.1271,0.1271,0,0,0,1,81400,3.1949952354798,8.7842871985115,8.7842871985115,0.1271,0.1271,0.1,0.1,0.29667081040529,0.32889993267166,0.26353672166342,-13938.2756861,2.3256948678766,1.1327855177318,590.72491290148,693.28337199677,685.56874098999,673.15760385137,1205.7404519603,1111.5237185389,957.22089499535,0,0,0,0,0,0,0.333672612,0.369921461,0.296405926,0.29667081040529,0.32889993267166,0.26353672166342,2771999790,101,0.12709961280021
101.3993700792,1,0,0,1500,0,-14039.2756861,0,-14039.2756861,3.2651649406855,8.7749658235162,8.7749658235162,0,0.1271,0.1271,0,0,0,1,81400,3.2651649406855,8.7749658235162,8.7749658235162,0.1271,0.1271,0.1,0.1,0.29194682095943,0.32366274803404,0.25934033749595,-13938.2756861,2.3768284281113,1.1573046250355,590.72626876138,693.30183656789,685.58461237452,673.1718124332,1205.4205842653,1111.2585705529,957.04615725974,0,0,0,0,0,0,0.333672612,0.369921461,0.296405926,0.29194682095943,0.32366274803404,0.25934033749595,2771999790,101,0.12709969215997
101.42059572593,1,0,0,1500,0,-14039.2756861,0,-14039.2756861,3.3214313063302,8.766877570624,8.766877570624,0,0.1271,0.1271,0,0,0,1,81400,3.3214313063302,8.766877570624,8.766877570624,0.1271,0.1271,0.1,0.1,0.28817656239723,0.31948290376299,0.25599116546265,-13938.2756861,2.4178417382961,1.1767681795572,590.72811172852,693.30233480324,685.58553008777,673.17552980261,1205.114665404,1111.004913836,956.87879239795,0,0,0,0,0,0,0.333672612,0.369921461,0.296405926,0.28817656239723,0.31948290376299,0.25599116546265,2771999790,101,0.12709975161632
101.43903171624,1,0,0,1500,0,-14039.2756861,0,-14039.2756861,3.3691866229434,8.759858395414,8.759858395414,0,0.1271,0.1271,0,0,0,1,81400,3.3691866229434,8.759858395414,8.759858395414,0.1271,0.1271,0.1,0.1,0.28511986534418,0.3160941394502,0.25327585983694,-13938.2756861,2.4526487452446,1.1933819931455,590.73021227949,693.2911503446,685.57671006729,673.17232433199,1204.8293561261,1110.7683010419,956.72254661987,0,0,0,0,0,0,0.333672612,0.369921461,0.296405926,0.28511986534418,0.3160941394502,0.25327585983694,2771999790,101,0.12709979689825
101.45504469067,1,0,0,1500,0,-14039.2756861,0,-14039.2756861,3.4091633325058,8.7537663010345,8.7537663010345,0,0.1271,0.1271,0,0,0,1,81400,3.4091633325058,8.7537663010345,8.7537663010345,0.1271,0.1271,0.1,0.1,0.28261144492751,0.31331321433989,0.25104759581508,-13938.2756861,2.4817860617969,1.2072510955846,590.73241242896,693.27269053123,685.56180938072,673.16469794997,1204.5676830682,1110.5512610185,956.57914227646,0,0,0,0,0,0,0.333672612,0.369921461,0.296405926,0.28261144492751,0.31331321433989,0.25104759581508,2771999790,101,0.12709983151136
101.46895310276,1,0,0,1500,0,-14039.2756861,0,-14039.2756861,3.4429423363143,8.7484783201441,8.7484783201441,0,0.1271,0.1271,0,0,0,1,81400,3.4429423363143,8.7484783201441,8.7484783201441,0.1271,0.1271,0.1,0.1,0.28053317466031,0.31100916915923,0.24920144002981,-13938.2756861,2.5064073336943,1.2189804976247,590.73460592926,693.25009021081,685.54343114401,673.15444016119,1204.3304887881,1110.3545048697,956.44908370044,0,0,0,0,0,0,0.333672612,0.369921461,0.296405926,0.28053317466031,0.31100916915923,0.24920144002981,2771999790,101,0.12709985824063
101.48103355211,1,0,0,1500,0,-14039.2756861,0,-14039.2756861,3.4715474489381,8.7438879233057,8.7438879233057,0,0.1271,0.1271,0,0,0,1,81400,3.4715474489381,8.7438879233057,8.7438879233057,0.1271,0.1271,0.1,0.1,0.27879803674319,0.30908553284551,0.24766009338473,-13938.2756861,2.5272572201914,1.2289094689585,590.73672368741,693.22552968396,685.52338682946,673.14280290146,1204.1173176363,1110.1776628279,956.33214973276,0,0,0,0,0,0,0.333672612,0.369921461,0.296405926,0.27879803674319,0.30908553284551,0.24766009338473,2771999790,101,0.12709987901399
101.49152628526,1,0,0,1500,0,-14039.2756861,0,-14039.2756861,3.4958535169354,8.7399027903899,8.7399027903899,0,0.1271,0.1271,0,0,0,1,81400,3.4958535169354,8.7399027903899,8.7399027903899,0.1271,0.1271,0.1,0.1,0.27734032632606,0.30746946263828,0.24636518936657,-13938.2756861,2.5449740763465,1.2373460405016,590.73872307831,693.20049609642,685.50291322392,673.1306480467,1203.9269676562,1110.0197433715,956.22770074798,0,0,0,0,0,0,0.333672612,0.369921461,0.296405926,0.27734032632606,0.30746946263828,0.24636518936657,2771999790,101,0.12709989528445
101.5,1,0,0,1500,0,-14039.2756861,0,-14039.2756861,3.515127818331,8.7364428917237,8.7364428917237,0,0.1271,0.1271,0,0,0,1,81400,3.515127818331,8.7364428917237,8.7364428917237,0.1271,0.1271,0.1,0.1,0.27610940712767,0.3061048213346,0.245271747077,-13938.2756861,2.5590235844304,1.2440332005019,590.7404413842,693.17759242695,685.48415385148,673.11934567057,1203.7696755815,1109.8892434078,956.14136895471,0,0,0,0,0,0,0.333672612,0.369921461,0.296405926,0.27610940712767,0.3061048213346,0.245271747077,2771999790,101,0.1270998775929
101.508,1,0,0,1500,0,-14039.2756861,0,-14039.2756861,3.5330239100313,8.7336497486999,8.7336497486999,0,0.1271,0.1271,0,0,0,1,81400,3.5330239100313,8.7336497486999,8.7336497486999,0.1271,0.1271,0.1,0.1,0.2751381348582,0.30502803395671,0.2444089526909,-13938.2756861,2.572068641213,1.2502448468197,590.74215698304,693.15417869944,685.46496226759,673.10768554575,1203.6185912654,1109.7638894893,956.05842868312,0,0,0,0,0,0,0.333672612,0.369921461,0.296405926,0.2751381348582,0.30502803395671,0.2444089526909,2771999790,101,0.12709998882404
101.51819428571,1,0,0,1500,0,-14039.2756861,0,-14039.2756861,3.5553775585223,8.7310135731242,8.7310135731242,0,0.1271,0.1271,0,0,0,1,81400,3.5553775585223,8.7310135731242,8.7310135731242,0.1271,0.1271,0.1,0.1,0.27423911837164,0.30403135193904,0.24361034410091,-13938.2756861,2.5883612876607,1.2580176166095,590.74449583074,693.12245233088,685.4389466795,673.09178246738,1203.4232168636,1109.6017838558,955.95115802691,0,0,0,0,0,0,0.333672612,0.369921461,0.296405926,0.27423911837164,0.30403135193904,0.24361034410091,2771999790,101,0.12710000443302
101.53118471837,1,0,0,1500,0,-14039.2756861,0,-14039.2756861,3.5831442022128,8.7276554852303,8.7276554852303,0,0.1271,0.1271,0,0,0,1,81400,3.5831442022128,8.7276554852303,8.7276554852303,0.1271,0.1271,0.1,0.1,0.27311782715424,0.30278824815877,0.24261428584004,-13938.2756861,2.6085968616834,1.2676823588288,590.74772177533,693.07812676322,685.40257339144,673.06935866634,1203.1697357999,1109.3914592571,955.81195797121,0,0,0,0,0,0,0.333672612,0.369921461,0.296405926,0.27311782715424,0.30278824815877,0.24261428584004,2771999790,101,0.12709990734582
101.54773824112,1,0,0,1500,0,-14039.2756861,0,-14039.2756861,3.617384915565,8.7233781932834,8.7233781932834,0,0.1271,0.1271,0,0,0,1,81400,3.617384915565,8.7233781932834,8.7233781932834,0.1271,0.1271,0.1,0.1,0.27172674644798,0.30124604604591,0.24137856990156,-13938.2756861,2.6335490315872,1.2796063170468,590.75223069644,693.01460329915,685.35039773303,673.03687841808,1202.8395925276,1109.1175142136,955.63061863818,0,0,0,0,0,0,0.333672612,0.369921461,0.296405926,0.27172674644798,0.30124604604591,0.24137856990156,2771999790,101,0.12709990115267
101.56883215868,1,0,0,1500,0,-14039.2756861,0,-14039.2756861,3.6592131114158,8.7179307386637,8.7179307386637,0,0.1271,0.1271,0,0,0,1,81400,3.6592131114158,8.7179307386637,8.7179307386637,0.1271,0.1271,0.1,0.1,0.27001213718519,0.29934516853687,0.23985545913973,-13938.2756861,2.6640282978701,1.2941807852361,590.75861983568,692.92180297551,685.27409678628,672.98890126207,1202.4076828929,1108.7591102986,955.3933203185,0,0,0,0,0,0,0.333672612,0.369921461,0.296405926,0.27001213718519,0.29934516853687,0.23985545913973,2771999790,101,0.12709990120645
101.59571183649,1,0,0,1500,0,-14039.2756861,0,-14039.2756861,3.7096891993736,8.7109940540712,8.7109940540712,0,0.1271,0.1271,0,0,0,1,81400,3.7096891993736,8.7109940540712,8.7109940540712,0.1271,0.1271,0.1,0.1,0.26791522427844,0.29702045545537,0.23799274284384,-13938.2756861,2.7008057220109,1.3117807029864,590.76779948507,692.78459426055,685.16116620198,672.91720226201,1201.8398103139,1108.287859655,955.08122830286,0,0,0,0,0,0,0.333672612,0.369921461,0.296405926,0.26791522427844,0.29702045545537,0.23799274284384,2771999790,101,0.12709990682047
101.62996422593,1,0,0,1500,0,-14039.2756861,0,-14039.2756861,3.7696399734314,8.7021627332415,8.7021627332415,0,0.1271,0.1271,0,0,0,1,81400,3.7696399734314,8.7021627332415,8.7021627332415,0.1271,0.1271,0.1,0.1,0.26537450267858,0.29420372009139,0.235735785241,-13938.2756861,2.7444812438159,1.3327006386769,590.78116858234,692.58090199682,684.99334994477,672.80969183133,1201.0891360167,1107.6648769671,954.66853031239,0,0,0,0,0,0,0.333672612,0.369921461,0.296405926,0.26537450267858,0.29420372009139,0.235735785241,2771999790,101,0.12709992331592
101.67361155647,1,0,0,1500,0,-14039.2756861,0,-14039.2756861,3.8393831518891,8.6909220798149,8.6909220798149,0,0.1271,0.1271,0,0,0,1,81400,3.8393831518891,8.6909220798149,8.6909220798149,0.1271,0.1271,0.1,0.1,0.26232936042629,0.29082776584639,0.23303074390218,-13938.2756861,2.7952824757711,1.3570566820493,590.80089006575,692.28004834975,684.74525579041,672.64941096057,1200.0913091338,1106.8367346516,954.11974019908,0,0,0,0,0,0,0.333672612,0.369921461,0.296405926,0.26232936042629,0.29082776584639,0.23303074390218,2771999790,101,0.12709995739631
101.72923072625,1,0,0,1500,0,-14039.2756861,0,-14039.2756861,3.9183525087942,8.6766193128623,8.6766193128623,0,0.1271,0.1271,0,0,0,1,81400,3.9183525087942,8.6766193128623,8.6766193128623,0.1271,0.1271,0.1,0.1,0.2587250120871,0.28683185561692,0.22982895217975,-13938.2756861,2.8527917836673,1.3846486015694,590.83032205399,691.84293053991,684.38448297056,672.41445183524,1198.7580043998,1105.7300943386,953.38611112133,0,0,0,0,0,0,0.333672612,0.369921461,0.296405926,0.2587250120871,0.28683185561692,0.22982895217975,2771999790,101,0.12710001805339
101.80010543974,1,0,0,1500,0,-14039.2756861,0,-14039.2756861,4.0046642237249,8.658427604115,8.658427604115,0,0.1271,0.1271,0,0,0,1,81400,4.0046642237249,8.658427604115,8.658427604115,0.1271,0.1271,0.1,0.1,0.25451839726691,0.28216825110103,0.22609215893912,-13938.2756861,2.915632819543,1.4147934577648,590.87468992374,691.2272061887,683.87589645708,672.08056860599,1196.9688522008,1104.2450004737,952.40113865451,0,0,0,0,0,0,0.333672612,0.369921461,0.296405926,0.25451839726691,0.28216825110103,0.22609215893912,2771999790,101,0.12710011624668
101.89042007463,1,0,0,1500,0,-14039.2756861,0,-14039.2756861,4.0947473724469,8.6353014275188,8.6353014275188,0,0.1271,0.1271,0,0,0,1,81400,4.0947473724469,8.6353014275188,8.6353014275188,0.1271,0.1271,0.1,0.1,0.24968428378671,0.27680897899741,0.22179795009201,-13938.2756861,2.9812067274454,1.4461772852067,590.94212725612,690.40111074685,683.19308847497,671.62869465313,1194.5623616796,1102.2473339888,951.07547816238,0,0,0,0,0,0,0.333672612,0.369921461,0.296405926,0.24968428378671,0.27680897899741,0.22179795009201,2771999790,101,0.12710026328074
102.00550672368,1,0,0,1500,0,-14039.2756861,0,-14039.2756861,4.1832658225853,8.6059215548458,8.6059215548458,0,0.1271,0.1271,0,0,0,1,81400,4.1832658225853,8.6059215548458,8.6059215548458,0.1271,0.1271,0.1,0.1,0.2442204632816,0.27075159103327,0.2169443639178,-13938.2756861,3.0456368010696,1.4768303834301,591.04527495495,689.36463491629,682.33601332234,671.05712030088,1191.3272718729,1099.5616204749,949.29209317568,0,0,0,0,0,0,0.333672612,0.369921461,0.296405926,0.2442204632816,0.27075159103327,0.2169443639178,2771999790,101,0.12710046707761
102.15215999646,1,0,0,1500,0,-14039.2756861,0,-14039.2756861,4.2636089604195,8.5686280029436,8.5686280029436,0,0.1271,0.1271,0,0,0,1,81400,4.2636089604195,8.5686280029436,8.5686280029436,0.1271,0.1271,0.1,0.1,0.23815082754727,0.26402257451278,0.21155262382402,-13938.2756861,3.1041098810342,1.5043664302224,591.20371202768,688.16412429119,681.34308163476,670.39058202275,1186.9959819595,1095.9655630316,946.90260906369,0,0,0,0,0,0,0.333672612,0.369921461,0.296405926,0.23815082754727,0.26402257451278,0.21155262382402,2771999790,101,0.12710072578797
102.2,1,0,0,1500,0,-14039.2756861,0,-14039.2756861,4.2856091037475,8.5213394508247,8.5213394508247,0,0.1271,0.1271,0,0,0,1,81400,4.2856091037475,8.5213394508247,8.5213394508247,0.1271,0.1271,0.1,0.1,0.23152540744026,0.2566773954433,0.20566717290198,-13938.2756861,3.1201942480749,1.511733308896,591.25779819181,687.7303106671,680.98406448169,670.14906880967,1185.4748381174,1094.7024958549,946.06293395,0,0,0,0,0,0,0.333672612,0.369921461,0.296405926,0.23152540744026,0.2566773954433,0.20566717290198,2771999790,101,0.12710017431094
102.4,1,0,0,1500,0,-14039.2756861,0,-14039.2756861,4.3471361082378,8.5059698976487,8.5059698976487,0,0.1271,0.1271,0,0,0,1,81400,4.3471361082378,8.5059698976487,8.5059698976487,0.1271,0.1271,0.1,0.1,0.22958036848492,0.25452105528775,0.2039393683057,-13938.2756861,3.1648637113198,1.5323037466516,591.53758242972,686.44049053234,679.9162339922,669.42669975302,1179.2547442056,1089.5376277071,942.62814856682,0,0,0,0,0,0,0.333672612,0.369921461,0.296405926,0.22958036848492,0.25452105528775,0.2039393683057,2771999790,101,0.12710115611003
102.60011235955,1,0,0,1500,0,-14039.2756861,0,-14039.2756861,4.3724091175466,8.4420155391914,8.4420155391914,0,0.1271,0.1271,0,0,0,1,81400,4.3724091175466,8.4420155391914,8.4420155391914,0.1271,0.1271,0.1,0.1,0.22235243759612,0.24650791109121,0.19751869884974,-13938.2756861,3.1831017094774,1.5408901670769,591.85724704993,685.35196869272,679.01241014615,668.8115330054,1172.7742272586,1084.1557877774,939.04706341695,0,0,0,0,0,0,0.333672612,0.369921461,0.296405926,0.22235243759612,0.24650791109121,0.19751869884974,2771999790,101,0.1271011670205
102.80033714178,1,0,0,1500,0,-14039.2756861,0,-14039.2756861,4.4367677328384,8.3785065134974,8.3785065134974,0,0.1271,0.1271,0,0,0,1,81400,4.4367677328384,8.3785065134974,8.3785065134974,0.1271,0.1271,0.1,0.1,0.21626577748045,0.23976002072915,0.19211183576614,-13938.2756861,3.2295915710991,1.5624545501982,592.22199188532,684.46869706424,678.27470044812,668.30511757929,1166.1347462946,1078.6410768956,935.3758901376,0,0,0,0,0,0,0.333672612,0.369921461,0.296405926,0.21626577748045,0.23976002072915,0.19211183576614,2771999790,101,0.12710118202463
103.00067440983,1,0,0,1500,0,-14039.2756861,0,-14039.2756861,4.4276355169599,8.3154399870619,8.3154399870619,0,0.1271,0.1271,0,0,0,1,81400,4.4276355169599,8.3154399870619,8.3154399870619,0.1271,0.1271,0.1,0.1,0.21102789118806,0.23395311156085,0.18745895003041,-13938.2756861,3.2228333736822,1.5588610741515,592.62945271328,683.6381991072,677.57615882428,667.81816071761,1159.3984774967,1073.0449700613,931.64864211011,0,0,0,0,0,0,0.333672612,0.369921461,0.296405926,0.21102789118806,0.23395311156085,0.18745895003041,2771999790,101,0.12710099643395
103.20112422692,1,0,0,1500,0,-14039.2756861,0,-14039.2756861,4.4110890772184,8.2528131425315,8.2528131425315,0,0.1271,0.1271,0,0,0,1,81400,4.4110890772184,8.2528131425315,8.2528131425315,0.1271,0.1271,0.1,0.1,0.20644401904694,0.22887126600776,0.1833870339732,-13938.2756861,3.210561795478,1.5527198071189,593.0788885897,682.86221886511,676.91906010942,667.35339661579,1152.6132414726,1067.4071073518,927.89159304638,0,0,0,0,0,0,0.333672612,0.369921461,0.296405926,0.20644401904694,0.22887126600776,0.1833870339732,2771999790,101,0.12710109284394
103.40168665626,1,0,0,1500,0,-14039.2756861,0,-14039.2756861,4.4273991042631,8.190623178624,8.190623178624,0,0.1271,0.1271,0,0,0,1,81400,4.4273991042631,8.190623178624,8.190623178624,0.1271,0.1271,0.1,0.1,0.20237830353069,0.22436386752885,0.17977540350337,-13938.2756861,3.2222478376546,1.5578337952025,593.5680247668,682.16284895603,676.32353506933,666.92717415488,1145.8187223468,1061.7605103914,924.12685836941,0,0,0,0,0,0,0.333672612,0.369921461,0.296405926,0.20237830353069,0.22436386752885,0.17977540350337,2771999790,101,0.12710101835063
103.60236176112,1,0,0,1500,0,-14039.2756861,0,-14039.2756861,4.2175267391324,8.1288673100492,8.1288673100492,0,0.1271,0.1271,0,0,0,1,81400,4.2175267391324,8.1288673100492,8.1288673100492,0.1271,0.1271,0.1,0.1,0.19873241636531,0.22032190586238,0.17653671227586,-13938.2756861,3.0697960965643,1.4851465931057,594.09618419208,681.30428999569,675.59525160521,666.40434320937,1139.0276853913,1056.1159255177,920.36120115352,0,0,0,0,0,0,0.333672612,0.369921461,0.296405926,0.19873241636531,0.22032190586238,0.17653671227586,2771999790,101,0.12710094414944
103.80314960481,1,0,0,1500,0,-14039.2756861,0,-14039.2756861,4.1776971208398,8.0675427674298,8.0675427674298,0,0.1271,0.1271,0,0,0,1,81400,4.1776971208398,8.0675427674298,8.0675427674298,0.1271,0.1271,0.1,0.1,0.19543302752941,0.21666408470867,0.17360582023387,-13938.2756861,3.0412726225044,1.4705474479422,594.66211523704,680.54529022643,674.95277638577,665.94708952684,1132.2723257548,1050.5004762124,916.61370665158,0,0,0,0,0,0,0.333672612,0.369921461,0.296405926,0.19543302752941,0.21666408470867,0.17360582023387,2771999790,101,0.12710078338212
104.00405025065,1,0,0,1500,0,-14039.2756861,0,-14039.2756861,4.4991873631219,8.0066467972217,8.0066467972217,0,0.1271,0.1271,0,0,0,1,81400,4.4991873631219,8.0066467972217,8.0066467972217,0.1271,0.1271,0.1,0.1,0.1924240748093,0.21332825148092,0.17093292654941,-13938.2756861,3.2732090459257,1.583251406848,595.26401755294,680.19267761022,674.651818044,665.7350486015,1125.603008009,1044.9563407173,912.91397069709,0,0,0,0,0,0,0.333672612,0.369921461,0.296405926,0.1924240748093,0.21332825148092,0.17093292654941,2771999790,101,0.12710079861903
104.20506376203,1,0,0,1500,0,-14039.2756861,0,-14039.2756861,4.5028258359183,7.9461766616364,7.9461766616364,0,0.1271,0.1271,0,0,0,1,81400,4.5028258359183,7.9461766616364,7.9461766616364,0.1271,0.1271,0.1,0.1,0.18966179099789,0.21026588427886,0.16847915221627,-13938.2756861,3.2764593077921,1.5809701391505,595.90054077013,679.86007355582,674.37475964551,665.54661097973,1119.0273869244,1039.4904049979,909.26689385727,0,0,0,0,0,0,0.333672612,0.369921461,0.296405926,0.18966179099789,0.21026588427886,0.16847915221627,2771999790,101,0.12710066372248
104.40619020234,1,0,0,1500,0,-14039.2756861,0,-14039.2756861,4.4072344438215,7.8861296385618,7.8861296385618,0,0.1271,0.1271,0,0,0,1,81400,4.4072344438215,7.8861296385618,7.8861296385618,0.1271,0.1271,0.1,0.1,0.18711139083361,0.20743841891018,0.16621359701282,-13938.2756861,3.2061657341735,1.5483291942236,596.57090468573,679.47729636175,674.06398654455,665.34941489059,1112.5469301091,1034.1043565366,905.67436486447,0,0,0,0,0,0,0.333672612,0.369921461,0.296405926,0.18711139083361,0.20743841891018,0.16621359701282,2771999790,101,0.12710055604854
104.60742963504,1,0,0,1500,0,-14039.2756861,0,-14039.2756861,4.4412053280354,7.8265030214851,7.8265030214851,0,0.1271,0.1271,0,0,0,1,81400,4.4412053280354,7.8265030214851,7.8265030214851,0.1271,0.1271,0.1,0.1,0.18474479687273,0.20481472771073,0.16411131936338,-13938.2756861,3.2306524214427,1.5594041728598,597.27249769076,679.20060694635,673.84953073732,665.23423846789,1106.1770874258,1028.8114294887,902.14618785117,0,0,0,0,0,0,0.333672612,0.369921461,0.296405926,0.18474479687273,0.20481472771073,0.16411131936338,2771999790,101,0.12710061219362
104.8087821236,1,0,0,1500,0,-14039.2756861,0,-14039.2756861,4.3795941965975,7.7672941194145,7.7672941194145,0,0.1271,0.1271,0,0,0,1,81400,4.3795941965975,7.7672941194145,7.7672941194145,0.1271,0.1271,0.1,0.1,0.18253903785852,0.20236934391894,0.16215191358769,-13938.2756861,3.18556026407,1.5375814396553,598.00385349451,678.89688720316,673.62035680152,665.12178477098,1099.9196935023,1023.613455184,898.68397485538,0,0,0,0,0,0,0.333672612,0.369921461,0.296405926,0.18253903785852,0.20236934391894,0.16215191358769,2771999790,101,0.12710051027001
105.01024773154,1,0,0,1500,0,-14039.2756861,0,-14039.2756861,4.313384799097,7.708500256802,7.708500256802,0,0.1271,0.1271,0,0,0,1,81400,4.313384799097,7.708500256802,7.708500256802,0.1271,0.1271,0.1,0.1,0.18047509518926,0.20008118282877,0.16031848520283,-13938.2756861,3.1372552138772,1.5144660825465,598.76246259281,678.61593767315,673.41702118287,665.03952689599,1093.7806398255,1018.5155437671,895.29155579599,0,0,0,0,0,0,0.333672612,0.369921461,0.296405926,0.18047509518926,0.20008118282877,0.16031848520283,2771999790,101,0.12710051811189
105.2118265224,1,0,0,1500,0,-14039.2756861,0,-14039.2756861,4.3823088699511,7.6501187734666,7.6501187734666,0,0.1271,0.1271,0,0,0,1,81400,4.3823088699511,7.6501187734666,7.6501187734666,0.1271,0.1271,0.1,0.1,0.17853705561466,0.19793260243851,0.1585968982518,-13938.2756861,3.1870261278177,1.5374344824841,599.54587121852,678.47559903487,673.3354466762,665.051124396,1087.7742656129,1013.5296632251,891.97730647163,0,0,0,0,0,0,0.333672612,0.369921461,0.296405926,0.17853705561466,0.19793260243851,0.1585968982518,2771999790,101,0.12710047688532
105.41351855977,1,0,0,1500,0,-14039.2756861,0,-14039.2756861,4.3346706135104,7.5921470245176,7.5921470245176,0,0.1271,0.1271,0,0,0,1,81400,4.3346706135104,7.5921470245176,7.5921470245176,0.1271,0.1271,0.1,0.1,0.17671147792539,0.19590870133995,0.15697521272529,-13938.2756861,3.1521488579931,1.5207106822113,600.35255698082,678.32994392138,673.25467013576,665.07182365502,1081.8996274493,1008.6551439686,888.74084034419,0,0,0,0,0,0,0.333672612,0.369921461,0.296405926,0.17671147792539,0.19590870133995,0.15697521272529,2771999790,101,0.1271004094709
105.61532390727,1,0,0,1500,0,-14039.2756861,0,-14039.2756861,4.2051242581233,7.534582380278,7.534582380278,0,0.1271,0.1271,0,0,0,1,81400,4.2051242581233,7.534582380278,7.534582380278,0.1271,0.1271,0.1,0.1,0.17498691217226,0.19399678570755,0.15544325747748,-13938.2756861,3.0578946578681,1.475937915556,601.17917167995,678.13998048084,673.14139266738,665.07792420591,1076.1529355446,1003.8888947432,885.58010687143,0,0,0,0,0,0,0.333672612,0.369921461,0.296405926,0.17498691217226,0.19399678570755,0.15544325747748,2771999790,101,0.12710041485416
105.81724262857,1,0,0,1500,0,-14039.2756861,0,-14039.2756861,4.3882406906669,7.4774222262084,7.4774222262084,0,0.1271,0.1271,0,0,0,1,81400,4.3882406906669,7.4774222262084,7.4774222262084,0.1271,0.1271,0.1,0.1,0.17335352954746,0.19218595897137,0.15399230144451,-13938.2756861,3.1897131941674,1.541951836763,602.02301515775,678.16871311888,673.21224428709,665.21790563661,1070.5527690098,999.2462788784,882.50576109727,0,0,0,0,0,0,0.333672612,0.369921461,0.296405926,0.17335352954746,0.19218595897137,0.15399230144451,2771999790,101,0.12710038684326
106.01927478735,1,0,0,1500,0,-14039.2756861,0,-14039.2756861,4.3480712372549,7.4206639628316,7.4206639628316,0,0.1271,0.1271,0,0,0,1,81400,4.3480712372549,7.4206639628316,7.4206639628316,0.1271,0.1271,0.1,0.1,0.17180283384181,0.1904668019283,0.15261479732807,-13938.2756861,3.1616369532805,1.5234940130791,602.88221435817,678.15988568001,673.25356675928,665.33874971302,1065.0921599137,994.72142208018,879.51339955868,0,0,0,0,0,0,0.333672612,0.369921461,0.296405926,0.17180283384181,0.1904668019283,0.15261479732807,2771999790,101,0.12710033364107
106.22142044734,1,0,0,1500,0,-14039.2756861,0,-14039.2756861,4.2650515353314,7.3643050056567,7.3643050056567,0,0.1271,0.1271,0,0,0,1,81400,4.2650515353314,7.3643050056567,7.3643050056567,0.1271,0.1271,0.1,0.1,0.17032743390993,0.18883112048867,0.15130417947301,-13938.2756861,3.1006940773693,1.4956474863012,603.75431815612,678.12161367002,673.27432274658,665.45307226161,1059.7663204413,990.31048548173,876.60068406857,0,0,0,0,0,0,0.333672612,0.369921461,0.296405926,0.17032743390993,0.18883112048867,0.15130417947301,2771999790,101,0.12710030497713
106.42367967231,1,0,0,1500,0,-14039.2756861,0,-14039.2756861,4.2818519922329,7.3083427851043,7.3083427851043,0,0.1271,0.1271,0,0,0,1,81400,4.2818519922329,7.3083427851043,7.3083427851043,0.1271,0.1271,0.1,0.1,0.16892086236256,0.18727174467211,0.15005470280939,-13938.2756861,3.1128728230448,1.5009174098988,604.63541067934,678.14387297869,673.3458694812,665.60389042358,1054.5789565212,986.01639134331,873.76940005981,0,0,0,0,0,0,0.333672612,0.369921461,0.296405926,0.16892086236256,0.18727174467211,0.15005470280939,2771999790,101,0.12710032809269
106.62605252606,1,0,0,1500,0,-14039.2756861,0,-14039.2756861,4.2272790004315,7.2527747464315,7.2527747464315,0,0.1271,0.1271,0,0,0,1,81400,4.2272790004315,7.2527747464315,7.2527747464315,0.1271,0.1271,0.1,0.1,0.16757742970841,0.18578236690388,0.1488613132846,-13938.2756861,3.0730778316246,1.4818060296218,605.52407164393,678.14407021046,673.40183377919,665.74836755129,1049.5257594667,981.83563428381,871.01722321519,0,0,0,0,0,0,0.333672612,0.369921461,0.296405926,0.16757742970841,0.18578236690388,0.1488613132846,2771999790,101,0.12710028023239
106.82853907243,1,0,0,1500,0,-14039.2756861,0,-14039.2756861,4.1820564905503,7.1975983496576,7.1975983496576,0,0.1271,0.1271,0,0,0,1,81400,4.1820564905503,7.1975983496576,7.1975983496576,0.1271,0.1271,0.1,0.1,0.16629210597985,0.18435741078093,0.14771954270986,-13938.2756861,3.0401341226099,1.4660883400528,606.41692804765,678.15844942555,673.47110891656,665.90468139931,1044.6059062302,977.76749595849,868.34361399163,0,0,0,0,0,0,0.333672612,0.369921461,0.296405926,0.16629210597985,0.18435741078093,0.14771954270986,2771999790,101,0.12710029792393
107.03113937527,1,0,0,1500,0,-14039.2756861,0,-14039.2756861,4.1819764702964,7.1428110694894,7.1428110694894,0,0.1271,0.1271,0,0,0,1,81400,4.1819764702964,7.1428110694894,7.1428110694894,0.1271,0.1271,0.1,0.1,0.16506042388333,0.18299192370095,0.14662542272751,-13938.2756861,3.0399799212056,1.4657137737628,607.31197645182,678.22036375579,673.58109178408,666.09113439523,1039.8209866764,973.81324894847,865.74938708013,0,0,0,0,0,0,0.333672612,0.369921461,0.296405926,0.16506042388333,0.18299192370095,0.14662542272751,2771999790,101,0.12710028298426
107.23385349852,1,0,0,1500,0,-14039.2756861,0,-14039.2756861,4.1487226433201,7.0884103952478,7.0884103952478,0,0.1271,0.1271,0,0,0,1,81400,4.1487226433201,7.0884103952478,7.0884103952478,0.1271,0.1271,0.1,0.1,0.16387839896515,0.1816814883552,0.14557541389301,-13938.2756861,3.015729093746,1.4540107314856,608.20826685267,678.29224122839,673.70184418911,666.28927519119,1035.1685322195,969.97091307528,863.23332501572,0,0,0,0,0,0,0.333672612,0.369921461,0.296405926,0.16387839896515,0.1816814883552,0.14557541389301,2771999790,101,0.12710022966878
107.4366815061,1,0,0,1500,0,-14039.2756861,0,-14039.2756861,4.1220212529959,7.0343938307941,7.0343938307941,0,0.1271,0.1271,0,0,0,1,81400,4.1220212529959,7.0343938307941,7.0343938307941,0.1271,0.1271,0.1,0.1,0.16274246334433,0.1804221492625,0.14456634680912,-13938.2756861,2.9962326728068,1.4446690035023,609.10223532477,678.38330935007,673.83927700389,666.50021990774,1030.6468648467,966.23900553176,860.79428868685,0,0,0,0,0,0,0.333672612,0.369921461,0.296405926,0.16274246334433,0.1804221492625,0.14456634680912,2771999790,101,0.12710026192056
107.639623462,1,0,0,1500,0,-14039.2756861,0,-14039.2756861,4.1017124944946,6.9807588944562,6.9807588944562,0,0.1271,0.1271,0,0,0,1,81400,4.1017124944946,6.9807588944562,6.9807588944562,0.1271,0.1271,0.1,0.1,0.16164941035054,0.17921035139276,0.1435953729469,-13938.2756861,2.9814044554605,1.4374348809467,609.992666316,678.49088848722,673.99092500643,666.72193948499,1026.253976708,962.61577195105,858.43096502776,0,0,0,0,0,0,0.333672612,0.369921461,0.296405926,0.16164941035054,0.17921035139276,0.1435953729469,2771999790,101,0.1271002486145
107.84267943024,1,0,0,1500,0,-14039.2756861,0,-14039.2756861,4.0766216121725,6.9275031189565,6.9275031189565,0,0.1271,0.1271,0,0,0,1,81400,4.0766216121725,6.9275031189565,6.9275031189565,0.1271,0.1271,0.1,0.1,0.16059634799281,0.17804288858076,0.14265992331138,-13938.2756861,2.9630776247098,1.428603882997,610.87826428112,678.60531642033,674.14840896442,666.94805784808,1021.9869961355,959.09873293256,856.14152919481,0,0,0,0,0,0,0.333672612,0.369921461,0.296405926,0.16059634799281,0.17804288858076,0.14265992331138,2771999790,101,0.12710023879919
108.04584947487,1,0,0,1500,0,-14039.2756861,0,-14039.2756861,4.0916879308844,6.8746240513384,6.8746240513384,0,0.1271,0.1271,0,0,0,1,81400,4.0916879308844,6.8746240513384,6.8746240513384,0.1271,0.1271,0.1,0.1,0.1595806596294,0.17691685992332,0.14175767350406,-13938.2756861,2.9739097028483,1.4335454833204,611.75768395666,678.75068468387,674.33041280868,667.18933645984,1017.8451351585,955.68705094173,853.92514900428,0,0,0,0,0,0,0.333672612,0.369921461,0.296405926,0.1595806596294,0.17691685992332,0.14175767350406,2771999790,101,0.12710022869571
108.24913365996,1,0,0,1500,0,-14039.2756861,0,-14039.2756861,4.0659162188436,6.8221192528943,6.8221192528943,0,0.1271,0.1271,0,0,0,1,81400,4.0659162188436,6.8221192528943,6.8221192528943,0.1271,0.1271,0.1,0.1,0.15859997054841,0.17582963272941,0.14088651403602,-13938.2756861,2.9550733249276,1.4244797499245,612.63063047751,678.87796861494,674.49660270714,667.41856689999,1013.8231982413,952.37629688253,851.7786275341,0,0,0,0,0,0,0.333672612,0.369921461,0.296405926,0.15859997054841,0.17582963272941,0.14088651403602,2771999790,101,0.1271001863729
108.45253204966,1,0,0,1500,0,-14039.2756861,0,-14039.2756861,4.037664136271,6.7699862990934,6.7699862990934,0,0.1271,0.1271,0,0,0,1,81400,4.037664136271,6.7699862990934,6.7699862990934,0.1271,0.1271,0.1,0.1,0.15765211942965,0.17477881088174,0.1400445249771,-13938.2756861,2.9344188615445,1.4146859862589,613.49463014629,678.9856380385,674.64328449543,667.62885778233,1009.9165329766,949.16231221479,849.69862914572,0,0,0,0,0,0,0.333672612,0.369921461,0.296405926,0.15765211942965,0.17477881088174,0.1400445249771,2771999790,101,0.12710021023546
108.65604470812,1,0,0,1500,0,-14039.2756861,0,-14039.2756861,4.0505393792071,6.7182227795101,6.7182227795101,0,0.1271,0.1271,0,0,0,1,81400,4.0505393792071,6.7182227795101,6.7182227795101,0.1271,0.1271,0.1,0.1,0.15673513386094,0.17376220769318,0.13922995420669,-13938.2756861,2.9436480736232,1.418869699469,614.34939168726,679.09840988886,674.78979380317,667.83148610071,1006.1230203013,946.04300238519,847.68317576151,0,0,0,0,0,0,0.333672612,0.369921461,0.296405926,0.15673513386094,0.17376220769318,0.13922995420669,2771999790,101,0.12710019828382
108.85967169952,1,0,0,1500,0,-14039.2756861,0,-14039.2756861,4.0240814916542,6.6668262977522,6.6668262977522,0,0.1271,0.1271,0,0,0,1,81400,4.0240814916542,6.6668262977522,6.6668262977522,0.1271,0.1271,0.1,0.1,0.15584720924013,0.17277782251688,0.13844119867211,-13938.2756861,2.9243161575342,1.4095760329814,615.19519711409,679.17158246893,674.89935996777,668.00154189637,1002.4366844118,943.01316130216,845.72829030989,0,0,0,0,0,0,0.333672612,0.369921461,0.296405926,0.15584720924013,0.17277782251688,0.13844119867211,2771999790,101,0.12710016185811
109.06341308812,1,0,0,1500,0,-14039.2756861,0,-14039.2756861,3.9985357367863,6.6157944713898,6.6157944713898,0,0.1271,0.1271,0,0,0,1,81400,3.9985357367863,6.6157944713898,6.6157944713898,0.1271,0.1271,0.1,0.1,0.15498669051921,0.17182382050709,0.1376767881717,-13938.2756861,2.9055968926075,1.4007190609997,616.03008079267,679.21056112894,674.97448237591,668.13710165904,998.85270669614,940.06841324527,843.83032984796,0,0,0,0,0,0,0.333672612,0.369921461,0.296405926,0.15498669051921,0.17182382050709,0.1376767881717,2771999790,101,0.12710018061309
109.26726893817,1,0,0,1500,0,-14039.2756861,0,-14039.2756861,3.9980132556517,6.5651249318848,6.5651249318848,0,0.1271,0.1271,0,0,0,1,81400,3.9980132556517,6.5651249318848,6.5651249318848,0.1271,0.1271,0.1,0.1,0.15415205634539,0.17089851503738,0.13693537126703,-13938.2756861,2.9050981137611,1.4003255720959,616.8541492032,679.23069891586,675.02735862385,668.24556592294,995.36793972867,937.20578323732,841.98664192264,0,0,0,0,0,0,0.333672612,0.369921461,0.296405926,0.15415205634539,0.17089851503738,0.13693537126703,2771999790,101,0.12710016891188
109.47123931398,1,0,0,1500,0,-14039.2756861,0,-14039.2756861,3.8721306995746,6.5148153245196,6.5148153245196,0,0.1271,0.1271,0,0,0,1,81400,3.8721306995746,6.5148153245196,6.5148153245196,0.1271,0.1271,0.1,0.1,0.15334190523324,0.17000035237056,0.13621570299951,-13938.2756861,2.8135834551842,1.3569483476542,617.66722499175,679.12956871265,674.97357877079,668.26910183328,991.97079499784,934.41539004296,840.18993479575,0,0,0,0,0,0,0.333672612,0.369921461,0.296405926,0.15334190523324,0.17000035237056,0.13621570299951,2771999790,101,0.1271001596928
109.67532427988,1,0,0,1500,0,-14039.2756861,0,-14039.2756861,3.8541430577415,6.4648633083275,6.4648633083275,0,0.1271,0.1271,0,0,0,1,81400,3.8541430577415,6.4648633083275,6.4648633083275,0.1271,0.1271,0.1,0.1,0.15255494346503,0.16912789824463,0.13551663414206,-13938.2756861,2.8006302112569,1.3502751111347,618.47003533563,679.0158712668,674.90226094606,668.26833443361,988.66056208576,931.69631080736,838.43907696869,0,0,0,0,0,0,0.333672612,0.369921461,0.296405926,0.15255494346503,0.16912789824463,0.13551663414206,2771999790,101,0.12710012329241
109.87952390027,1,0,0,1500,0,-14039.2756861,0,-14039.2756861,3.9828097824426,6.415266556022,6.415266556022,0,0.1271,0.1271,0,0,0,1,81400,3.9828097824426,6.415266556022,6.415266556022,0.1271,0.1271,0.1,0.1,0.15178997446797,0.16827982609596,0.13483710176278,-13938.2756861,2.89377306616,1.3943384581054,619.26059563695,678.99428630416,674.89962229488,668.30120994495,985.44431033962,929.05405980912,836.73730115755,0,0,0,0,0,0,0.333672612,0.369921461,0.296405926,0.15178997446797,0.16827982609596,0.13483710176278,2771999790,101,0.12710014243468
110,1,0,0,1500,0,-14039.2756861,0,-14039.2756861,3.960773408042,6.3660227539278,6.3660227539278,0,0.1271,0.1271,0,0,0,1,81400,3.960773408042,6.3660227539278,6.3660227539278,0.1271,0.1271,0.1,0.1,0.15104588945816,0.16745490668682,0.13417612091382,-13938.2756861,2.877645885236,1.3868206389495,619.72443071128,678.95548492245,674.8741430079,668.29992071845,983.56460730783,927.50949749632,835.741946658,0,0,0,0,0,0,0.333672612,0.369921461,0.296405926,0.15104588945816,0.16745490668682,0.13417612091382,2771999790,101,0.12710006420925

